,Term,P-value,Adjusted P-value,Overlap,Combined Score,Genes,Genes Ratio,Genes Number,CellType
0,Cytokine Signaling in Immune System,7.782597286133896e-10,6.397294969202064e-07,38/776,73.06701080806312,CD40;CIITA;ITGAM;TNFRSF13B;NLRC5;PIK3CD;IFIT3;ICAM1;RPS6KA5;ALOX5;GRAP2;CCL5;TNFRSF17;LGALS9;JAK3;MAP2K6;STAT5A;IL15RA;TGFB1;VCAM1;NUP210;MX2;IL16;HLA-A;HLA-F;IL17RB;FCER2;HCK;TEC;ZEB1;IL23A;IL7;TNFSF9;PSME2;CD27;CD44;TUBA8;BIRC3,0.10026385224274406,38,GM12878
1,Signaling by Interleukins,1.0624372179469674e-06,0.00031442675606815137,23/452,48.12888468934518,STAT5A;IL15RA;TGFB1;VCAM1;ITGAM;NLRC5;PIK3CD;IL16;IL17RB;ICAM1;FCER2;HCK;TEC;ZEB1;RPS6KA5;IL23A;IL7;ALOX5;CCL5;PSME2;LGALS9;JAK3;MAP2K6,0.06068601583113457,23,GM12878
2,Immune System,1.1475429053582167e-06,0.00031442675606815137,63/2150,28.489591272669937,CD40;CIITA;ITGAM;TNFRSF13B;CTSZ;CGAS;PIK3CD;ITGAL;IFIT3;SIRPB1;ICAM1;PSTPIP1;PNP;RPS6KA5;GRAP2;RAC2;CTSH;LGALS9;JAK3;ARSA;MYLIP;IL15RA;NUP210;IL16;HLA-A;HLA-F;UNC13D;IL17RB;FCER2;HCK;ZEB1;IL23A;PSME2;ALDOC;CD44;BIRC3;NLRC5;ITPR1;IQGAP2;ALOX5;CCL5;TNFRSF17;LONRF1;PAG1;SPTBN2;MAP2K6;STAT5A;TGFB1;VCAM1;MX2;FUCA1;RAB27A;PILRA;TEC;IL7;REL;SARM1;TNFSF9;CD27;ASB2;KBTBD8;CD22;TUBA8,0.1662269129287599,63,GM12878
3,Interleukin-4 and Interleukin-13 Signaling,7.594737857245687e-05,0.0156071862966398,9/112,52.51654654234549,FCER2;TGFB1;VCAM1;ITGAM;ZEB1;IL23A;ALOX5;JAK3;ICAM1,0.023746701846965697,9,GM12878
4,Interleukin-2 Family Signaling,0.0006432524015637938,0.0974299640721743,5/44,59.128321443525934,STAT5A;IL15RA;PIK3CD;LGALS9;JAK3,0.013192612137203167,5,GM12878
5,N-glycan Antennae Elongation in the Medial trans-Golgi,0.0007111676209647763,0.0974299640721743,4/26,82.51738461253231,MAN2A2;FUCA1;MGAT4A;MGAT3,0.010554089709762533,4,GM12878
6,"Interleukin-3, Interleukin-5 and GM-CSF Signaling",0.0009630564446204385,0.1118194563614101,5/48,50.67266580742862,STAT5A;HCK;TEC;PIK3CD;JAK3,0.013192612137203167,5,GM12878
7,TNFs Bind Their Physiological Receptors,0.0010882672151962,0.1118194563614101,4/29,68.34294234622142,TNFRSF13B;TNFRSF17;CD27;TNFSF9,0.010554089709762533,4,GM12878
8,Interleukin-15 Signaling,0.0012725729948198,0.1162283335268781,3/14,113.54193931084318,STAT5A;IL15RA;JAK3,0.0079155672823219,3,GM12878
9,TNFR2 Non-Canonical NF-kB Pathway,0.002802768848737,0.2303875993661833,6/88,27.015030611393335,CD40;TNFRSF13B;TNFRSF17;CD27;TNFSF9;BIRC3,0.0158311345646438,6,GM12878
10,RUNX3 Regulates Immune Response and Cell Migration,0.0036238588797207,0.2708010908300439,2/6,174.99146699804606,ITGAL;RUNX3,0.005277044854881266,2,GM12878
11,Interferon Gamma Signaling,0.0050151597248865,0.3169663751011193,6/99,21.449428449002124,CIITA;VCAM1;HLA-A;HLA-F;CD44;ICAM1,0.0158311345646438,6,GM12878
12,RUNX3 Regulates CDKN1A Transcription,0.0050202428073673,0.3169663751011193,2/7,131.8677064618939,TGFB1;RUNX3,0.005277044854881266,2,GM12878
13,Interferon Signaling,0.005398454077148,0.3169663751011193,11/280,13.502115884249791,CIITA;VCAM1;NUP210;MX2;HLA-A;HLA-F;IFIT3;CD44;ICAM1;MAP2K6;TUBA8,0.029023746701846966,11,GM12878
14,G Beta Gamma Signalling Through PI3Kgamma,0.0070671694130317,0.3417184269124751,3/25,42.148105852655966,GNG7;PIK3R6;PIK3R5,0.0079155672823219,3,GM12878
15,Interleukin-7 Signaling,0.0070671694130317,0.3417184269124751,3/25,42.148105852655966,STAT5A;IL7;JAK3,0.0079155672823219,3,GM12878
16,Signaling by Erythropoietin,0.0070671694130317,0.3417184269124751,3/25,42.148105852655966,STAT5A;PIK3CD;PIK3R5,0.0079155672823219,3,GM12878
17,Interleukin-9 Signaling,0.0084270679020937,0.3848361008622811,2/9,84.96729486062732,STAT5A;JAK3,0.005277044854881266,2,GM12878
18,Synthesis of PIPs at the Plasma Membrane,0.0099632934815523,0.3894743766074622,4/53,23.524114066855343,PIK3CD;PIP5K1B;PIK3R6;PIK3R5,0.010554089709762533,4,GM12878
19,Interleukin-21 Signaling,0.0104238884250172,0.3894743766074622,2/10,71.03271462105859,STAT5A;JAK3,0.005277044854881266,2,GM12878
20,RUNX3 Regulates p14-ARF,0.0104238884250172,0.3894743766074622,2/10,71.03271462105859,TGFB1;RUNX3,0.005277044854881266,2,GM12878
21,Reactions Specific to the Complex N-glycan Synthesis Pathway,0.0104238884250172,0.3894743766074622,2/10,71.03271462105859,MAN2A2;FUCA1,0.005277044854881266,2,GM12878
22,Integrin Cell Surface Interactions,0.0114753138404791,0.4101177381249514,5/85,17.486632530848716,ITGAM;VCAM1;ITGAL;CD44;ICAM1,0.013192612137203167,5,GM12878
23,Signaling by CSF1 (M-CSF) in Myeloid Cells,0.0128788834106174,0.424365021135101,3/31,29.09437943942597,HCK;GRAP2;PIK3CD,0.0079155672823219,3,GM12878
24,DNA Strand Elongation,0.0140469951288676,0.424365021135101,3/32,27.52934653100353,POLD1;MCM5;DNA2,0.0079155672823219,3,GM12878
25,G-protein Beta Gamma Signalling,0.0140469951288676,0.424365021135101,3/32,27.52934653100353,GNG7;PIK3R6;PIK3R5,0.0079155672823219,3,GM12878
26,Endosomal Vacuolar Pathway,0.0149715153441823,0.424365021135101,2/12,52.312652204667245,HLA-A;HLA-F,0.005277044854881266,2,GM12878
27,Erythropoietin Activates Phosphoinositide-3-kinase (PI3K),0.0149715153441823,0.424365021135101,2/12,52.312652204667245,PIK3CD;PIK3R5,0.005277044854881266,2,GM12878
28,Interleukin-2 Signaling,0.0149715153441823,0.424365021135101,2/12,52.312652204667245,STAT5A;JAK3,0.005277044854881266,2,GM12878
29,GPVI-mediated Activation Cascade,0.017901799428422,0.4905093043387643,3/35,23.526512492156872,RAC2;PIK3R6;PIK3R5,0.0079155672823219,3,GM12878
30,Removal of the Flap Intermediate,0.0202158530832859,0.5360461688535816,2/14,40.47380718736837,POLD1;DNA2,0.005277044854881266,2,GM12878
31,Neutrophil Degranulation,0.0213636076830095,0.548777672357309,14/478,7.336035700062344,ARSA;ITGAM;FUCA1;CTSZ;RAB27A;IQGAP2;ITGAL;UNC13D;SIRPB1;PNP;ALOX5;CTSH;ALDOC;CD44,0.036939313984168866,14,GM12878
32,FLT3 Signaling,0.0222867883102057,0.5551436360905788,3/38,20.33537329446931,STAT5A;HCK;GRAP2,0.0079155672823219,3,GM12878
33,Processive Synthesis on the Lagging Strand,0.0230841325235157,0.558092851009704,2/15,36.08801664084221,POLD1;DNA2,0.005277044854881266,2,GM12878
34,Chromatin Modifications During the Maternal to Zygotic Transition (MZT),0.0238667264653807,0.5605271187012272,3/39,19.413522271765853,KDM6B;TET3;AICDA,0.0079155672823219,3,GM12878
35,Immunoregulatory Interactions Between a Lymphoid and a non-Lymphoid Cell,0.0266723348092586,0.5829008581265778,8/223,8.468225964531378,CD40;VCAM1;HLA-A;PILRA;HLA-F;ITGAL;CD22;ICAM1,0.021108179419525065,8,GM12878
36,Toll Like Receptor 3 (TLR3) Cascade,0.0271701815851651,0.5829008581265778,5/106,11.166599548953569,RPS6KA5;NLRC5;SARM1;MAP2K6;BIRC3,0.013192612137203167,5,GM12878
37,Removal of the Flap Intermediate From the C-strand,0.0292838865566498,0.5829008581265778,2/17,29.298999229704155,POLD1;DNA2,0.005277044854881266,2,GM12878
38,TNF Receptor Superfamily (TNFSF) Members Mediating Non-Canonical NF-kB Pathway,0.0292838865566498,0.5829008581265778,2/17,29.298999229704155,CD40;BIRC3,0.005277044854881266,2,GM12878
39,Transport to the Golgi and Subsequent Modification,0.0295656682102301,0.5829008581265778,7/186,8.63514256947765,MAN2A2;FUCA1;MGAT4A;CTSZ;MGAT3;SPTBN2;TUBA8,0.018469656992084433,7,GM12878
40,Signaling by SCF-KIT,0.0307766304971807,0.5829008581265778,3/43,16.27947492269408,STAT5A;TEC;GRAP2,0.0079155672823219,3,GM12878
41,Toll Like Receptor 4 (TLR4) Cascade,0.0311689921027876,0.5829008581265778,6/148,9.178114561829338,RPS6KA5;ITGAM;NLRC5;SARM1;MAP2K6;BIRC3,0.0158311345646438,6,GM12878
42,MyD88-independent TLR4 Cascade,0.0312015057877973,0.5829008581265778,5/110,10.326961089860085,RPS6KA5;NLRC5;SARM1;MAP2K6;BIRC3,0.013192612137203167,5,GM12878
43,TRIF (TICAM1)-mediated TLR4 Signaling,0.0312015057877973,0.5829008581265778,5/110,10.326961089860085,RPS6KA5;NLRC5;SARM1;MAP2K6;BIRC3,0.013192612137203167,5,GM12878
44,Pre-NOTCH Processing in Golgi,0.0326041767270033,0.5834571205899107,2/18,26.630898100375234,ATP2A3;ST3GAL6,0.005277044854881266,2,GM12878
45,Intra-Golgi Traffic,0.0326508850938392,0.5834571205899107,3/44,15.611895514894604,CYTH4;MAN2A2;CYTH1,0.0079155672823219,3,GM12878
46,Interferon Alpha Beta Signaling,0.0357530017769113,0.6135453024818339,4/78,11.244038819234856,MX2;HLA-A;HLA-F;IFIT3,0.010554089709762533,4,GM12878
47,Processive Synthesis on the C-strand of the Telomere,0.0360641822986804,0.6135453024818339,2/19,24.32467582707884,POLD1;DNA2,0.005277044854881266,2,GM12878
48,Interleukin-10 Signaling,0.036573868396119,0.6135453024818339,3/46,14.390716579713448,FCER2;CCL5;ICAM1,0.0079155672823219,3,GM12878
49,Lagging Strand Synthesis,0.0396586510366199,0.6392041402372859,2/20,22.315225555662728,POLD1;DNA2,0.005277044854881266,2,GM12878
50,Vitamin B5 (Pantothenate) Metabolism,0.0396586510366199,0.6392041402372859,2/20,22.315225555662728,SLC25A42;PPCDC,0.005277044854881266,2,GM12878
51,G Alpha (Z) Signalling Events,0.0407273193738667,0.6438049331792017,3/48,13.302690516262995,PRKCH;GNG7;ADCY7,0.0079155672823219,3,GM12878
52,Innate Immune System,0.0448574575758703,0.6591272656199904,26/1149,4.567979644582157,ITGAM;CTSZ;NLRC5;ITPR1;CGAS;IQGAP2;ITGAL;SIRPB1;PSTPIP1;PNP;RPS6KA5;ALOX5;GRAP2;RAC2;CTSH;MAP2K6;ARSA;FUCA1;RAB27A;UNC13D;HCK;TEC;SARM1;ALDOC;CD44;BIRC3,0.06860158311345646,26,GM12878
53,PI Metabolism,0.0449738125116206,0.6591272656199904,4/84,9.68137443384611,PIK3CD;PIP5K1B;PIK3R6;PIK3R5,0.010554089709762533,4,GM12878
54,Intra-Golgi and Retrograde Golgi-to-ER Traffic,0.0450496539254901,0.6591272656199904,7/204,6.901319354764088,CYTH4;MAN2A2;KIF21A;NAA38;AGPAT3;CYTH1;TUBA8,0.018469656992084433,7,GM12878
55,GPCR Downstream Signalling,0.046826756315846,0.6591272656199904,16/633,5.011533652580453,PRKCH;GIPR;GPR65;ITPR1;ADCY7;PIK3R6;FGD2;PIK3R5;PREX1;GPR132;GNG7;CCL5;PDE7A;S1PR4;PDE8A;RGS6,0.04221635883905013,16,GM12878
56,Regulation of Signaling by CBL,0.0472306201108899,0.6591272656199904,2/22,18.99444315275184,HCK;PIK3CD,0.005277044854881266,2,GM12878
57,Extension of Telomeres,0.047382727679625,0.6591272656199904,3/51,11.87972899670952,PIF1;POLD1;DNA2,0.0079155672823219,3,GM12878
58,IKK Complex Recruitment Mediated by RIP1,0.0511982586548828,0.6591272656199904,2/23,17.611051927432346,SARM1;BIRC3,0.005277044854881266,2,GM12878
59,Phospholipid Metabolism,0.0522561095284366,0.6591272656199904,7/211,6.343210460758488,PIK3CD;PIP5K1B;PLAAT2;PIK3R6;AGPAT3;MFSD2A;PIK3R5,0.018469656992084433,7,GM12878
60,Adaptive Immune System,0.0550202620381706,0.6591272656199904,20/854,4.398645911626305,MYLIP;CD40;VCAM1;ITPR1;PIK3CD;HLA-A;PILRA;HLA-F;ITGAL;ICAM1;GRAP2;REL;CTSH;ASB2;LONRF1;KBTBD8;CD22;PAG1;SPTBN2;TUBA8,0.052770448548812667,20,GM12878
61,Impaired BRCA2 Binding to PALB2,0.0552806313299116,0.6591272656199904,2/24,16.37578839735541,RAD51C;DNA2,0.005277044854881266,2,GM12878
62,Asparagine N-linked Glycosylation,0.0567195636857837,0.6591272656199904,9/306,5.4553197596691945,MAN2A2;FCSK;FUCA1;MGAT4A;CTSZ;MGAT3;ST3GAL6;SPTBN2;TUBA8,0.023746701846965697,9,GM12878
63,"Platelet Activation, Signaling and Aggregation",0.0588616890914391,0.6591272656199904,8/262,5.591167864682865,APBB1IP;PRKCH;TGFB1;GNG7;RAC2;ITPR1;PIK3R6;PIK3R5,0.021108179419525065,8,GM12878
64,Defective HDR Through Homologous Recombination Repair Due to PALB2 Loss of BRCA1 Binding Function,0.0594731122227054,0.6591272656199904,2/25,15.267539493928824,RAD51C;DNA2,0.005277044854881266,2,GM12878
65,Defective HDR Through Homologous Recomb Repair Due to PALB2 Loss of BRCA2 RAD51 RAD51C Binding Fnc,0.0594731122227054,0.6591272656199904,2/25,15.267539493928824,RAD51C;DNA2,0.005277044854881266,2,GM12878
66,Defective Homologous Recombination Repair (HRR) Due to BRCA1 Loss of Function,0.0594731122227054,0.6591272656199904,2/25,15.267539493928824,RAD51C;DNA2,0.005277044854881266,2,GM12878
67,Defective Homologous Recombination Repair (HRR) Due to PALB2 Loss of Function,0.0594731122227054,0.6591272656199904,2/25,15.267539493928824,RAD51C;DNA2,0.005277044854881266,2,GM12878
68,Inactivation of CSF3 (G-CSF) Signaling,0.0594731122227054,0.6591272656199904,2/25,15.267539493928824,STAT5A;HCK,0.005277044854881266,2,GM12878
69,Signaling by GPCR,0.0596531843500905,0.6591272656199904,17/706,4.389184657178549,PRKCH;GIPR;GPR65;ITPR1;ADCY7;PIK3R6;FGD2;PIK3R5;PREX1;GPR132;GNG7;CCL5;CCRL2;PDE7A;S1PR4;PDE8A;RGS6,0.044854881266490766,17,GM12878
70,Toll-like Receptor Cascades,0.0598917666453231,0.6591272656199904,6/174,6.288476374684775,RPS6KA5;ITGAM;NLRC5;SARM1;MAP2K6;BIRC3,0.0158311345646438,6,GM12878
71,Endogenous Sterols,0.0637711927067054,0.6591272656199904,2/26,14.268917494918057,CYP7B1;CYP19A1,0.005277044854881266,2,GM12878
72,Interleukin-20 Family Signaling,0.0637711927067054,0.6591272656199904,2/26,14.268917494918057,STAT5A;JAK3,0.005277044854881266,2,GM12878
73,Effects of PIP2 Hydrolysis,0.0681704788689807,0.6591272656199904,2/27,13.365484380148851,PRKCH;ITPR1,0.005277044854881266,2,GM12878
74,Interleukin Receptor SHC Signaling,0.0681704788689807,0.6591272656199904,2/27,13.365484380148851,PIK3CD;JAK3,0.005277044854881266,2,GM12878
75,Resolution of D-loop Structures Through Synthesis-Dependent Strand Annealing (SDSA),0.0681704788689807,0.6591272656199904,2/27,13.365484380148851,RAD51C;DNA2,0.005277044854881266,2,GM12878
76,Platelet Calcium Homeostasis,0.0726666890860026,0.6591272656199904,2/28,12.545160635643697,ATP2A3;ITPR1,0.005277044854881266,2,GM12878
77,TRP Channels,0.0726666890860026,0.6591272656199904,2/28,12.545160635643697,TRPV3;MCOLN2,0.005277044854881266,2,GM12878
78,"Nucleotide-binding Domain, Leucine Rich Repeat Containing Receptor (NLR) Signaling Pathways",0.0730846514615882,0.6591272656199904,3/61,8.430060843569509,PSTPIP1;BIRC3;MAP2K6,0.0079155672823219,3,GM12878
79,Biosynthesis of E-series 18(S)-resolvins,0.0770189524015002,0.6591272656199904,1/5,39.78593252236256,ALOX5,0.002638522427440633,1,GM12878
80,H139Hfs13* PPM1K Causes a Mild Variant of MSUD,0.0770189524015002,0.6591272656199904,1/5,39.78593252236256,PPM1K,0.002638522427440633,1,GM12878
81,IRS Activation,0.0770189524015002,0.6591272656199904,1/5,39.78593252236256,INSR,0.002638522427440633,1,GM12878
82,Maple Syrup Urine Disease,0.0770189524015002,0.6591272656199904,1/5,39.78593252236256,PPM1K,0.002638522427440633,1,GM12878
83,NR1H2 & NR1H3 Regulate Gene Expression to Limit Cholesterol Uptake,0.0770189524015002,0.6591272656199904,1/5,39.78593252236256,MYLIP,0.002638522427440633,1,GM12878
84,RUNX3 Regulates BCL2L11 (BIM) Transcription,0.0770189524015002,0.6591272656199904,1/5,39.78593252236256,RUNX3,0.002638522427440633,1,GM12878
85,Signaling by MST1,0.0770189524015002,0.6591272656199904,1/5,39.78593252236256,SPINT2,0.002638522427440633,1,GM12878
86,Toxicity of Botulinum Toxin Type E (botE),0.0770189524015002,0.6591272656199904,1/5,39.78593252236256,SV2B,0.002638522427440633,1,GM12878
87,G1 S-Specific Transcription,0.0772556514879218,0.6591272656199904,2/29,11.797769573988912,ORC1;E2F5,0.005277044854881266,2,GM12878
88,The Role of Nef in HIV-1 Replication and Disease Pathogenesis,0.0772556514879218,0.6591272656199904,2/29,11.797769573988912,HCK;HLA-A,0.005277044854881266,2,GM12878
89,Activation of Kainate Receptors Upon Glutamate Binding,0.0819333016662375,0.6591272656199904,2/30,11.11468244222567,GNG7;NCALD,0.005277044854881266,2,GM12878
90,Regulation of TP53 Activity Through Acetylation,0.0819333016662375,0.6591272656199904,2/30,11.11468244222567,CHD3;MAP2K6,0.005277044854881266,2,GM12878
91,Signaling by CSF3 (G-CSF),0.0819333016662375,0.6591272656199904,2/30,11.11468244222567,STAT5A;HCK,0.005277044854881266,2,GM12878
92,"Antigen Presentation Folding, Assembly and Peptide Loading of Class I MHC",0.0866956802528612,0.6591272656199904,2/31,10.488539401284,HLA-A;HLA-F,0.005277044854881266,2,GM12878
93,RHO GTPases Activate IQGAPs,0.0866956802528612,0.6591272656199904,2/31,10.488539401284,IQGAP2;TUBA8,0.005277044854881266,2,GM12878
94,RHOA GTPase Cycle,0.0896706943313365,0.6591272656199904,5/149,5.226976949118966,PREX1;ARHGDIB;ARHGAP19;FLOT2;GMIP,0.013192612137203167,5,GM12878
95,Nuclear Signaling by ERBB4,0.0915389306617162,0.6591272656199904,2/32,9.913028199882143,STAT5A;ADAP1,0.005277044854881266,2,GM12878
96,Regulation of Necroptotic Cell Death,0.0915389306617162,0.6591272656199904,2/32,9.913028199882143,FLOT2;BIRC3,0.005277044854881266,2,GM12878
97,S Phase,0.0916259178282299,0.6591272656199904,5/150,5.144236311773836,ORC1;POLD1;MCM5;DNA2;E2F5,0.013192612137203167,5,GM12878
98,Acrosome Reaction and Sperm Oocyte Membrane Binding,0.0916979944934551,0.6591272656199904,1/6,29.661429725168077,IZUMO4,0.002638522427440633,1,GM12878
99,Biosynthesis of EPA-derived SPMs,0.0916979944934551,0.6591272656199904,1/6,29.661429725168077,ALOX5,0.002638522427440633,1,GM12878
100,Biosynthesis of Lipoxins (LX),0.0916979944934551,0.6591272656199904,1/6,29.661429725168077,ALOX5,0.002638522427440633,1,GM12878
101,Estrogen Biosynthesis,0.0916979944934551,0.6591272656199904,1/6,29.661429725168077,CYP19A1,0.002638522427440633,1,GM12878
102,FLT3 Signaling Through SRC Family Kinases,0.0916979944934551,0.6591272656199904,1/6,29.661429725168077,HCK,0.002638522427440633,1,GM12878
103,GDP-fucose Biosynthesis,0.0916979944934551,0.6591272656199904,1/6,29.661429725168077,FCSK,0.002638522427440633,1,GM12878
104,MET Receptor Activation,0.0916979944934551,0.6591272656199904,1/6,29.661429725168077,SPINT2,0.002638522427440633,1,GM12878
105,RUNX1 Regulates Transcription of Genes Involved in BCR Signaling,0.0916979944934551,0.6591272656199904,1/6,29.661429725168077,PAX5,0.002638522427440633,1,GM12878
106,SMAD2 3 Phosphorylation Motif Mutants in Cancer,0.0916979944934551,0.6591272656199904,1/6,29.661429725168077,TGFB1,0.002638522427440633,1,GM12878
107,TGFBR1 KD Mutants in Cancer,0.0916979944934551,0.6591272656199904,1/6,29.661429725168077,TGFB1,0.002638522427440633,1,GM12878
108,Toxicity of Botulinum Toxin Type D (botD),0.0916979944934551,0.6591272656199904,1/6,29.661429725168077,SV2B,0.002638522427440633,1,GM12878
109,Toxicity of Botulinum Toxin Type F (botF),0.0916979944934551,0.6591272656199904,1/6,29.661429725168077,SV2B,0.002638522427440633,1,GM12878
110,Synthesis of DNA,0.0936828298540774,0.6591272656199904,4/108,5.678292310255499,ORC1;POLD1;MCM5;DNA2,0.010554089709762533,4,GM12878
111,Activation of the Pre-Replicative Complex,0.0964592968439505,0.6591272656199904,2/33,9.382707178414478,ORC1;MCM5,0.005277044854881266,2,GM12878
112,Glucagon Signaling in Metabolic Regulation,0.0964592968439505,0.6591272656199904,2/33,9.382707178414478,GNG7;ADCY7,0.005277044854881266,2,GM12878
113,Glucagon-type Ligand Receptors,0.0964592968439505,0.6591272656199904,2/33,9.382707178414478,GIPR;GNG7,0.005277044854881266,2,GM12878
114,HDR Through Homologous Recombination (HRR),0.0972173271093567,0.6591272656199904,3/69,6.5975608646413235,RAD51C;POLD1;DNA2,0.0079155672823219,3,GM12878
115,High Laminar Flow Shear Stress Activates Signaling by PIEZO1 and PECAM1 CDH5 KDR in Endothelial Cell,0.0972173271093567,0.6591272656199904,3/69,6.5975608646413235,GNG7;PIK3CD;ADCY7,0.0079155672823219,3,GM12878
116,"PI5P, PP2A and IER3 Regulate PI3K AKT Signaling",0.1010298554535851,0.6591272656199904,4/111,5.342287038791978,INSR;RAC2;PIK3CD;PIP5K1B,0.010554089709762533,4,GM12878
117,Metabolic Disorders of Biological Oxidation Enzymes,0.1014531210516743,0.6591272656199904,2/34,8.892862642001237,CYP7B1;CYP19A1,0.005277044854881266,2,GM12878
118,RIPK1-mediated Regulated Necrosis,0.1014531210516743,0.6591272656199904,2/34,8.892862642001237,FLOT2;BIRC3,0.005277044854881266,2,GM12878
119,Telomere C-strand (Lagging Strand) Synthesis,0.1014531210516743,0.6591272656199904,2/34,8.892862642001237,POLD1;DNA2,0.005277044854881266,2,GM12878
120,CDC42 GTPase Cycle,0.1017279769495929,0.6591272656199904,5/155,4.753936789126044,PREX1;ARHGDIB;IQGAP2;GMIP;FGD2,0.013192612137203167,5,GM12878
121,CREB Phosphorylation,0.1061443061777736,0.6591272656199904,1/7,23.203152984412853,RPS6KA5,0.002638522427440633,1,GM12878
122,Coenzyme A Biosynthesis,0.1061443061777736,0.6591272656199904,1/7,23.203152984412853,PPCDC,0.002638522427440633,1,GM12878
123,Erythropoietin Activates STAT5,0.1061443061777736,0.6591272656199904,1/7,23.203152984412853,STAT5A,0.002638522427440633,1,GM12878
124,Glycine Degradation,0.1061443061777736,0.6591272656199904,1/7,23.203152984412853,GLDC,0.002638522427440633,1,GM12878
125,Loss of Function of SMAD2 3 in Cancer,0.1061443061777736,0.6591272656199904,1/7,23.203152984412853,TGFB1,0.002638522427440633,1,GM12878
126,Loss of Function of TGFBR1 in Cancer,0.1061443061777736,0.6591272656199904,1/7,23.203152984412853,TGFB1,0.002638522427440633,1,GM12878
127,STAT5 Activation,0.1061443061777736,0.6591272656199904,1/7,23.203152984412853,STAT5A,0.002638522427440633,1,GM12878
128,Nuclear Events Stimulated by ALK Signaling in Cancer,0.1065168417487788,0.6591272656199904,2/35,8.439393104347115,STAT5A;BCL2A1,0.005277044854881266,2,GM12878
129,Resolution of D-loop Structures Through Holliday Junction Intermediates,0.1065168417487788,0.6591272656199904,2/35,8.439393104347115,RAD51C;DNA2,0.005277044854881266,2,GM12878
130,Interleukin-17 Signaling,0.1069999218326345,0.6591272656199904,3/72,6.050190018548731,RPS6KA5;IL17RB;MAP2K6,0.0079155672823219,3,GM12878
131,G Alpha (S) Signalling Events,0.1080452886767671,0.6591272656199904,5/158,4.5371614089098,GIPR;GNG7;PDE7A;PDE8A;ADCY7,0.013192612137203167,5,GM12878
132,Resolution of D-Loop Structures,0.111646991346729,0.6591272656199904,2/36,8.018714724778611,RAD51C;DNA2,0.005277044854881266,2,GM12878
133,RHOG GTPase Cycle,0.1137263354387147,0.6591272656199904,3/74,5.718784052022403,PREX1;ARHGDIB;IQGAP2,0.0079155672823219,3,GM12878
134,Activation of ATR in Response to Replication Stress,0.1168401943322627,0.6591272656199904,2/37,7.627683557288255,ORC1;MCM5,0.005277044854881266,2,GM12878
135,NOD1 2 Signaling Pathway,0.1168401943322627,0.6591272656199904,2/37,7.627683557288255,MAP2K6;BIRC3,0.005277044854881266,2,GM12878
136,Negative Regulation of the PI3K AKT Network,0.1191603010440127,0.6591272656199904,4/118,4.651550464321666,INSR;RAC2;PIK3CD;PIP5K1B,0.010554089709762533,4,GM12878
137,Binding of TCF LEF CTNNB1 to Target Gene Promoters,0.1203615652783329,0.6591272656199904,1/8,18.772867311588463,RUNX3,0.002638522427440633,1,GM12878
138,Biosynthesis of Maresins,0.1203615652783329,0.6591272656199904,1/8,18.772867311588463,ALOX5,0.002638522427440633,1,GM12878
139,CDC6 Association With the ORC Origin Complex,0.1203615652783329,0.6591272656199904,1/8,18.772867311588463,ORC1,0.002638522427440633,1,GM12878
140,Insulin-like Growth Factor-2 mRNA Binding Proteins (IGF2BPs IMPs VICKZs) Bind RNA,0.1203615652783329,0.6591272656199904,1/8,18.772867311588463,CD44,0.002638522427440633,1,GM12878
141,Interleukin-18 Signaling,0.1203615652783329,0.6591272656199904,1/8,18.772867311588463,ALOX5,0.002638522427440633,1,GM12878
142,RUNX3 Regulates WNT Signaling,0.1203615652783329,0.6591272656199904,1/8,18.772867311588463,RUNX3,0.002638522427440633,1,GM12878
143,RUNX3 Regulates YAP1-mediated Transcription,0.1203615652783329,0.6591272656199904,1/8,18.772867311588463,RUNX3,0.002638522427440633,1,GM12878
144,Regulation of Gene Expression in Early Pancreatic Precursor Cells,0.1203615652783329,0.6591272656199904,1/8,18.772867311588463,HNF1B,0.002638522427440633,1,GM12878
145,Sema4D Mediated Inhibition of Cell Attachment and Migration,0.1203615652783329,0.6591272656199904,1/8,18.772867311588463,SEMA4D,0.002638522427440633,1,GM12878
146,Signaling by TGF-beta Receptor Complex in Cancer,0.1203615652783329,0.6591272656199904,1/8,18.772867311588463,TGFB1,0.002638522427440633,1,GM12878
147,TGFBR3 Regulates TGF-beta Signaling,0.1203615652783329,0.6591272656199904,1/8,18.772867311588463,TGFB1,0.002638522427440633,1,GM12878
148,WNT Mediated Activation of DVL,0.1203615652783329,0.6591272656199904,1/8,18.772867311588463,PIP5K1B,0.002638522427440633,1,GM12878
149,Cooperation of PDCL (PhLP1) and TRiC CCT in G-protein Beta Folding,0.1220931650392148,0.6591272656199904,2/38,7.263531270322686,GNG7;RGS6,0.005277044854881266,2,GM12878
150,Signal Transduction,0.1229720940336845,0.6591272656199904,49/2613,2.5487555646553237,GPR65;ATP2A3;PIK3CD;SPINT2;CHD3;PREX1;GPR132;RPS6KA5;GRAP2;CCRL2;ARHGDIB;RAC2;FLOT2;JAK3;PDE8A;RGS6;MYLIP;PRKCH;NCOA3;GMIP;RUNX3;APBB1IP;FCER2;BIRC3;GIPR;ARHGAP19;ITPR1;IQGAP2;RASAL3;ADCY7;PIK3R6;FGD2;PIK3R5;GNG7;CCL5;ST3GAL6;PIP5K1B;E2F5;S1PR4;PAG1;SPTBN2;STAT5A;TGFB1;INSR;ADAP1;ARHGAP25;TEC;PDE7A;TUBA8,0.12928759894459102,49,GM12878
151,Presynaptic Phase of Homologous DNA Pairing and Strand Exchange,0.1327657049356639,0.6591272656199904,2/40,6.606356120383207,RAD51C;DNA2,0.005277044854881266,2,GM12878
152,Vpr-mediated Nuclear Import of PICs,0.1327657049356639,0.6591272656199904,2/40,6.606356120383207,NUP210;PSIP1,0.005277044854881266,2,GM12878
153,Atorvastatin ADME,0.1343533918412131,0.6591272656199904,1/9,15.572263456285429,SLCO2B1,0.002638522427440633,1,GM12878
154,Autointegration Results in Viral DNA Circles,0.1343533918412131,0.6591272656199904,1/9,15.572263456285429,PSIP1,0.002638522427440633,1,GM12878
155,Ca2+ Activated K+ Channels,0.1343533918412131,0.6591272656199904,1/9,15.572263456285429,KCNN4,0.002638522427440633,1,GM12878
156,E2F-enabled Inhibition of Pre-Replication Complex Formation,0.1343533918412131,0.6591272656199904,1/9,15.572263456285429,ORC1,0.002638522427440633,1,GM12878
157,Integration of Viral DNA Into Host Genomic DNA,0.1343533918412131,0.6591272656199904,1/9,15.572263456285429,PSIP1,0.002638522427440633,1,GM12878
158,Interleukin-23 Signaling,0.1343533918412131,0.6591272656199904,1/9,15.572263456285429,IL23A,0.002638522427440633,1,GM12878
159,Nef and Signal Transduction,0.1343533918412131,0.6591272656199904,1/9,15.572263456285429,HCK,0.002638522427440633,1,GM12878
160,PI5P Regulates TP53 Acetylation,0.1343533918412131,0.6591272656199904,1/9,15.572263456285429,MAP2K6,0.002638522427440633,1,GM12878
161,Synthesis of 5-Eicosatetraenoic Acids,0.1343533918412131,0.6591272656199904,1/9,15.572263456285429,ALOX5,0.002638522427440633,1,GM12878
162,Toxicity of Botulinum Toxin Type A (botA),0.1343533918412131,0.6591272656199904,1/9,15.572263456285429,SV2B,0.002638522427440633,1,GM12878
163,G Alpha (12 13) Signalling Events,0.1348149507991545,0.6591272656199904,3/80,4.859062696874307,PREX1;GNG7;FGD2,0.0079155672823219,3,GM12878
164,Membrane Trafficking,0.1350094679951624,0.6591272656199904,14/633,2.839933276760721,TPD52;RALGAPA2;CTSZ;RAB27A;AGPAT3;CYTH4;MAN2A2;KIF21A;NAA38;DENND6B;TBC1D10A;CYTH1;SPTBN2;TUBA8,0.036939313984168866,14,GM12878
165,DAG and IP3 Signaling,0.1381791348336221,0.6591272656199904,2/41,6.309235830320615,ITPR1;ADCY7,0.005277044854881266,2,GM12878
166,Defective Homologous Recombination Repair (HRR) Due to BRCA2 Loss of Function,0.1381791348336221,0.6591272656199904,2/41,6.309235830320615,RAD51C;DNA2,0.005277044854881266,2,GM12878
167,Diseases of DNA Double-Strand Break Repair,0.1381791348336221,0.6591272656199904,2/41,6.309235830320615,RAD51C;DNA2,0.005277044854881266,2,GM12878
168,Host Interactions of HIV Factors,0.1414569444880797,0.6591272656199904,4/126,3.99443076101854,HCK;NUP210;PSIP1;HLA-A,0.010554089709762533,4,GM12878
169,Glucagon-like Peptide-1 (GLP1) Regulates Insulin Secretion,0.1436400500821247,0.6591272656199904,2/42,6.030730378920685,GNG7;ITPR1,0.005277044854881266,2,GM12878
170,Zinc Influx Into Cells by the SLC39 Gene Family,0.1481233490467241,0.6591272656199904,1/10,13.168497411540082,SLC39A8,0.002638522427440633,1,GM12878
171,mRNA Editing,0.1481233490467241,0.6591272656199904,1/10,13.168497411540082,ADARB1,0.002638522427440633,1,GM12878
172,Activation of Ca-permeable Kainate Receptor,0.1481233490467241,0.6591272656199904,1/10,13.168497411540082,NCALD,0.002638522427440633,1,GM12878
173,Adenylate Cyclase Activating Pathway,0.1481233490467241,0.6591272656199904,1/10,13.168497411540082,ADCY7,0.002638522427440633,1,GM12878
174,Caspase Activation via Dependence Receptors in the Absence of Ligand,0.1481233490467241,0.6591272656199904,1/10,13.168497411540082,DAPK1,0.002638522427440633,1,GM12878
175,Ionotropic Activity of Kainate Receptors,0.1481233490467241,0.6591272656199904,1/10,13.168497411540082,NCALD,0.002638522427440633,1,GM12878
176,Neurotransmitter Clearance,0.1481233490467241,0.6591272656199904,1/10,13.168497411540082,SLC6A4,0.002638522427440633,1,GM12878
177,STAT5 Activation Downstream of FLT3 ITD Mutants,0.1481233490467241,0.6591272656199904,1/10,13.168497411540082,STAT5A,0.002638522427440633,1,GM12878
178,Signal Attenuation,0.1481233490467241,0.6591272656199904,1/10,13.168497411540082,INSR,0.002638522427440633,1,GM12878
179,"Tetrahydrobiopterin (BH4) Synthesis, Recycling, Salvage and Regulation",0.1481233490467241,0.6591272656199904,1/10,13.168497411540082,GCH1,0.002638522427440633,1,GM12878
180,ADORA2B Mediated Anti-Inflammatory Cytokines Production,0.1491455856512387,0.6591272656199904,2/43,5.769300784844262,GNG7;ADCY7,0.005277044854881266,2,GM12878
181,Activation of GABAB Receptors,0.1491455856512387,0.6591272656199904,2/43,5.769300784844262,GNG7;ADCY7,0.005277044854881266,2,GM12878
182,GABA B Receptor Activation,0.1491455856512387,0.6591272656199904,2/43,5.769300784844262,GNG7;ADCY7,0.005277044854881266,2,GM12878
183,Homologous DNA Pairing and Strand Exchange,0.1491455856512387,0.6591272656199904,2/43,5.769300784844262,RAD51C;DNA2,0.005277044854881266,2,GM12878
184,Interactions of Vpr With Host Cellular Proteins,0.1491455856512387,0.6591272656199904,2/43,5.769300784844262,NUP210;PSIP1,0.005277044854881266,2,GM12878
185,Vasopressin Regulates Renal Water Homeostasis via Aquaporins,0.1491455856512387,0.6591272656199904,2/43,5.769300784844262,GNG7;ADCY7,0.005277044854881266,2,GM12878
186,Uptake and Actions of Bacterial Toxins,0.1546929551152739,0.6678231352391932,2/44,5.5235666857841474,SV2B;MAP2K6,0.005277044854881266,2,GM12878
187,Transcriptional Regulation by RUNX3,0.157126220401928,0.6678231352391932,3/86,4.162017654233905,TGFB1;ITGAL;RUNX3,0.0079155672823219,3,GM12878
188,Hemostasis,0.1584714838730337,0.6678231352391932,15/707,2.5026476467987826,PRKCH;TGFB1;ITGAM;ITPR1;ATP2A3;ITGAL;PIK3R6;PIK3R5;APBB1IP;RAD51C;GNG7;RAC2;KIF21A;CD44;TUBA8,0.0395778364116095,15,GM12878
189,DAP12 Interactions,0.1602794488054552,0.6678231352391932,2/45,5.29228682533772,GRAP2;SIRPB1,0.005277044854881266,2,GM12878
190,GPER1 Signaling,0.1602794488054552,0.6678231352391932,2/45,5.29228682533772,GNG7;ADCY7,0.005277044854881266,2,GM12878
191,Regulation of RUNX3 Expression and Activity,0.1602794488054552,0.6678231352391932,2/45,5.29228682533772,TGFB1;RUNX3,0.005277044854881266,2,GM12878
192,Platelet Homeostasis,0.1609508382973659,0.6678231352391932,3/87,4.058822042924693,GNG7;ATP2A3;ITPR1,0.0079155672823219,3,GM12878
193,APOBEC3G Mediated Resistance to HIV-1 Infection,0.1616749439326027,0.6678231352391932,1/11,11.30778505863651,PSIP1,0.002638522427440633,1,GM12878
194,CLEC7A (Dectin-1) Induces NFAT Activation,0.1616749439326027,0.6678231352391932,1/11,11.30778505863651,ITPR1,0.002638522427440633,1,GM12878
195,Nef Mediated Downregulation of MHC Class I Complex Cell Surface Expression,0.1616749439326027,0.6678231352391932,1/11,11.30778505863651,HLA-A,0.002638522427440633,1,GM12878
196,Ribavirin ADME,0.1616749439326027,0.6678231352391932,1/11,11.30778505863651,PNP,0.002638522427440633,1,GM12878
197,Signaling by Leptin,0.1616749439326027,0.6678231352391932,1/11,11.30778505863651,STAT5A,0.002638522427440633,1,GM12878
198,Transport of Organic Anions,0.1616749439326027,0.6678231352391932,1/11,11.30778505863651,SLCO2B1,0.002638522427440633,1,GM12878
199,RAC1 GTPase Cycle,0.1701455828159164,0.6849932518671511,5/184,3.0826012155834386,PREX1;ARHGDIB;IQGAP2;GMIP;ARHGAP25,0.013192612137203167,5,GM12878
200,Heme Signaling,0.1715593441370156,0.6849932518671511,2/47,4.86872222112496,RAI1;CRTC3,0.005277044854881266,2,GM12878
201,Opioid Signalling,0.1725897567069155,0.6849932518671511,3/90,3.768498922068487,GNG7;ITPR1;ADCY7,0.0079155672823219,3,GM12878
202,Caspase-mediated Cleavage of Cytoskeletal Proteins,0.1750116283938956,0.6849932518671511,1/12,9.832131386668028,GAS2,0.002638522427440633,1,GM12878
203,Hyaluronan Uptake and Degradation,0.1750116283938956,0.6849932518671511,1/12,9.832131386668028,CD44,0.002638522427440633,1,GM12878
204,Maturation of Nucleoprotein 9683610,0.1750116283938956,0.6849932518671511,1/12,9.832131386668028,PARP8,0.002638522427440633,1,GM12878
205,NOTCH2 Intracellular Domain Regulates Transcription,0.1750116283938956,0.6849932518671511,1/12,9.832131386668028,FCER2,0.002638522427440633,1,GM12878
206,Reduction of Cytosolic Ca++ Levels,0.1750116283938956,0.6849932518671511,1/12,9.832131386668028,ATP2A3,0.002638522427440633,1,GM12878
207,Reversible Hydration of Carbon Dioxide,0.1750116283938956,0.6849932518671511,1/12,9.832131386668028,CA13,0.002638522427440633,1,GM12878
208,Unwinding of DNA,0.1750116283938956,0.6849932518671511,1/12,9.832131386668028,MCM5,0.002638522427440633,1,GM12878
209,Chaperonin-mediated Protein Folding,0.1765216467623797,0.6849932518671511,3/91,3.677716962644196,GNG7;RGS6;TUBA8,0.0079155672823219,3,GM12878
210,Recycling Pathway of L1,0.177247695206427,0.6849932518671511,2/48,4.67451113703032,RPS6KA5;TUBA8,0.005277044854881266,2,GM12878
211,Telomere Maintenance,0.18047828567919,0.6849932518671511,3/92,3.589732825085337,PIF1;POLD1;DNA2,0.0079155672823219,3,GM12878
212,PLC Beta Mediated Events,0.1829650661561932,0.6849932518671511,2/49,4.490878383950031,ITPR1;ADCY7,0.005277044854881266,2,GM12878
213,Cellular Responses to Mechanical Stimuli,0.1844588537092928,0.6849932518671511,3/93,3.5044362896227135,GNG7;PIK3CD;ADCY7,0.0079155672823219,3,GM12878
214,Response of Endothelial Cells to Shear Stress,0.1844588537092928,0.6849932518671511,3/93,3.5044362896227135,GNG7;PIK3CD;ADCY7,0.0079155672823219,3,GM12878
215,2-LTR Circle Formation,0.1881367999286997,0.6849932518671511,1/13,8.63838724430401,PSIP1,0.002638522427440633,1,GM12878
216,Cytosolic Iron-Sulfur Cluster Assembly,0.1881367999286997,0.6849932518671511,1/13,8.63838724430401,POLD1,0.002638522427440633,1,GM12878
217,Diseases of Branched-Chain Amino Acid Catabolism,0.1881367999286997,0.6849932518671511,1/13,8.63838724430401,PPM1K,0.002638522427440633,1,GM12878
218,Nephron Development,0.1881367999286997,0.6849932518671511,1/13,8.63838724430401,HNF1B,0.002638522427440633,1,GM12878
219,Purine Salvage,0.1881367999286997,0.6849932518671511,1/13,8.63838724430401,PNP,0.002638522427440633,1,GM12878
220,The Activation of Arylsulfatases,0.1881367999286997,0.6849932518671511,1/13,8.63838724430401,ARSA,0.002638522427440633,1,GM12878
221,Antigen Activates B Cell Receptor (BCR) Leading to Generation of Second Messengers,0.192488521197265,0.6849932518671511,3/95,3.341491765329625,ITPR1;PIK3CD;CD22,0.0079155672823219,3,GM12878
222,DNA Replication,0.1936025911670828,0.6849932518671511,4/143,2.9408041326992778,ORC1;POLD1;MCM5;DNA2,0.010554089709762533,4,GM12878
223,Diseases of DNA Repair,0.1944775315839855,0.6849932518671511,2/51,4.152393806185334,RAD51C;DNA2,0.005277044854881266,2,GM12878
224,Aquaporin-mediated Transport,0.2002681239856991,0.6849932518671511,2/52,3.9962257813468622,GNG7;ADCY7,0.005277044854881266,2,GM12878
225,COPI-independent Golgi-to-ER Retrograde Traffic,0.2002681239856991,0.6849932518671511,2/52,3.9962257813468622,AGPAT3;TUBA8,0.005277044854881266,2,GM12878
226,Protein Folding,0.2006041874830713,0.6849932518671511,3/97,3.188103840701603,GNG7;RGS6;TUBA8,0.0079155672823219,3,GM12878
227,Adenylate Cyclase Inhibitory Pathway,0.2010538025181905,0.6849932518671511,1/14,7.656556701277982,ADCY7,0.002638522427440633,1,GM12878
228,LGI-ADAM Interactions,0.2010538025181905,0.6849932518671511,1/14,7.656556701277982,ADAM22,0.002638522427440633,1,GM12878
229,Leading Strand Synthesis,0.2010538025181905,0.6849932518671511,1/14,7.656556701277982,POLD1,0.002638522427440633,1,GM12878
230,Lysosphingolipid and LPA Receptors,0.2010538025181905,0.6849932518671511,1/14,7.656556701277982,S1PR4,0.002638522427440633,1,GM12878
231,Mismatch Repair (MMR) Directed by MSH2 MSH3 (MutSbeta),0.2010538025181905,0.6849932518671511,1/14,7.656556701277982,POLD1,0.002638522427440633,1,GM12878
232,Mismatch Repair (MMR) Directed by MSH2 MSH6 (MutSalpha),0.2010538025181905,0.6849932518671511,1/14,7.656556701277982,POLD1,0.002638522427440633,1,GM12878
233,Polymerase Switching,0.2010538025181905,0.6849932518671511,1/14,7.656556701277982,POLD1,0.002638522427440633,1,GM12878
234,RUNX3 Regulates NOTCH Signaling,0.2010538025181905,0.6849932518671511,1/14,7.656556701277982,RUNX3,0.002638522427440633,1,GM12878
235,Synthesis of Bile Acids and Bile Salts via 27-Hydroxycholesterol,0.2010538025181905,0.6849932518671511,1/14,7.656556701277982,CYP7B1,0.002638522427440633,1,GM12878
236,TP53 Regulates Transcription of Genes Involved in G1 Cell Cycle Arrest,0.2010538025181905,0.6849932518671511,1/14,7.656556701277982,E2F8,0.002638522427440633,1,GM12878
237,Uptake and Function of Anthrax Toxins,0.2010538025181905,0.6849932518671511,1/14,7.656556701277982,MAP2K6,0.002638522427440633,1,GM12878
238,MyD88 Cascade Initiated on Plasma Membrane,0.2046922742711493,0.6849932518671511,3/98,3.1147699594438105,RPS6KA5;NLRC5;MAP2K6,0.0079155672823219,3,GM12878
239,Toll Like Receptor 10 (TLR10) Cascade,0.2046922742711493,0.6849932518671511,3/98,3.1147699594438105,RPS6KA5;NLRC5;MAP2K6,0.0079155672823219,3,GM12878
240,Toll Like Receptor 5 (TLR5) Cascade,0.2046922742711493,0.6849932518671511,3/98,3.1147699594438105,RPS6KA5;NLRC5;MAP2K6,0.0079155672823219,3,GM12878
241,G-protein Mediated Events,0.2119072548602472,0.6849932518671511,2/54,3.707161283906992,ITPR1;ADCY7,0.005277044854881266,2,GM12878
242,Ion Homeostasis,0.2119072548602472,0.6849932518671511,2/54,3.707161283906992,ATP2A3;ITPR1,0.005277044854881266,2,GM12878
243,Zinc Transporters,0.2137659274667535,0.6849932518671511,1/15,6.837593315591123,SLC39A8,0.002638522427440633,1,GM12878
244,p130Cas Linkage to MAPK Signaling for Integrins,0.2137659274667535,0.6849932518671511,1/15,6.837593315591123,APBB1IP,0.002638522427440633,1,GM12878
245,GRB2 SOS Provides Linkage to MAPK Signaling for Integrins,0.2137659274667535,0.6849932518671511,1/15,6.837593315591123,APBB1IP,0.002638522427440633,1,GM12878
246,Integration of Provirus,0.2137659274667535,0.6849932518671511,1/15,6.837593315591123,PSIP1,0.002638522427440633,1,GM12878
247,Mismatch Repair,0.2137659274667535,0.6849932518671511,1/15,6.837593315591123,POLD1,0.002638522427440633,1,GM12878
248,N-Glycan Antennae Elongation,0.2137659274667535,0.6849932518671511,1/15,6.837593315591123,MGAT4A,0.002638522427440633,1,GM12878
249,Prolactin Receptor Signaling,0.2137659274667535,0.6849932518671511,1/15,6.837593315591123,STAT5A,0.002638522427440633,1,GM12878
250,TRAF6 Mediated Induction of NFkB and MAP Kinases Upon TLR7 8 or 9 Activation,0.2212279933248885,0.6849932518671511,3/102,2.8419585544763692,RPS6KA5;NLRC5;MAP2K6,0.0079155672823219,3,GM12878
251,Interleukin-12 Family Signaling,0.2236100053502827,0.6849932518671511,2/56,3.44583157225271,IL23A;PSME2,0.005277044854881266,2,GM12878
252,Transcriptional Activation of Mitochondrial Biogenesis,0.2236100053502827,0.6849932518671511,2/56,3.44583157225271,CRTC3;IDH2,0.005277044854881266,2,GM12878
253,MyD88 Dependent Cascade Initiated on Endosome,0.2254039041133112,0.6849932518671511,3/103,2.778520484474668,RPS6KA5;NLRC5;MAP2K6,0.0079155672823219,3,GM12878
254,cGMP Effects,0.2262764141966719,0.6849932518671511,1/16,6.1461875475450185,ITPR1,0.002638522427440633,1,GM12878
255,Elevation of Cytosolic Ca2+ Levels,0.2262764141966719,0.6849932518671511,1/16,6.1461875475450185,ITPR1,0.002638522427440633,1,GM12878
256,Heme Degradation,0.2262764141966719,0.6849932518671511,1/16,6.1461875475450185,SLCO2B1,0.002638522427440633,1,GM12878
257,Maturation of Nucleoprotein 9694631,0.2262764141966719,0.6849932518671511,1/16,6.1461875475450185,PARP8,0.002638522427440633,1,GM12878
258,Regulation of Gene Expression in Late Stage (Branching Morphogenesis) Pancreatic Bud Precursor Cells,0.2262764141966719,0.6849932518671511,1/16,6.1461875475450185,HNF1B,0.002638522427440633,1,GM12878
259,STING Mediated Induction of Host Immune Responses,0.2262764141966719,0.6849932518671511,1/16,6.1461875475450185,CGAS,0.002638522427440633,1,GM12878
260,Signal Regulatory Protein Family Interactions,0.2262764141966719,0.6849932518671511,1/16,6.1461875475450185,SIRPB1,0.002638522427440633,1,GM12878
261,Signaling by FLT3 ITD and TKD Mutants,0.2262764141966719,0.6849932518671511,1/16,6.1461875475450185,STAT5A,0.002638522427440633,1,GM12878
262,TGF-beta Receptor Signaling in EMT (Epithelial to Mesenchymal Transition),0.2262764141966719,0.6849932518671511,1/16,6.1461875475450185,TGFB1,0.002638522427440633,1,GM12878
263,TRAF6-mediated Induction of TAK1 Complex Within TLR4 Complex,0.2262764141966719,0.6849932518671511,1/16,6.1461875475450185,SARM1,0.002638522427440633,1,GM12878
264,Transcription of E2F Targets Under Neg Control by P107 (RBL1) and P130 (RBL2) in Complex With HDAC1,0.2262764141966719,0.6849932518671511,1/16,6.1461875475450185,E2F5,0.002638522427440633,1,GM12878
265,VLDLR Internalisation and Degradation,0.2262764141966719,0.6849932518671511,1/16,6.1461875475450185,MYLIP,0.002638522427440633,1,GM12878
266,Chemokine Receptors Bind Chemokines,0.2294803460431771,0.6849932518671511,2/57,3.3244792856891836,CCL5;CCRL2,0.005277044854881266,2,GM12878
267,Orc1 Removal From Chromatin,0.2353608368014169,0.6849932518671511,2/58,3.208823199586503,ORC1;MCM5,0.005277044854881266,2,GM12878
268,SUMOylation of Chromatin Organization Proteins,0.2353608368014169,0.6849932518671511,2/58,3.208823199586503,NUP210;CHD3,0.005277044854881266,2,GM12878
269,Signaling by ERBB4,0.2353608368014169,0.6849932518671511,2/58,3.208823199586503,STAT5A;ADAP1,0.005277044854881266,2,GM12878
270,Biosynthesis of DHA-derived SPMs,0.2385884511413817,0.6849932518671511,1/17,5.5563242101419075,ALOX5,0.002638522427440633,1,GM12878
271,FOXO-mediated Transcription of Cell Cycle Genes,0.2385884511413817,0.6849932518671511,1/17,5.5563242101419075,BTG1,0.002638522427440633,1,GM12878
272,GAB1 Signalosome,0.2385884511413817,0.6849932518671511,1/17,5.5563242101419075,PAG1,0.002638522427440633,1,GM12878
273,Hyaluronan Metabolism,0.2385884511413817,0.6849932518671511,1/17,5.5563242101419075,CD44,0.002638522427440633,1,GM12878
274,Metabolism of Angiotensinogen to Angiotensins,0.2385884511413817,0.6849932518671511,1/17,5.5563242101419075,CTSZ,0.002638522427440633,1,GM12878
275,PKA Activation in Glucagon Signalling,0.2385884511413817,0.6849932518671511,1/17,5.5563242101419075,ADCY7,0.002638522427440633,1,GM12878
276,Purine Catabolism,0.2385884511413817,0.6849932518671511,1/17,5.5563242101419075,PNP,0.002638522427440633,1,GM12878
277,The NLRP3 Inflammasome,0.2385884511413817,0.6849932518671511,1/17,5.5563242101419075,PSTPIP1,0.002638522427440633,1,GM12878
278,NRAGE Signals Death Through JNK,0.241249677434371,0.6849932518671511,2/59,3.09851614901587,PREX1;FGD2,0.005277044854881266,2,GM12878
279,Toll Like Receptor 7 8 (TLR7 8) Cascade,0.2422528121146736,0.6849932518671511,3/107,2.541865202932107,RPS6KA5;NLRC5;MAP2K6,0.0079155672823219,3,GM12878
280,Antiviral Mechanism by IFN-stimulated Genes,0.2437551243011044,0.6849932518671511,4/158,2.280217711130418,NUP210;MX2;MAP2K6;TUBA8,0.010554089709762533,4,GM12878
281,Integration of Energy Metabolism,0.2464976690070657,0.6849932518671511,3/108,2.4866833993897575,GNG7;ITPR1;ADCY7,0.0079155672823219,3,GM12878
282,GABA Receptor Activation,0.2471451219098231,0.6849932518671511,2/60,2.993237277928802,GNG7;ADCY7,0.005277044854881266,2,GM12878
283,Anti-inflammatory Response Favouring Leishmania Parasite Infection,0.2472018915815282,0.6849932518671511,4/159,2.2428565378770573,HCK;GNG7;ITPR1;ADCY7,0.010554089709762533,4,GM12878
284,Leishmania Parasite Growth and Survival,0.2472018915815282,0.6849932518671511,4/159,2.2428565378770573,HCK;GNG7;ITPR1;ADCY7,0.010554089709762533,4,GM12878
285,Regulation of TP53 Activity,0.2506593459885695,0.6849932518671511,4/160,2.206218677640643,TAF4B;DNA2;CHD3;MAP2K6,0.010554089709762533,4,GM12878
286,"Activation of IRF3, IRF7 Mediated by TBK1, IKK? (IKBKE)",0.2507051763859116,0.6849932518671511,1/18,5.048448231807407,SARM1,0.002638522427440633,1,GM12878
287,G Beta Gamma Signalling Through BTK,0.2507051763859116,0.6849932518671511,1/18,5.048448231807407,GNG7,0.002638522427440633,1,GM12878
288,Lewis Blood Group Biosynthesis,0.2507051763859116,0.6849932518671511,1/18,5.048448231807407,ST3GAL6,0.002638522427440633,1,GM12878
289,PKA Activation,0.2507051763859116,0.6849932518671511,1/18,5.048448231807407,ADCY7,0.002638522427440633,1,GM12878
290,Prevention of Phagosomal-Lysosomal Fusion,0.2507051763859116,0.6849932518671511,1/18,5.048448231807407,CORO1A,0.002638522427440633,1,GM12878
291,Regulation of NF-kappa B Signaling,0.2507051763859116,0.6849932518671511,1/18,5.048448231807407,NLRC5,0.002638522427440633,1,GM12878
292,Signaling by Cytosolic FGFR1 Fusion Mutants,0.2507051763859116,0.6849932518671511,1/18,5.048448231807407,STAT5A,0.002638522427440633,1,GM12878
293,Synthesis of Glycosylphosphatidylinositol (GPI),0.2507051763859116,0.6849932518671511,1/18,5.048448231807407,PIGB,0.002638522427440633,1,GM12878
294,Maternal to Zygotic Transition (MZT),0.2507541298066718,0.6849932518671511,3/109,2.432986156245037,KDM6B;TET3;AICDA,0.0079155672823219,3,GM12878
295,Intracellular Signaling by Second Messengers,0.2509683813609,0.6849932518671511,7/321,1.919267021355003,INSR;RAC2;ITPR1;PIK3CD;PIP5K1B;CHD3;ADCY7,0.018469656992084433,7,GM12878
296,Regulated Necrosis,0.2530454774199891,0.6849932518671511,2/61,2.892689651676966,FLOT2;BIRC3,0.005277044854881266,2,GM12878
297,Adipogenesis,0.2550214841579941,0.6849932518671511,3/110,2.3807233230085108,TGFB1;NCOA3;CHD3,0.0079155672823219,3,GM12878
298,FCERI Mediated Ca+2 Mobilization,0.2550214841579941,0.6849932518671511,3/110,2.3807233230085108,TEC;GRAP2;ITPR1,0.0079155672823219,3,GM12878
299,Toll Like Receptor 9 (TLR9) Cascade,0.2550214841579941,0.6849932518671511,3/110,2.3807233230085108,RPS6KA5;NLRC5;MAP2K6,0.0079155672823219,3,GM12878
300,Signaling by the B Cell Receptor (BCR),0.2576047718497173,0.6849932518671511,4/162,2.135044966795816,ITPR1;REL;PIK3CD;CD22,0.010554089709762533,4,GM12878
301,Kinesins,0.258949102918924,0.6849932518671511,2/62,2.7965981256066907,KIF21A;TUBA8,0.005277044854881266,2,GM12878
302,Biosynthesis of Specialized Proresolving Mediators (SPMs),0.2626296786224765,0.6849932518671511,1/19,4.607600883312026,ALOX5,0.002638522427440633,1,GM12878
303,Glyoxylate Metabolism and Glycine Degradation,0.2626296786224765,0.6849932518671511,1/19,4.607600883312026,GLDC,0.002638522427440633,1,GM12878
304,Microtubule-dependent Trafficking of Connexons From Golgi to the Plasma Membrane,0.2626296786224765,0.6849932518671511,1/19,4.607600883312026,TUBA8,0.002638522427440633,1,GM12878
305,Nicotinamide Salvaging,0.2626296786224765,0.6849932518671511,1/19,4.607600883312026,PARP8,0.002638522427440633,1,GM12878
306,Other Semaphorin Interactions,0.2626296786224765,0.6849932518671511,1/19,4.607600883312026,SEMA4D,0.002638522427440633,1,GM12878
307,Prostacyclin Signalling Through Prostacyclin Receptor,0.2626296786224765,0.6849932518671511,1/19,4.607600883312026,GNG7,0.002638522427440633,1,GM12878
308,Regulation of MITF-M-dependent Genes Involved in Apoptosis,0.2626296786224765,0.6849932518671511,1/19,4.607600883312026,BCL2A1,0.002638522427440633,1,GM12878
309,Signaling by FLT3 Fusion Proteins,0.2626296786224765,0.6849932518671511,1/19,4.607600883312026,STAT5A,0.002638522427440633,1,GM12878
310,"TICAM1, RIP1-mediated IKK Complex Recruitment",0.2626296786224765,0.6849932518671511,1/19,4.607600883312026,BIRC3,0.002638522427440633,1,GM12878
311,Transcription of E2F Targets Under Negative Control by DREAM Complex,0.2626296786224765,0.6849932518671511,1/19,4.607600883312026,E2F5,0.002638522427440633,1,GM12878
312,VEGFR2 Mediated Cell Proliferation,0.2626296786224765,0.6849932518671511,1/19,4.607600883312026,ITPR1,0.002638522427440633,1,GM12878
313,Ca2+ Pathway,0.2648544079543366,0.6849932518671511,2/63,2.7047074320800784,GNG7;ITPR1,0.005277044854881266,2,GM12878
314,MAP Kinase Activation,0.2648544079543366,0.6849932518671511,2/63,2.7047074320800784,RPS6KA5;MAP2K6,0.005277044854881266,2,GM12878
315,NCAM Signaling for Neurite Out-Growth,0.2648544079543366,0.6849932518671511,2/63,2.7047074320800784,RPS6KA5;SPTBN2,0.005277044854881266,2,GM12878
316,Translation of Structural Proteins 9694635,0.2648544079543366,0.6849932518671511,2/63,2.7047074320800784,MGAT4A;PARP8,0.005277044854881266,2,GM12878
317,G Alpha (Q) Signalling Events,0.2698289933364295,0.6849932518671511,5/219,1.903678241439095,GPR132;PRKCH;GPR65;GNG7;ITPR1,0.013192612137203167,5,GM12878
318,Synthesis of Substrates in N-glycan Biosythesis,0.2707598515903425,0.6849932518671511,2/64,2.61678046207144,FCSK;ST3GAL6,0.005277044854881266,2,GM12878
319,G Beta Gamma Signalling Through CDC42,0.2743649978381094,0.6849932518671511,1/20,4.2221614258856395,GNG7,0.002638522427440633,1,GM12878
320,G Beta Gamma Signalling Through PLC Beta,0.2743649978381094,0.6849932518671511,1/20,4.2221614258856395,GNG7,0.002638522427440633,1,GM12878
321,Maturation of TCA Enzymes and Regulation of TCA Cycle,0.2743649978381094,0.6849932518671511,1/20,4.2221614258856395,IDH2,0.002638522427440633,1,GM12878
322,PKA-mediated Phosphorylation of CREB,0.2743649978381094,0.6849932518671511,1/20,4.2221614258856395,ADCY7,0.002638522427440633,1,GM12878
323,Receptor-type Tyrosine-Protein Phosphatases,0.2743649978381094,0.6849932518671511,1/20,4.2221614258856395,PPFIBP2,0.002638522427440633,1,GM12878
324,Sema4D Induced Cell Migration and Growth-Cone Collapse,0.2743649978381094,0.6849932518671511,1/20,4.2221614258856395,SEMA4D,0.002638522427440633,1,GM12878
325,Signaling by KIT in Disease,0.2743649978381094,0.6849932518671511,1/20,4.2221614258856395,STAT5A,0.002638522427440633,1,GM12878
326,"Signaling by Phosphorylated Juxtamembrane, Extracellular and Kinase Domain KIT Mutants",0.2743649978381094,0.6849932518671511,1/20,4.2221614258856395,STAT5A,0.002638522427440633,1,GM12878
327,Synthesis of Leukotrienes (LT) and Eoxins (EX),0.2743649978381094,0.6849932518671511,1/20,4.2221614258856395,ALOX5,0.002638522427440633,1,GM12878
328,Transport of Connexons to the Plasma Membrane,0.2743649978381094,0.6849932518671511,1/20,4.2221614258856395,TUBA8,0.002638522427440633,1,GM12878
329,MyD88 MAL(TIRAP) Cascade Initiated on Plasma Membrane,0.2764973577859699,0.6849932518671511,3/115,2.1393105487964763,RPS6KA5;NLRC5;MAP2K6,0.0079155672823219,3,GM12878
330,Toll Like Receptor TLR6 TLR2 Cascade,0.2764973577859699,0.6849932518671511,3/115,2.1393105487964763,RPS6KA5;NLRC5;MAP2K6,0.0079155672823219,3,GM12878
331,Cytochrome P450 - Arranged by Substrate Type,0.2766639411434235,0.6849932518671511,2/65,2.532596720846506,CYP7B1;CYP19A1,0.005277044854881266,2,GM12878
332,HDR Through Homologous Recombination (HRR) or Single Strand Annealing (SSA),0.2808156081347314,0.693184474134382,3/116,2.0947109902838306,RAD51C;POLD1;DNA2,0.0079155672823219,3,GM12878
333,Branched-chain Amino Acid Catabolism,0.285914126107485,0.693278500473017,1/21,3.882977583198764,PPM1K,0.002638522427440633,1,GM12878
334,CD209 (DC-SIGN) Signaling,0.285914126107485,0.693278500473017,1/21,3.882977583198764,RPS6KA5,0.002638522427440633,1,GM12878
335,Neurotoxicity of Clostridium Toxins,0.285914126107485,0.693278500473017,1/21,3.882977583198764,SV2B,0.002638522427440633,1,GM12878
336,PCNA-Dependent Long Patch Base Excision Repair,0.285914126107485,0.693278500473017,1/21,3.882977583198764,POLD1,0.002638522427440633,1,GM12878
337,Presynaptic Function of Kainate Receptors,0.285914126107485,0.693278500473017,1/21,3.882977583198764,GNG7,0.002638522427440633,1,GM12878
338,Synaptic Adhesion-Like Molecules,0.285914126107485,0.693278500473017,1/21,3.882977583198764,FLOT2,0.002638522427440633,1,GM12878
339,RHO GTPase Cycle,0.2890960521814875,0.6957434754233318,9/450,1.5770430969699951,PREX1;ARHGDIB;RAC2;ARHGAP19;FLOT2;GMIP;IQGAP2;ARHGAP25;FGD2,0.023746701846965697,9,GM12878
340,Toll Like Receptor 2 (TLR2) Cascade,0.2894699131323351,0.6957434754233318,3/118,2.0088850097353226,RPS6KA5;NLRC5;MAP2K6,0.0079155672823219,3,GM12878
341,Toll Like Receptor TLR1 TLR2 Cascade,0.2894699131323351,0.6957434754233318,3/118,2.0088850097353226,RPS6KA5;NLRC5;MAP2K6,0.0079155672823219,3,GM12878
342,Chromosome Maintenance,0.2938046884099287,0.6961942074855502,3/119,1.9675878953905137,PIF1;POLD1;DNA2,0.0079155672823219,3,GM12878
343,HIV Infection,0.2942828154249965,0.6961942074855502,5/227,1.712844656975976,HCK;NUP210;TAF4B;PSIP1;HLA-A,0.013192612137203167,5,GM12878
344,ADP Signalling Through P2Y Purinoceptor 12,0.2972800083058736,0.6961942074855502,1/22,3.5827522185211955,GNG7,0.002638522427440633,1,GM12878
345,Blood Group Systems Biosynthesis,0.2972800083058736,0.6961942074855502,1/22,3.5827522185211955,ST3GAL6,0.002638522427440633,1,GM12878
346,E2F Mediated Regulation of DNA Replication,0.2972800083058736,0.6961942074855502,1/22,3.5827522185211955,ORC1,0.002638522427440633,1,GM12878
347,ERK MAPK Targets,0.2972800083058736,0.6961942074855502,1/22,3.5827522185211955,RPS6KA5,0.002638522427440633,1,GM12878
348,Early Phase of HIV Life Cycle,0.2972800083058736,0.6961942074855502,1/22,3.5827522185211955,PSIP1,0.002638522427440633,1,GM12878
349,Nef-mediates Down Modulation of Cell Surface Receptors by Recruiting Them to Clathrin Adapters,0.2972800083058736,0.6961942074855502,1/22,3.5827522185211955,HLA-A,0.002638522427440633,1,GM12878
350,Post-chaperonin Tubulin Folding Pathway,0.2972800083058736,0.6961942074855502,1/22,3.5827522185211955,TUBA8,0.002638522427440633,1,GM12878
351,L1CAM Interactions,0.2981437069769494,0.6962333157245808,3/120,1.9273231790057777,RPS6KA5;SPTBN2;TUBA8,0.0079155672823219,3,GM12878
352,FCGR3A-mediated IL10 Synthesis,0.3024863509496904,0.6985087499892223,3/121,1.888058832070234,HCK;ITPR1;ADCY7,0.0079155672823219,3,GM12878
353,G1 S Transition,0.3024863509496904,0.6985087499892223,3/121,1.888058832070234,ORC1;MCM5;E2F5,0.0079155672823219,3,GM12878
354,Circadian Clock,0.3061150708969745,0.6985087499892223,2/70,2.1611075409419853,RAI1;CRTC3,0.005277044854881266,2,GM12878
355,RHOB GTPase Cycle,0.3061150708969745,0.6985087499892223,2/70,2.1611075409419853,PREX1;FLOT2,0.005277044854881266,2,GM12878
356,Homology Directed Repair,0.3068320110594512,0.6985087499892223,3/122,1.8497640453901396,RAD51C;POLD1;DNA2,0.0079155672823219,3,GM12878
357,Activated TAK1 Mediates P38 MAPK Activation,0.3084655428784522,0.6985087499892223,1/23,3.315602715926422,MAP2K6,0.002638522427440633,1,GM12878
358,Nitric Oxide Stimulates Guanylate Cyclase,0.3084655428784522,0.6985087499892223,1/23,3.315602715926422,ITPR1,0.002638522427440633,1,GM12878
359,Nucleotide Salvage,0.3084655428784522,0.6985087499892223,1/23,3.315602715926422,PNP,0.002638522427440633,1,GM12878
360,Suppression of Phagosomal Maturation,0.3084655428784522,0.6985087499892223,1/23,3.315602715926422,CORO1A,0.002638522427440633,1,GM12878
361,Synthesis of Bile Acids and Bile Salts via 7Alpha-Hydroxycholesterol,0.3084655428784522,0.6985087499892223,1/23,3.315602715926422,CYP7B1,0.002638522427440633,1,GM12878
362,Telomere Extension By Telomerase,0.3084655428784522,0.6985087499892223,1/23,3.315602715926422,PIF1,0.002638522427440633,1,GM12878
363,Vesicle-mediated Transport,0.3108438532308711,0.7002860930789923,14/752,1.3812914530214742,TPD52;RALGAPA2;CTSZ;RAB27A;AGPAT3;CYTH4;MAN2A2;KIF21A;NAA38;DENND6B;TBC1D10A;CYTH1;SPTBN2;TUBA8,0.036939313984168866,14,GM12878
364,Rab Regulation of Trafficking,0.3111800869352849,0.7002860930789923,3/123,1.8124091723526288,RAB27A;DENND6B;TBC1D10A,0.0079155672823219,3,GM12878
365,Translocation of SLC2A4 (GLUT4) to the Plasma Membrane,0.3119822523067166,0.7002860930789923,2/71,2.0955236153533754,RALGAPA2;TUBA8,0.005277044854881266,2,GM12878
366,trans-Golgi Network Vesicle Budding,0.3178388898640205,0.7002860930789923,2/72,2.0325030260838703,TPD52;CTSZ,0.005277044854881266,2,GM12878
367,Epigenetic Regulation of Gene Expression,0.3178610114195699,0.7002860930789923,6/291,1.500114588004012,ZNF519;NCOA3;TET3;MBD2;PSIP1;CHD3,0.0158311345646438,6,GM12878
368,G-protein Activation,0.3194735826090293,0.7002860930789923,1/24,3.076739175208174,GNG7,0.002638522427440633,1,GM12878
369,Growth Hormone Receptor Signaling,0.3194735826090293,0.7002860930789923,1/24,3.076739175208174,STAT5A,0.002638522427440633,1,GM12878
370,Metal Ion SLC Transporters,0.3194735826090293,0.7002860930789923,1/24,3.076739175208174,SLC39A8,0.002638522427440633,1,GM12878
371,Other Interleukin Signaling,0.3194735826090293,0.7002860930789923,1/24,3.076739175208174,IL16,0.002638522427440633,1,GM12878
372,RHO GTPases Activate NADPH Oxidases,0.3194735826090293,0.7002860930789923,1/24,3.076739175208174,RAC2,0.002638522427440633,1,GM12878
373,Sema4D in Semaphorin Signaling,0.3194735826090293,0.7002860930789923,1/24,3.076739175208174,SEMA4D,0.002638522427440633,1,GM12878
374,Thromboxane Signalling Through TP Receptor,0.3194735826090293,0.7002860930789923,1/24,3.076739175208174,GNG7,0.002638522427440633,1,GM12878
375,Metabolism of Lipids,0.3211553760879998,0.7013535366707042,14/758,1.3314628517014115,ARSA;NCOA3;ABCB4;PIK3CD;PLAAT2;CYP7B1;CYP19A1;AGPAT3;PIK3R6;PIK3R5;ALOX5;NUDT19;PIP5K1B;MFSD2A,0.036939313984168866,14,GM12878
376,MHC Class II Antigen Presentation,0.3242329371417215,0.7013535366707042,3/126,1.7057039369750426,CTSH;SPTBN2;TUBA8,0.0079155672823219,3,GM12878
377,Metabolism of Water-Soluble Vitamins and Cofactors,0.3285848484219114,0.7013535366707042,3/127,1.6718337386577231,SLC25A42;PPCDC;PARP8,0.0079155672823219,3,GM12878
378,Glycolysis,0.3295159902487088,0.7013535366707042,2/74,1.9136477753873469,NUP210;ALDOC,0.005277044854881266,2,GM12878
379,RHOC GTPase Cycle,0.3295159902487088,0.7013535366707042,2/74,1.9136477753873469,PREX1;FLOT2,0.005277044854881266,2,GM12878
380,ADP Signalling Through P2Y Purinoceptor 1,0.3303069353008309,0.7013535366707042,1/25,2.8622258580146003,GNG7,0.002638522427440633,1,GM12878
381,Formation of Tubulin Folding Intermediates by CCT TriC,0.3303069353008309,0.7013535366707042,1/25,2.8622258580146003,TUBA8,0.002638522427440633,1,GM12878
382,Gap-filling DNA Repair Synthesis and Ligation in GG-NER,0.3303069353008309,0.7013535366707042,1/25,2.8622258580146003,POLD1,0.002638522427440633,1,GM12878
383,Inflammasomes,0.3303069353008309,0.7013535366707042,1/25,2.8622258580146003,PSTPIP1,0.002638522427440633,1,GM12878
384,Insulin Processing,0.3303069353008309,0.7013535366707042,1/25,2.8622258580146003,RAB27A,0.002638522427440633,1,GM12878
385,Metabolism of Cofactors,0.3303069353008309,0.7013535366707042,1/25,2.8622258580146003,GCH1,0.002638522427440633,1,GM12878
386,Resolution of AP Sites via the Multiple-Nucleotide Patch Replacement Pathway,0.3303069353008309,0.7013535366707042,1/25,2.8622258580146003,POLD1,0.002638522427440633,1,GM12878
387,Neuronal System,0.3310525209589212,0.7013535366707042,8/411,1.364765231031448,PPFIBP2;GNG7;FLOT2;KCNN4;ADCY7;NCALD;SLC6A4;TUBA8,0.021108179419525065,8,GM12878
388,Glycerophospholipid Biosynthesis,0.3329363059673721,0.7029359005662689,3/128,1.6387709261428347,PLAAT2;AGPAT3;MFSD2A,0.0079155672823219,3,GM12878
389,Downregulation of TGF-beta Receptor Signaling,0.3409683643849603,0.7029359005662689,1/26,2.6688019416679913,TGFB1,0.002638522427440633,1,GM12878
390,Fertilization,0.3409683643849603,0.7029359005662689,1/26,2.6688019416679913,IZUMO4,0.002638522427440633,1,GM12878
391,Gluconeogenesis,0.3409683643849603,0.7029359005662689,1/26,2.6688019416679913,ALDOC,0.002638522427440633,1,GM12878
392,HDMs Demethylate Histones,0.3409683643849603,0.7029359005662689,1/26,2.6688019416679913,KDM6B,0.002638522427440633,1,GM12878
393,Polymerase Switching on the C-strand of the Telomere,0.3409683643849603,0.7029359005662689,1/26,2.6688019416679913,POLD1,0.002638522427440633,1,GM12878
394,TNFR1-induced Proapoptotic Signaling,0.3409683643849603,0.7029359005662689,1/26,2.6688019416679913,BIRC3,0.002638522427440633,1,GM12878
395,"Cell Death Signalling via NRAGE, NRIF and NADE",0.3411376688727193,0.7029359005662689,2/76,1.8036092483061303,PREX1;FGD2,0.005277044854881266,2,GM12878
396,ISG15 Antiviral Mechanism,0.3411376688727193,0.7029359005662689,2/76,1.8036092483061303,NUP210;MX2,0.005277044854881266,2,GM12878
397,Regulation of Endogenous Retroelements by KRAB-ZFP Proteins,0.3411376688727193,0.7029359005662689,2/76,1.8036092483061303,ZNF519;CHD3,0.005277044854881266,2,GM12878
398,Extracellular Matrix Organization,0.3430951703128829,0.7029359005662689,6/300,1.3566367545981146,TGFB1;VCAM1;ITGAM;ITGAL;CD44;ICAM1,0.0158311345646438,6,GM12878
399,SUMOylation of DNA Damage Response and Repair Proteins,0.3469251679791297,0.7029359005662689,2/77,1.7516350703155876,NUP210;NSMCE1,0.005277044854881266,2,GM12878
400,Signaling by Receptor Tyrosine Kinases,0.3485410466694167,0.7029359005662689,10/536,1.2462600678350342,STAT5A;TEC;RPS6KA5;INSR;GRAP2;ITPR1;SPINT2;ADAP1;JAK3;PAG1,0.026385224274406333,10,GM12878
401,Leishmania Infection,0.3504383860309532,0.7029359005662689,5/245,1.3569159521215342,HCK;PSTPIP1;GNG7;ITPR1;ADCY7,0.013192612137203167,5,GM12878
402,Parasitic Infection Pathways,0.3504383860309532,0.7029359005662689,5/245,1.3569159521215342,HCK;PSTPIP1;GNG7;ITPR1;ADCY7,0.013192612137203167,5,GM12878
403,Cell Recruitment (Pro-Inflammatory Response),0.3514605898414072,0.7029359005662689,1/27,2.493745162873998,PSTPIP1,0.002638522427440633,1,GM12878
404,G0 and Early G1,0.3514605898414072,0.7029359005662689,1/27,2.493745162873998,E2F5,0.002638522427440633,1,GM12878
405,Integrin Signaling,0.3514605898414072,0.7029359005662689,1/27,2.493745162873998,APBB1IP,0.002638522427440633,1,GM12878
406,Purinergic Signaling in Leishmaniasis Infection,0.3514605898414072,0.7029359005662689,1/27,2.493745162873998,PSTPIP1,0.002638522427440633,1,GM12878
407,Syndecan Interactions,0.3514605898414072,0.7029359005662689,1/27,2.493745162873998,TGFB1,0.002638522427440633,1,GM12878
408,Regulation of Insulin Secretion,0.3526958146115977,0.7029359005662689,2/78,1.7015639026350586,GNG7;ITPR1,0.005277044854881266,2,GM12878
409,Biosynthesis of the N-glycan Precursor (Dolichol LLO) and Transfer to a Nascent Protein,0.3584486827864723,0.7029359005662689,2/79,1.6533073654658883,FCSK;ST3GAL6,0.005277044854881266,2,GM12878
410,RNA Polymerase I Promoter Clearance,0.3584486827864723,0.7029359005662689,2/79,1.6533073654658883,MBD2;CHD3,0.005277044854881266,2,GM12878
411,Switching of Origins to a Post-Replicative State,0.3584486827864723,0.7029359005662689,2/79,1.6533073654658883,ORC1;MCM5,0.005277044854881266,2,GM12878
412,Beta-catenin Independent WNT Signaling,0.359005495461065,0.7029359005662689,3/134,1.4560805644252652,GNG7;ITPR1;RAC2,0.0079155672823219,3,GM12878
413,Activation of AMPK Downstream of NMDARs,0.3617862886601352,0.7029359005662689,1/28,2.3347669158362674,TUBA8,0.002638522427440633,1,GM12878
414,"Adrenaline,noradrenaline Inhibits Insulin Secretion",0.3617862886601352,0.7029359005662689,1/28,2.3347669158362674,GNG7,0.002638522427440633,1,GM12878
415,Caspase Activation via Extrinsic Apoptotic Signalling Pathway,0.3617862886601352,0.7029359005662689,1/28,2.3347669158362674,DAPK1,0.002638522427440633,1,GM12878
416,FLT3 Signaling in Disease,0.3617862886601352,0.7029359005662689,1/28,2.3347669158362674,STAT5A,0.002638522427440633,1,GM12878
417,Keratan Sulfate Biosynthesis,0.3617862886601352,0.7029359005662689,1/28,2.3347669158362674,ST3GAL6,0.002638522427440633,1,GM12878
418,Metabolism of Porphyrins,0.3617862886601352,0.7029359005662689,1/28,2.3347669158362674,SLCO2B1,0.002638522427440633,1,GM12878
419,Peroxisomal Lipid Metabolism,0.3617862886601352,0.7029359005662689,1/28,2.3347669158362674,NUDT19,0.002638522427440633,1,GM12878
420,Synthesis of PC,0.3617862886601352,0.7029359005662689,1/28,2.3347669158362674,MFSD2A,0.002638522427440633,1,GM12878
421,Golgi-to-ER Retrograde Transport,0.363338948973875,0.7029359005662689,3/135,1.4280515239254827,KIF21A;AGPAT3;TUBA8,0.0079155672823219,3,GM12878
422,ER-Phagosome Pathway,0.3641828799936553,0.7029359005662689,2/80,1.606782144392809,HLA-A;HLA-F,0.005277044854881266,2,GM12878
423,Late SARS-CoV-2 Infection Events,0.3641828799936553,0.7029359005662689,2/80,1.606782144392809,MGAT4A;PARP8,0.005277044854881266,2,GM12878
424,PKR-mediated Signaling,0.3641828799936553,0.7029359005662689,2/80,1.606782144392809,MAP2K6;TUBA8,0.005277044854881266,2,GM12878
425,RNA Polymerase I Transcription,0.3698975463381166,0.7029359005662689,2/81,1.5619096436301858,MBD2;CHD3,0.005277044854881266,2,GM12878
426,Activation of G Protein Gated Potassium Channels,0.3719480956244294,0.7029359005662689,1/29,2.189930702313726,GNG7,0.002638522427440633,1,GM12878
427,Acyl Chain Remodelling of PE,0.3719480956244294,0.7029359005662689,1/29,2.189930702313726,PLAAT2,0.002638522427440633,1,GM12878
428,DAP12 Signaling,0.3719480956244294,0.7029359005662689,1/29,2.189930702313726,GRAP2,0.002638522427440633,1,GM12878
429,Downstream Signal Transduction,0.3719480956244294,0.7029359005662689,1/29,2.189930702313726,STAT5A,0.002638522427440633,1,GM12878
430,G Protein Gated Potassium Channels,0.3719480956244294,0.7029359005662689,1/29,2.189930702313726,GNG7,0.002638522427440633,1,GM12878
431,Inhibition of Voltage Gated Ca2+ Channels via Gbeta Gamma Subunits,0.3719480956244294,0.7029359005662689,1/29,2.189930702313726,GNG7,0.002638522427440633,1,GM12878
432,Myogenesis,0.3719480956244294,0.7029359005662689,1/29,2.189930702313726,MAP2K6,0.002638522427440633,1,GM12878
433,Phosphorylation of CD3 and TCR Zeta Chains,0.3719480956244294,0.7029359005662689,1/29,2.189930702313726,PAG1,0.002638522427440633,1,GM12878
434,G2 M Checkpoints,0.3719916262120766,0.7029359005662689,3/137,1.373895036546784,ORC1;MCM5;DNA2,0.0079155672823219,3,GM12878
435,SARS-CoV-2 Activates Modulates Innate and Adaptive Immune Responses,0.3763099052386094,0.7076136629414678,3/138,1.3477325669771154,NUP210;HLA-A;HLA-F,0.0079155672823219,3,GM12878
436,Mitotic G1 Phase and G1 S Transition,0.3806221957495965,0.7076136629414678,3/139,1.3221582468508288,ORC1;MCM5;E2F5,0.0079155672823219,3,GM12878
437,Constitutive Signaling by Aberrant PI3K in Cancer,0.3812650057226873,0.7076136629414678,2/83,1.4768301199262823,RAC2;PIK3CD,0.005277044854881266,2,GM12878
438,Insulin Receptor Recycling,0.3819486040639464,0.7076136629414678,1/30,2.057588127336885,INSR,0.002638522427440633,1,GM12878
439,Interconversion of Nucleotide Di- and Triphosphates,0.3819486040639464,0.7076136629414678,1/30,2.057588127336885,AK4,0.002638522427440633,1,GM12878
440,Recognition of DNA Damage by PCNA-containing Replication Complex,0.3819486040639464,0.7076136629414678,1/30,2.057588127336885,POLD1,0.002638522427440633,1,GM12878
441,Signaling by ALK,0.3819486040639464,0.7076136629414678,1/30,2.057588127336885,JAK3,0.002638522427440633,1,GM12878
442,Surfactant Metabolism,0.3819486040639464,0.7076136629414678,1/30,2.057588127336885,CTSH,0.002638522427440633,1,GM12878
443,Interleukin-1 Family Signaling,0.3849280470275013,0.7076136629414678,3/140,1.2971560015190404,ALOX5;NLRC5;MAP2K6,0.0079155672823219,3,GM12878
444,Metabolism of Vitamins and Cofactors,0.3863389662529407,0.7076136629414678,4/198,1.2170116439250351,GCH1;SLC25A42;PPCDC;PARP8,0.010554089709762533,4,GM12878
445,Transcriptional Regulation of White Adipocyte Differentiation,0.3869162353487723,0.7076136629414678,2/84,1.436486746522467,TGFB1;NCOA3,0.005277044854881266,2,GM12878
446,G Alpha (I) Signalling Events,0.3883585359390057,0.7076136629414678,6/316,1.1366344396851318,CCL5;GNG7;ITPR1;ADCY7;S1PR4;RGS6,0.0158311345646438,6,GM12878
447,FGFR1 Mutant Receptor Activation,0.3917903662363642,0.7076136629414678,1/31,1.936328220281148,STAT5A,0.002638522427440633,1,GM12878
448,Interaction Between L1 and Ankyrins,0.3917903662363642,0.7076136629414678,1/31,1.936328220281148,SPTBN2,0.002638522427440633,1,GM12878
449,MAPK Targets Nuclear Events Mediated by MAP Kinases,0.3917903662363642,0.7076136629414678,1/31,1.936328220281148,RPS6KA5,0.002638522427440633,1,GM12878
450,Nicotinate Metabolism,0.3917903662363642,0.7076136629414678,1/31,1.936328220281148,PARP8,0.002638522427440633,1,GM12878
451,RNA Polymerase I Promoter Opening,0.3917903662363642,0.7076136629414678,1/31,1.936328220281148,MBD2,0.002638522427440633,1,GM12878
452,Sealing of the Nuclear Envelope (NE) by ESCRT-III,0.3917903662363642,0.7076136629414678,1/31,1.936328220281148,TUBA8,0.002638522427440633,1,GM12878
453,Transcriptional Regulation of Brown and Beige Adipocyte Differentiation,0.3917903662363642,0.7076136629414678,1/31,1.936328220281148,CHD3,0.002638522427440633,1,GM12878
454,Transcriptional Regulation of Brown and Beige Adipocyte Differentiation by EBF2,0.3917903662363642,0.7076136629414678,1/31,1.936328220281148,CHD3,0.002638522427440633,1,GM12878
455,Glucose Metabolism,0.3925448057193544,0.7076136629414678,2/85,1.3975228709389025,NUP210;ALDOC,0.005277044854881266,2,GM12878
456,Bacterial Infection Pathways,0.3978025868334133,0.7079899421387134,3/143,1.2254288479609408,SV2B;CORO1A;MAP2K6,0.0079155672823219,3,GM12878
457,Peptide Hormone Metabolism,0.3981500086702453,0.7079899421387134,2/86,1.3598791698138295,CTSZ;RAB27A,0.005277044854881266,2,GM12878
458,Programmed Cell Death,0.4007014994010243,0.7079899421387134,4/202,1.1464240180049687,DAPK1;GAS2;FLOT2;BIRC3,0.010554089709762533,4,GM12878
459,Cooperation of Prefoldin and TriC CCT in Actin and Tubulin Folding,0.401475894252832,0.7079899421387134,1/32,1.824936971083941,TUBA8,0.002638522427440633,1,GM12878
460,Defective TPR May Confer Susceptibility Towards Thyroid Papillary Carcinoma (TPC),0.401475894252832,0.7079899421387134,1/32,1.824936971083941,NUP210,0.002638522427440633,1,GM12878
461,Regulation of Glucokinase by Glucokinase Regulatory Protein,0.401475894252832,0.7079899421387134,1/32,1.824936971083941,NUP210,0.002638522427440633,1,GM12878
462,Termination of Translesion DNA Synthesis,0.401475894252832,0.7079899421387134,1/32,1.824936971083941,POLD1,0.002638522427440633,1,GM12878
463,Thrombin Signalling Through Proteinase Activated Receptors (PARs),0.401475894252832,0.7079899421387134,1/32,1.824936971083941,GNG7,0.002638522427440633,1,GM12878
464,Neurotransmitter Receptors and Postsynaptic Signal Transmission,0.4078618224426164,0.7079899421387134,4/204,1.1128649903997303,GNG7;ADCY7;NCALD;TUBA8,0.010554089709762533,4,GM12878
465,Protein-protein Interactions at Synapses,0.4092876192555353,0.7079899421387134,2/88,1.2883304889660774,PPFIBP2;FLOT2,0.005277044854881266,2,GM12878
466,RAC2 GTPase Cycle,0.4092876192555353,0.7079899421387134,2/88,1.2883304889660774,PREX1;RAC2,0.005277044854881266,2,GM12878
467,Amino Acid Transport Across the Plasma Membrane,0.4110076605947176,0.7079899421387134,1/33,1.72236477877073,SLC1A4,0.002638522427440633,1,GM12878
468,Cargo Concentration in the ER,0.4110076605947176,0.7079899421387134,1/33,1.72236477877073,CTSZ,0.002638522427440633,1,GM12878
469,Sialic Acid Metabolism,0.4110076605947176,0.7079899421387134,1/33,1.72236477877073,ST3GAL6,0.002638522427440633,1,GM12878
470,Signal Amplification,0.4110076605947176,0.7079899421387134,1/33,1.72236477877073,GNG7,0.002638522427440633,1,GM12878
471,Synthesis of Bile Acids and Bile Salts,0.4110076605947176,0.7079899421387134,1/33,1.72236477877073,CYP7B1,0.002638522427440633,1,GM12878
472,TNFR1-induced NF-kappa-B Signaling Pathway,0.4110076605947176,0.7079899421387134,1/33,1.72236477877073,BIRC3,0.002638522427440633,1,GM12878
473,Pre-NOTCH Expression and Processing,0.4148187482010836,0.7079899421387134,2/89,1.2543217735586238,ATP2A3;ST3GAL6,0.005277044854881266,2,GM12878
474,RAB GEFs Exchange GTP for GDP on RABs,0.4203239508760507,0.7079899421387134,2/90,1.2214254077516238,RAB27A;DENND6B,0.005277044854881266,2,GM12878
475,Citric Acid Cycle (TCA Cycle),0.4203880985929967,0.7079899421387134,1/34,1.627700075762325,IDH2,0.002638522427440633,1,GM12878
476,Transmission Across Chemical Synapses,0.4259023033695293,0.7079899421387134,5/269,1.0028888636084716,GNG7;ADCY7;NCALD;SLC6A4;TUBA8,0.013192612137203167,5,GM12878
477,CD28 Co-Stimulation,0.4296196034709373,0.7079899421387134,1/35,1.5401478104778767,GRAP2,0.002638522427440633,1,GM12878
478,CaM Pathway,0.4296196034709373,0.7079899421387134,1/35,1.5401478104778767,ADCY7,0.002638522427440633,1,GM12878
479,Calmodulin Induced Events,0.4296196034709373,0.7079899421387134,1/35,1.5401478104778767,ADCY7,0.002638522427440633,1,GM12878
480,Impaired BRCA2 Binding to RAD51,0.4296196034709373,0.7079899421387134,1/35,1.5401478104778767,DNA2,0.002638522427440633,1,GM12878
481,Inwardly Rectifying K+ Channels,0.4296196034709373,0.7079899421387134,1/35,1.5401478104778767,GNG7,0.002638522427440633,1,GM12878
482,Lysosome Vesicle Biogenesis,0.4296196034709373,0.7079899421387134,1/35,1.5401478104778767,CTSZ,0.002638522427440633,1,GM12878
483,Negative Regulators of DDX58 IFIH1 Signaling,0.4296196034709373,0.7079899421387134,1/35,1.5401478104778767,NLRC5,0.002638522427440633,1,GM12878
484,Nuclear Import of Rev Protein,0.4296196034709373,0.7079899421387134,1/35,1.5401478104778767,NUP210,0.002638522427440633,1,GM12878
485,Nucleotide Catabolism,0.4296196034709373,0.7079899421387134,1/35,1.5401478104778767,PNP,0.002638522427440633,1,GM12878
486,SUMOylation of SUMOylation Proteins,0.4296196034709373,0.7079899421387134,1/35,1.5401478104778767,NUP210,0.002638522427440633,1,GM12878
487,Translation of Structural Proteins 9683701,0.4296196034709373,0.7079899421387134,1/35,1.5401478104778767,PARP8,0.002638522427440633,1,GM12878
488,Transport of the SLBP Independent Mature mRNA,0.4296196034709373,0.7079899421387134,1/35,1.5401478104778767,NUP210,0.002638522427440633,1,GM12878
489,Regulation of TP53 Activity Through Phosphorylation,0.431254303356386,0.7079899421387134,2/92,1.1587901017136486,TAF4B;DNA2,0.005277044854881266,2,GM12878
490,DNA Double-Strand Break Repair,0.4359435128398634,0.7079899421387134,3/152,1.03656943046685,RAD51C;POLD1;DNA2,0.0079155672823219,3,GM12878
491,Signaling by ALK Fusions and Activated Point Mutants,0.4366783773240927,0.7079899421387134,2/93,1.1289669155582398,STAT5A;BCL2A1,0.005277044854881266,2,GM12878
492,Signaling by ALK in Cancer,0.4366783773240927,0.7079899421387134,2/93,1.1289669155582398,STAT5A;BCL2A1,0.005277044854881266,2,GM12878
493,Keratan Sulfate Keratin Metabolism,0.4387045323423787,0.7079899421387134,1/36,1.4590117895406045,ST3GAL6,0.002638522427440633,1,GM12878
494,Metabolism of Steroid Hormones,0.4387045323423787,0.7079899421387134,1/36,1.4590117895406045,CYP19A1,0.002638522427440633,1,GM12878
495,Nuclear Pore Complex (NPC) Disassembly,0.4387045323423787,0.7079899421387134,1/36,1.4590117895406045,NUP210,0.002638522427440633,1,GM12878
496,ROS and RNS Production in Phagocytes,0.4387045323423787,0.7079899421387134,1/36,1.4590117895406045,RAC2,0.002638522427440633,1,GM12878
497,Rev-mediated Nuclear Export of HIV RNA,0.4387045323423787,0.7079899421387134,1/36,1.4590117895406045,NUP210,0.002638522427440633,1,GM12878
498,SMAD2 SMAD3 SMAD4 Heterotrimer Regulates Transcription,0.4387045323423787,0.7079899421387134,1/36,1.4590117895406045,E2F5,0.002638522427440633,1,GM12878
499,Signaling by NOTCH2,0.4387045323423787,0.7079899421387134,1/36,1.4590117895406045,FCER2,0.002638522427440633,1,GM12878
500,Signaling by High-Kinase Activity BRAF Mutants,0.4387045323423787,0.7079899421387134,1/36,1.4590117895406045,APBB1IP,0.002638522427440633,1,GM12878
501,Striated Muscle Contraction,0.4387045323423787,0.7079899421387134,1/36,1.4590117895406045,TMOD1,0.002638522427440633,1,GM12878
502,Transport of the SLBP Dependant Mature mRNA,0.4387045323423787,0.7079899421387134,1/36,1.4590117895406045,NUP210,0.002638522427440633,1,GM12878
503,Class B 2 (Secretin Family Receptors),0.442074371988452,0.7079899421387134,2/94,1.100087324015555,GIPR;GNG7,0.005277044854881266,2,GM12878
504,MITF-M-dependent Gene Expression,0.442074371988452,0.7079899421387134,2/94,1.100087324015555,BCL2A1;RAB27A,0.005277044854881266,2,GM12878
505,Oxidative Stress Induced Senescence,0.442074371988452,0.7079899421387134,2/94,1.100087324015555,KDM6B;MAP2K6,0.005277044854881266,2,GM12878
506,RAC3 GTPase Cycle,0.442074371988452,0.7079899421387134,2/94,1.100087324015555,PREX1;ARHGDIB,0.005277044854881266,2,GM12878
507,Signaling by TGF-beta Receptor Complex,0.442074371988452,0.7079899421387134,2/94,1.100087324015555,TGFB1;E2F5,0.005277044854881266,2,GM12878
508,Assembly of the ORC Complex at the Origin of Replication,0.4476452054154551,0.7079899421387134,1/37,1.383680093222781,ORC1,0.002638522427440633,1,GM12878
509,Ca-dependent Events,0.4476452054154551,0.7079899421387134,1/37,1.383680093222781,ADCY7,0.002638522427440633,1,GM12878
510,Gap Junction Assembly,0.4476452054154551,0.7079899421387134,1/37,1.383680093222781,TUBA8,0.002638522427440633,1,GM12878
511,Gene and Protein Expression by JAK-STAT Signaling After Interleukin-12 Stimulation,0.4476452054154551,0.7079899421387134,1/37,1.383680093222781,PSME2,0.002638522427440633,1,GM12878
512,HDR Through Single Strand Annealing (SSA),0.4476452054154551,0.7079899421387134,1/37,1.383680093222781,DNA2,0.002638522427440633,1,GM12878
513,Molecules Associated With Elastic Fibres,0.4476452054154551,0.7079899421387134,1/37,1.383680093222781,TGFB1,0.002638522427440633,1,GM12878
514,Plasma Lipoprotein Clearance,0.4476452054154551,0.7079899421387134,1/37,1.383680093222781,MYLIP,0.002638522427440633,1,GM12878
515,RHOH GTPase Cycle,0.4476452054154551,0.7079899421387134,1/37,1.383680093222781,ARHGDIB,0.002638522427440633,1,GM12878
516,RUNX1 Interacts With Co-Factors Whose Precise Effect on RUNX1 Targets Is Not Known,0.4476452054154551,0.7079899421387134,1/37,1.383680093222781,PCGF5,0.002638522427440633,1,GM12878
517,Transport of Ribonucleoproteins Into the Host Nucleus,0.4476452054154551,0.7079899421387134,1/37,1.383680093222781,NUP210,0.002638522427440633,1,GM12878
518,ER to Golgi Anterograde Transport,0.4484624652034303,0.7079899421387134,3/155,0.9813094345621348,CTSZ;SPTBN2;TUBA8,0.0079155672823219,3,GM12878
519,Antigen processing-Cross Presentation,0.4527802270088957,0.7079899421387134,2/96,1.0450121786078252,HLA-A;HLA-F,0.005277044854881266,2,GM12878
520,Apoptotic Cleavage of Cellular Proteins,0.4564439060237623,0.7079899421387134,1/38,1.3136129710403293,GAS2,0.002638522427440633,1,GM12878
521,Interactions of Rev With Host Cellular Proteins,0.4564439060237623,0.7079899421387134,1/38,1.3136129710403293,NUP210,0.002638522427440633,1,GM12878
522,Maturation of Spike Protein 9694548,0.4564439060237623,0.7079899421387134,1/38,1.3136129710403293,MGAT4A,0.002638522427440633,1,GM12878
523,NEP NS2 Interacts With the Cellular Export Machinery,0.4564439060237623,0.7079899421387134,1/38,1.3136129710403293,NUP210,0.002638522427440633,1,GM12878
524,Resolution of Abasic Sites (AP Sites),0.4564439060237623,0.7079899421387134,1/38,1.3136129710403293,POLD1,0.002638522427440633,1,GM12878
525,Signaling by FGFR1 in Disease,0.4564439060237623,0.7079899421387134,1/38,1.3136129710403293,STAT5A,0.002638522427440633,1,GM12878
526,Death Receptor Signaling,0.4567463866888227,0.7079899421387134,3/157,0.9463616544189222,PREX1;BIRC3;FGD2,0.0079155672823219,3,GM12878
527,Mitochondrial Biogenesis,0.4580891942110305,0.7079899421387134,2/97,1.0187476214815296,CRTC3;IDH2,0.005277044854881266,2,GM12878
528,Factors Involved in Megakaryocyte Development and Platelet Production,0.4608687966260966,0.7079899421387134,3/158,0.9294274678823168,RAD51C;KIF21A;TUBA8,0.0079155672823219,3,GM12878
529,HIV Life Cycle,0.4608687966260966,0.7079899421387134,3/158,0.9294274678823168,NUP210;TAF4B;PSIP1,0.0079155672823219,3,GM12878
530,PIP3 Activates AKT Signaling,0.4631182538680369,0.7079899421387134,5/281,0.86459993975085,INSR;RAC2;PIK3CD;PIP5K1B;CHD3,0.013192612137203167,5,GM12878
531,P75 NTR Receptor-Mediated Signalling,0.4633682946066129,0.7079899421387134,2/98,0.9932884539254604,PREX1;FGD2,0.005277044854881266,2,GM12878
532,Metabolism of Nucleotides,0.4633682946066129,0.7079899421387134,2/98,0.9932884539254604,PNP;AK4,0.005277044854881266,2,GM12878
533,Export of Viral Ribonucleoproteins From Nucleus,0.465102881696965,0.7079899421387134,1/39,1.2483327354989606,NUP210,0.002638522427440633,1,GM12878
534,Glycosphingolipid Catabolism,0.465102881696965,0.7079899421387134,1/39,1.2483327354989606,ARSA,0.002638522427440633,1,GM12878
535,Platelet Aggregation (Plug Formation),0.465102881696965,0.7079899421387134,1/39,1.2483327354989606,APBB1IP,0.002638522427440633,1,GM12878
536,Response of Mtb to Phagocytosis,0.465102881696965,0.7079899421387134,1/39,1.2483327354989606,CORO1A,0.002638522427440633,1,GM12878
537,SUMOylation of Ubiquitinylation Proteins,0.465102881696965,0.7079899421387134,1/39,1.2483327354989606,NUP210,0.002638522427440633,1,GM12878
538,Synthesis of PA,0.465102881696965,0.7079899421387134,1/39,1.2483327354989606,AGPAT3,0.002638522427440633,1,GM12878
539,Translesion Synthesis by Y Family DNA Polymerases Bypasses Lesions on DNA Template,0.465102881696965,0.7079899421387134,1/39,1.2483327354989606,POLD1,0.002638522427440633,1,GM12878
540,MAP2K and MAPK Activation,0.4736243443338299,0.7196288559009393,1/40,1.1874152888919922,APBB1IP,0.002638522427440633,1,GM12878
541,Assembly of the Pre-Replicative Complex,0.479022552924925,0.7216987380466329,2/101,0.9214446245787282,ORC1;MCM5,0.005277044854881266,2,GM12878
542,COPI-dependent Golgi-to-ER Retrograde Traffic,0.479022552924925,0.7216987380466329,2/101,0.9214446245787282,KIF21A;TUBA8,0.005277044854881266,2,GM12878
543,COPI-mediated Anterograde Transport,0.479022552924925,0.7216987380466329,2/101,0.9214446245787282,SPTBN2;TUBA8,0.005277044854881266,2,GM12878
544,Signaling by WNT,0.4814674477901519,0.7216987380466329,5/287,0.8032415156334259,GNG7;RAC2;ITPR1;PIP5K1B;RUNX3,0.013192612137203167,5,GM12878
545,Dual Incision in GG-NER,0.4820104710311453,0.7216987380466329,1/41,1.13048298113871,POLD1,0.002638522427440633,1,GM12878
546,Generation of Second Messenger Molecules,0.4820104710311453,0.7216987380466329,1/41,1.13048298113871,GRAP2,0.002638522427440633,1,GM12878
547,RET Signaling,0.4820104710311453,0.7216987380466329,1/41,1.13048298113871,PIK3CD,0.002638522427440633,1,GM12878
548,Signaling by RAF1 Mutants,0.4820104710311453,0.7216987380466329,1/41,1.13048298113871,APBB1IP,0.002638522427440633,1,GM12878
549,Interleukin-1 Signaling,0.4841784418417089,0.7222159830453093,2/102,0.8989151290676327,NLRC5;MAP2K6,0.005277044854881266,2,GM12878
550,Potassium Channels,0.4893026877714186,0.7222159830453093,2/103,0.8770516011614314,GNG7;KCNN4,0.005277044854881266,2,GM12878
551,Formation of WDR5-containing Histone-Modifying Complexes,0.4902634045490056,0.7222159830453093,1/42,1.077198566030045,PSIP1,0.002638522427440633,1,GM12878
552,NS1 Mediated Effects on Host Pathways,0.4902634045490056,0.7222159830453093,1/42,1.077198566030045,NUP210,0.002638522427440633,1,GM12878
553,RND1 GTPase Cycle,0.4902634045490056,0.7222159830453093,1/42,1.077198566030045,FLOT2,0.002638522427440633,1,GM12878
554,RND3 GTPase Cycle,0.4902634045490056,0.7222159830453093,1/42,1.077198566030045,FLOT2,0.002638522427440633,1,GM12878
555,Regulation of MITF-M-dependent Genes Involved in Pigmentation,0.4902634045490056,0.7222159830453093,1/42,1.077198566030045,RAB27A,0.002638522427440633,1,GM12878
556,Regulation of Beta-Cell Development,0.4902634045490056,0.7222159830453093,1/42,1.077198566030045,HNF1B,0.002638522427440633,1,GM12878
557,Transport of Mature mRNA Derived From an Intronless Transcript,0.4902634045490056,0.7222159830453093,1/42,1.077198566030045,NUP210,0.002638522427440633,1,GM12878
558,Aggrephagy,0.4983852535866243,0.7276601748635971,1/43,1.027260064989071,TUBA8,0.002638522427440633,1,GM12878
559,Aspirin ADME,0.4983852535866243,0.7276601748635971,1/43,1.027260064989071,SLCO2B1,0.002638522427440633,1,GM12878
560,Assembly and Cell Surface Presentation of NMDA Receptors,0.4983852535866243,0.7276601748635971,1/43,1.027260064989071,TUBA8,0.002638522427440633,1,GM12878
561,Transport of Mature mRNAs Derived From Intronless Transcripts,0.4983852535866243,0.7276601748635971,1/43,1.027260064989071,NUP210,0.002638522427440633,1,GM12878
562,"Transport of Vitamins, Nucleosides, and Related Molecules",0.4983852535866243,0.7276601748635971,1/43,1.027260064989071,SLCO2B1,0.002638522427440633,1,GM12878
563,Phase I - Functionalization of Compounds,0.4994550705060809,0.7279291985035435,2/105,0.8352266580838923,CYP7B1;CYP19A1,0.005277044854881266,2,GM12878
564,Bile Acid and Bile Salt Metabolism,0.5063780939826463,0.7313296573654547,1/44,0.9803963815113914,CYP7B1,0.002638522427440633,1,GM12878
565,Elastic Fibre Formation,0.5063780939826463,0.7313296573654547,1/44,0.9803963815113914,TGFB1,0.002638522427440633,1,GM12878
566,Netrin-1 Signaling,0.5063780939826463,0.7313296573654547,1/44,0.9803963815113914,AGAP2,0.002638522427440633,1,GM12878
567,Cell Surface Interactions at the Vascular Wall,0.5088527423724167,0.7313296573654547,4/233,0.7310867462154367,TGFB1;ITGAM;ITGAL;CD44,0.010554089709762533,4,GM12878
568,SUMO E3 Ligases SUMOylate Target Proteins,0.5092122450729946,0.7313296573654547,3/170,0.7510969758424354,NUP210;NSMCE1;CHD3,0.0079155672823219,3,GM12878
569,Stimuli-sensing Channels,0.5094775120372673,0.7313296573654547,2/107,0.7957886055676806,TRPV3;MCOLN2,0.005277044854881266,2,GM12878
570,Carboxyterminal Post-Translational Modifications of Tubulin,0.5142439683178015,0.7313296573654547,1/45,0.9363635492149384,TUBA8,0.002638522427440633,1,GM12878
571,ERCC6 (CSB) and EHMT2 (G9a) Positively Regulate rRNA Expression,0.5142439683178015,0.7313296573654547,1/45,0.9363635492149384,CHD3,0.002638522427440633,1,GM12878
572,Paradoxical Activation of RAF Signaling by Kinase Inactive BRAF,0.5142439683178015,0.7313296573654547,1/45,0.9363635492149384,APBB1IP,0.002638522427440633,1,GM12878
573,Signaling by RAS Mutants,0.5142439683178015,0.7313296573654547,1/45,0.9363635492149384,APBB1IP,0.002638522427440633,1,GM12878
574,Signaling by Moderate Kinase Activity BRAF Mutants,0.5142439683178015,0.7313296573654547,1/45,0.9363635492149384,APBB1IP,0.002638522427440633,1,GM12878
575,Signaling Downstream of RAS Mutants,0.5142439683178015,0.7313296573654547,1/45,0.9363635492149384,APBB1IP,0.002638522427440633,1,GM12878
576,TAK1-dependent IKK and NF-kappa-B Activation,0.5142439683178015,0.7313296573654547,1/45,0.9363635492149384,NLRC5,0.002638522427440633,1,GM12878
577,TBC RABGAPs,0.5142439683178015,0.7313296573654547,1/45,0.9363635492149384,TBC1D10A,0.002638522427440633,1,GM12878
578,Drug ADME,0.5193680872851337,0.7316529850923,2/109,0.7585716865596906,PNP;SLCO2B1,0.005277044854881266,2,GM12878
579,Interleukin-12 Signaling,0.521984887349074,0.7316529850923,1/46,0.8949415014195338,PSME2,0.002638522427440633,1,GM12878
580,Kidney Development,0.521984887349074,0.7316529850923,1/46,0.8949415014195338,HNF1B,0.002638522427440633,1,GM12878
581,Metabolism of Polyamines,0.521984887349074,0.7316529850923,1/46,0.8949415014195338,AGMAT,0.002638522427440633,1,GM12878
582,SUMOylation of DNA Replication Proteins,0.521984887349074,0.7316529850923,1/46,0.8949415014195338,NUP210,0.002638522427440633,1,GM12878
583,PI3K AKT Signaling in Cancer,0.5242633921884743,0.7316529850923,2/110,0.7407481873383889,RAC2;PIK3CD,0.005277044854881266,2,GM12878
584,Regulation of Endogenous Retroelements,0.5291251209835378,0.7316529850923,2/111,0.7234240256513685,ZNF519;CHD3,0.005277044854881266,2,GM12878
585,Cyclin D Associated Events in G1,0.52960282984175,0.7316529850923,1/47,0.8559312888113142,E2F5,0.002638522427440633,1,GM12878
586,G1 Phase,0.52960282984175,0.7316529850923,1/47,0.8559312888113142,E2F5,0.002638522427440633,1,GM12878
587,HIV Transcription Initiation,0.52960282984175,0.7316529850923,1/47,0.8559312888113142,TAF4B,0.002638522427440633,1,GM12878
588,RNA Polymerase II HIV Promoter Escape,0.52960282984175,0.7316529850923,1/47,0.8559312888113142,TAF4B,0.002638522427440633,1,GM12878
589,RNA Polymerase II Promoter Escape,0.52960282984175,0.7316529850923,1/47,0.8559312888113142,TAF4B,0.002638522427440633,1,GM12878
590,RNA Polymerase II Transcription Initiation,0.52960282984175,0.7316529850923,1/47,0.8559312888113142,TAF4B,0.002638522427440633,1,GM12878
591,RNA Polymerase II Transcription Initiation And Promoter Clearance,0.52960282984175,0.7316529850923,1/47,0.8559312888113142,TAF4B,0.002638522427440633,1,GM12878
592,RNA Polymerase II Transcription Pre-Initiation And Promoter Opening,0.52960282984175,0.7316529850923,1/47,0.8559312888113142,TAF4B,0.002638522427440633,1,GM12878
593,SUMOylation of RNA Binding Proteins,0.52960282984175,0.7316529850923,1/47,0.8559312888113142,NUP210,0.002638522427440633,1,GM12878
594,TGF-beta Receptor Signaling Activates SMADs,0.52960282984175,0.7316529850923,1/47,0.8559312888113142,TGFB1,0.002638522427440633,1,GM12878
595,SUMOylation,0.5325219499321389,0.7344514141681512,3/176,0.676753582932098,NUP210;NSMCE1;CHD3,0.0079155672823219,3,GM12878
596,DNA Damage Bypass,0.5370997434221013,0.7370550736109638,1/48,0.8191526688228432,POLD1,0.002638522427440633,1,GM12878
597,Gap Junction Trafficking,0.5370997434221013,0.7370550736109638,1/48,0.8191526688228432,TUBA8,0.002638522427440633,1,GM12878
598,RNA Polymerase I Transcription Initiation,0.5370997434221013,0.7370550736109638,1/48,0.8191526688228432,CHD3,0.002638522427440633,1,GM12878
599,TCR Signaling,0.5387471736377254,0.7380836278836839,2/113,0.6902062586042776,GRAP2;PAG1,0.005277044854881266,2,GM12878
600,Retrograde Transport at the Trans-Golgi-Network,0.5444775449851174,0.7409942747976266,1/49,0.7844420139252054,NAA38,0.002638522427440633,1,GM12878
601,Signaling by TGFBR3,0.5444775449851174,0.7409942747976266,1/49,0.7844420139252054,TGFB1,0.002638522427440633,1,GM12878
602,TP53 Regulates Transcription of Cell Cycle Genes,0.5444775449851174,0.7409942747976266,1/49,0.7844420139252054,E2F8,0.002638522427440633,1,GM12878
603,Viral Messenger RNA Synthesis,0.5444775449851174,0.7409942747976266,1/49,0.7844420139252054,NUP210,0.002638522427440633,1,GM12878
604,Class I MHC Mediated Antigen Processing & Presentation,0.5457483176256311,0.7414960613029237,6/373,0.6129277472713647,MYLIP;HLA-A;ASB2;HLA-F;LONRF1;KBTBD8,0.0158311345646438,6,GM12878
605,Regulation of TNFR1 Signaling,0.5517381210516592,0.7483972533076962,1/50,0.7516504903090605,BIRC3,0.002638522427440633,1,GM12878
606,PPARA Activates Gene Expression,0.5575816792455607,0.7531181901816927,2/117,0.6290583485252369,ABCB4;NCOA3,0.005277044854881266,2,GM12878
607,SARS-CoV-2 Infection,0.558135874212691,0.7531181901816927,5/313,0.5859717024708678,NUP210;MGAT4A;HLA-A;HLA-F;PARP8,0.013192612137203167,5,GM12878
608,Gap Junction Trafficking and Regulation,0.5588833284803316,0.7531181901816927,1/51,0.7206424665446304,TUBA8,0.002638522427440633,1,GM12878
609,Transcriptional Activity of SMAD2 SMAD3 SMAD4 Heterotrimer,0.5588833284803316,0.7531181901816927,1/51,0.7206424665446304,E2F5,0.002638522427440633,1,GM12878
610,MAPK Family Signaling Cascades,0.5609748168759578,0.7544317223118282,5/314,0.5789638628570177,APBB1IP;NCOA3;RASAL3;JAK3;SPTBN2,0.013192612137203167,5,GM12878
611,DNA Replication Pre-Initiation,0.5622042930069703,0.7544317223118282,2/118,0.6147895807412055,ORC1;MCM5,0.005277044854881266,2,GM12878
612,Ion Channel Transport,0.5626114912130787,0.7544317223118282,3/184,0.5901768663953609,ATP2A3;TRPV3;MCOLN2,0.0079155672823219,3,GM12878
613,Apoptotic Execution Phase,0.56591499474906,0.7563365017311343,1/52,0.6912941210123899,GAS2,0.002638522427440633,1,GM12878
614,Proteasome Assembly,0.56591499474906,0.7563365017311343,1/52,0.6912941210123899,PSME2,0.002638522427440633,1,GM12878
615,Regulation of Lipid Metabolism by PPARalpha,0.5667923175990008,0.7563365017311343,2/119,0.6009017577327878,ABCB4;NCOA3,0.005277044854881266,2,GM12878
616,Nuclear Envelope Breakdown,0.5728349184474477,0.7619260565757314,1/53,0.6634922187442865,NUP210,0.002638522427440633,1,GM12878
617,Signaling by EGFR,0.5728349184474477,0.7619260565757314,1/53,0.6634922187442865,PAG1,0.002638522427440633,1,GM12878
618,Metabolism,0.5759420925849371,0.763570645810205,34/2181,0.5394798076414093,GLDC;ABCB4;ITPR1;PIK3CD;AK4;PPM1K;ADCY7;CYP19A1;PPCDC;AGPAT3;PIK3R6;PIK3R5;PNP;ALOX5;GNG7;SLCO2B1;POLD1;NUDT19;ST3GAL6;PIP5K1B;SLC25A42;MFSD2A;CA13;ARSA;NUP210;GCH1;NCOA3;IDH2;PLAAT2;CYP7B1;AGMAT;PARP8;ALDOC;CD44,0.08970976253298153,34,GM12878
619,snRNP Assembly,0.5796448698121264,0.763570645810205,1/54,0.6371330346658469,NUP210,0.002638522427440633,1,GM12878
620,Activation of NF-kappaB in B Cells,0.5796448698121264,0.763570645810205,1/54,0.6371330346658469,REL,0.002638522427440633,1,GM12878
621,Insulin Receptor Signalling Cascade,0.5796448698121264,0.763570645810205,1/54,0.6371330346658469,INSR,0.002638522427440633,1,GM12878
622,Metabolism of Non-Coding RNA,0.5796448698121264,0.763570645810205,1/54,0.6371330346658469,NUP210,0.002638522427440633,1,GM12878
623,NR1H2 and NR1H3-mediated Signaling,0.5796448698121264,0.763570645810205,1/54,0.6371330346658469,MYLIP,0.002638522427440633,1,GM12878
624,Ion Transport by P-type ATPases,0.5863465911620661,0.7674791368395196,1/55,0.6121214036811387,ATP2A3,0.002638522427440633,1,GM12878
625,RHOJ GTPase Cycle,0.5863465911620661,0.7674791368395196,1/55,0.6121214036811387,PREX1,0.002638522427440633,1,GM12878
626,Regulation of RAS by GAPs,0.5863465911620661,0.7674791368395196,1/55,0.6121214036811387,RASAL3,0.002638522427440633,1,GM12878
627,Sensory Processing of Sound by Outer Hair Cells of the Cochlea,0.5863465911620661,0.7674791368395196,1/55,0.6121214036811387,CDH23,0.002638522427440633,1,GM12878
628,Golgi Associated Vesicle Biogenesis,0.5929417971655591,0.7736478686826819,1/56,0.5883698808272267,TPD52,0.002638522427440633,1,GM12878
629,HSP90 Chaperone Cycle for Steroid Hormone Receptors (SHR) in the Presence of Ligand,0.5929417971655591,0.7736478686826819,1/56,0.5883698808272267,TUBA8,0.002638522427440633,1,GM12878
630,E3 Ubiquitin Ligases Ubiquitinate Target Proteins,0.5994321755352507,0.7796412156486964,1/57,0.565797995976793,HLA-A,0.002638522427440633,1,GM12878
631,Meiotic Recombination,0.5994321755352507,0.7796412156486964,1/57,0.565797995976793,RAD51C,0.002638522427440633,1,GM12878
632,Glycosaminoglycan Metabolism,0.6022448968480565,0.7808285571121489,2/127,0.502135739637557,ST3GAL6;CD44,0.005277044854881266,2,GM12878
633,Reproduction,0.6022448968480565,0.7808285571121489,2/127,0.502135739637557,IZUMO4;RAD51C,0.005277044854881266,2,GM12878
634,Glycosphingolipid Metabolism,0.6058193872092951,0.7812893869330035,1/58,0.5443315926753102,ARSA,0.002638522427440633,1,GM12878
635,Signaling by PDGF,0.6058193872092951,0.7812893869330035,1/58,0.5443315926753102,STAT5A,0.002638522427440633,1,GM12878
636,Diseases of Metabolism,0.6073967616160163,0.7812893869330035,4/264,0.4744383111819793,PNP;PPM1K;CYP7B1;CYP19A1,0.010554089709762533,4,GM12878
637,Fc Epsilon Receptor (FCERI) Signaling,0.6089210689301092,0.7812893869330035,3/197,0.4745874537852338,TEC;GRAP2;ITPR1,0.0079155672823219,3,GM12878
638,RAF MAP Kinase Cascade,0.6103701695699316,0.7812893869330035,4/265,0.4679672543556216,APBB1IP;RASAL3;JAK3;SPTBN2,0.010554089709762533,4,GM12878
639,tRNA Processing in the Nucleus,0.6121050671348592,0.7812893869330035,1/59,0.5239022384659767,NUP210,0.002638522427440633,1,GM12878
640,Arachidonate Metabolism,0.6121050671348592,0.7812893869330035,1/59,0.5239022384659767,ALOX5,0.002638522427440633,1,GM12878
641,Non-integrin membrane-ECM Interactions,0.6121050671348592,0.7812893869330035,1/59,0.5239022384659767,TGFB1,0.002638522427440633,1,GM12878
642,RHOQ GTPase Cycle,0.6121050671348592,0.7812893869330035,1/59,0.5239022384659767,PREX1,0.002638522427440633,1,GM12878
643,TNF Signaling,0.6121050671348592,0.7812893869330035,1/59,0.5239022384659767,BIRC3,0.002638522427440633,1,GM12878
644,Class A 1 (Rhodopsin-like Receptors),0.6130951311734613,0.7813398415885041,5/333,0.4611478899345452,GPR132;GPR65;CCL5;CCRL2;S1PR4,0.013192612137203167,5,GM12878
645,Cardiac Conduction,0.6149645746505914,0.7819449157183289,2/130,0.4700836276836493,ITPR1;ATP2A3,0.005277044854881266,2,GM12878
646,GPCR Ligand Binding,0.6154724579924074,0.7819449157183289,7/467,0.4565064532869898,GPR132;GIPR;GNG7;GPR65;CCL5;CCRL2;S1PR4,0.018469656992084433,7,GM12878
647,Formation of the Beta-Catenin TCF Transactivating Complex,0.6182908240729393,0.7829674384279004,1/60,0.5044467005662374,RUNX3,0.002638522427440633,1,GM12878
648,HDACs Deacetylate Histones,0.6182908240729393,0.7829674384279004,1/60,0.5044467005662374,CHD3,0.002638522427440633,1,GM12878
649,C-type Lectin Receptors (CLRs),0.6191348357398239,0.7829674384279004,2/131,0.4599321871998165,RPS6KA5;ITPR1,0.005277044854881266,2,GM12878
650,"Gamma Carboxylation, Hypusinylation, Hydroxylation, and Arylsulfatase Activation",0.6243782416746325,0.7859707728277917,1/61,0.4859064750773679,ARSA,0.002638522427440633,1,GM12878
651,Nuclear Events (Kinase and Transcription Factor Activation),0.6243782416746325,0.7859707728277917,1/61,0.4859064750773679,RPS6KA5,0.002638522427440633,1,GM12878
652,Regulation of PTEN Gene Transcription,0.6243782416746325,0.7859707728277917,1/61,0.4859064750773679,CHD3,0.002638522427440633,1,GM12878
653,MAPK1 MAPK3 Signaling,0.6279185307266174,0.7892187037573082,4/271,0.4310537104762458,APBB1IP;RASAL3;JAK3;SPTBN2,0.010554089709762533,4,GM12878
654,Signaling by Rho GTPases,0.6291722137315794,0.7895871140265012,10/672,0.4322263377476867,PREX1;ARHGDIB;RAC2;ARHGAP19;FLOT2;GMIP;IQGAP2;ARHGAP25;TUBA8;FGD2,0.026385224274406333,10,GM12878
655,Gap-filling DNA Repair Synthesis and Ligation in TC-NER,0.6303688784335066,0.7898829543785707,1/62,0.4682273672719443,POLD1,0.002638522427440633,1,GM12878
656,Post-translational Protein Modification,0.63151918916556,0.7900441517031928,22/1457,0.4343862073913026,ARSA;TGFB1;NUP210;FUCA1;USP3;CTSZ;NSMCE1;RAB27A;HLA-A;CHD3;PIGB;MAN2A2;FCSK;MGAT4A;MGAT3;PSME2;ST3GAL6;ASB2;KBTBD8;SPTBN2;TUBA8;BIRC3,0.05804749340369393,22,GM12878
657,Muscle Contraction,0.6324677188018052,0.7900441517031928,3/204,0.4228739397577502,TMOD1;ITPR1;ATP2A3,0.0079155672823219,3,GM12878
658,Epigenetic Regulation by WDR5-containing Histone Modifying Complexes,0.6354688310723997,0.7900441517031928,2/135,0.4217838021728119,NCOA3;PSIP1,0.005277044854881266,2,GM12878
659,Dual Incision in TC-NER,0.6362642681599923,0.7900441517031928,1/63,0.4513591142124862,POLD1,0.002638522427440633,1,GM12878
660,Peroxisomal Protein Import,0.6362642681599923,0.7900441517031928,1/63,0.4513591142124862,NUDT19,0.002638522427440633,1,GM12878
661,Signaling by FGFR in Disease,0.6362642681599923,0.7900441517031928,1/63,0.4513591142124862,STAT5A,0.002638522427440633,1,GM12878
662,MITF-M-regulated Melanocyte Development,0.6394658578062914,0.7928219232530491,2/136,0.4128255148169024,BCL2A1;RAB27A,0.005277044854881266,2,GM12878
663,Cytosolic Sensors of Pathogen-Associated DNA,0.6420659205543577,0.7936514085649353,1/64,0.4352550454622138,CGAS,0.002638522427440633,1,GM12878
664,Semaphorin Interactions,0.6420659205543577,0.7936514085649353,1/64,0.4352550454622138,SEMA4D,0.002638522427440633,1,GM12878
665,ABC Transporter Disorders,0.6477753215185822,0.7958390177388913,1/65,0.4198717780566212,ABCB4,0.002638522427440633,1,GM12878
666,RAB Geranylgeranylation,0.6477753215185822,0.7958390177388913,1/65,0.4198717780566212,RAB27A,0.002638522427440633,1,GM12878
667,Signaling by BRAF and RAF1 Fusions,0.6477753215185822,0.7958390177388913,1/65,0.4198717780566212,APBB1IP,0.002638522427440633,1,GM12878
668,The Role of GTSE1 in G2 M Progression After G2 Checkpoint,0.6477753215185822,0.7958390177388913,1/65,0.4198717780566212,TUBA8,0.002638522427440633,1,GM12878
669,Signaling by NOTCH,0.6486765716363226,0.7958390177388913,3/209,0.3897190237254339,FCER2;ATP2A3;ST3GAL6,0.0079155672823219,3,GM12878
670,Regulation of Endogenous Retroelements by Piwi-interacting RNAs (piRNAs),0.6533939332301992,0.8004319122432545,1/66,0.4051689418028452,CHD3,0.002638522427440633,1,GM12878
671,"Signaling by Rho GTPases, Miro GTPases and RHOBTB3",0.658288289546917,0.8048066364050023,10/688,0.3805025479639251,PREX1;ARHGDIB;RAC2;ARHGAP19;FLOT2;GMIP;IQGAP2;ARHGAP25;TUBA8;FGD2,0.026385224274406333,10,GM12878
672,FOXO-mediated Transcription,0.6589231950128546,0.8048066364050023,1/67,0.3911089300356001,BTG1,0.002638522427440633,1,GM12878
673,Downstream Signaling Events of B Cell Receptor (BCR),0.6643645232500066,0.8102487212336876,1/68,0.3776566755308547,REL,0.002638522427440633,1,GM12878
674,COPII-mediated Vesicle Transport,0.66971931217779,0.8143628322635258,1/69,0.3647794462881439,CTSZ,0.002638522427440633,1,GM12878
675,Sensory Processing of Sound by Inner Hair Cells of the Cochlea,0.66971931217779,0.8143628322635258,1/69,0.3647794462881439,CDH23,0.002638522427440633,1,GM12878
676,Late Phase of HIV Life Cycle,0.6738998880214521,0.8182359053968,2/145,0.3413087404671764,NUP210;TAF4B,0.005277044854881266,2,GM12878
677,CD22 Mediated BCR Regulation,0.6749889335876796,0.8183494150576294,1/70,0.3524466617375266,CD22,0.002638522427440633,1,GM12878
678,SARS-CoV-2-host Interactions,0.6765597893413962,0.8190458716327358,3/218,0.3369403159716542,NUP210;HLA-A;HLA-F,0.0079155672823219,3,GM12878
679,Metabolism of Carbohydrates,0.6800846926401617,0.8198000509617442,4/290,0.3330762057476955,NUP210;ST3GAL6;ALDOC;CD44,0.010554089709762533,4,GM12878
680,Base Excision Repair,0.6801747381458754,0.8198000509617442,1/71,0.3406297236316773,POLD1,0.002638522427440633,1,GM12878
681,Transcription of the HIV Genome,0.6801747381458754,0.8198000509617442,1/71,0.3406297236316773,TAF4B,0.002638522427440633,1,GM12878
682,SARS-CoV Infections,0.6814594516612442,0.8201459286464755,7/498,0.3373961436621604,NUP210;MGAT4A;HLA-A;CHD3;HLA-F;JAK3;PARP8,0.018469656992084433,7,GM12878
683,Transcriptional Regulation by TP53,0.6852786205543097,0.8235365878591265,5/362,0.3268045283944933,TAF4B;DNA2;CHD3;E2F8;MAP2K6,0.013192612137203167,5,GM12878
684,Cyclin E Associated Events During G1 S Transition,0.6903001914190474,0.8283602297028568,1/73,0.3184380091245181,E2F5,0.002638522427440633,1,GM12878
685,Transport of Mature mRNA Derived From an Intron-Containing Transcript,0.6952424354501703,0.829232242541363,1/74,0.3080146454625858,NUP210,0.002638522427440633,1,GM12878
686,Antigen Processing Ubiquitination & Proteasome Degradation,0.695459012190067,0.829232242541363,4/296,0.3072211103357239,MYLIP;LONRF1;ASB2;KBTBD8,0.010554089709762533,4,GM12878
687,Infectious Disease,0.6957558040015311,0.829232242541363,19/1311,0.3281080418463731,TGFB1;NUP210;ITPR1;PSIP1;HLA-A;CHD3;HLA-F;ADCY7;CORO1A;PARP8;HCK;PSTPIP1;SV2B;GNG7;MGAT4A;TAF4B;JAK3;TUBA8;MAP2K6,0.05013192612137203,19,GM12878
688,Cyclin A Cdk2-associated Events at S Phase Entry,0.7001060539217834,0.829232242541363,1/75,0.2980097111396404,E2F5,0.002638522427440633,1,GM12878
689,Extra-nuclear Estrogen Signaling,0.7001060539217834,0.829232242541363,1/75,0.2980097111396404,GNG7,0.002638522427440633,1,GM12878
690,Nuclear Envelope (NE) Reassembly,0.7001060539217834,0.829232242541363,1/75,0.2980097111396404,TUBA8,0.002638522427440633,1,GM12878
691,"Plasma Lipoprotein Assembly, Remodeling, and Clearance",0.7001060539217834,0.829232242541363,1/75,0.2980097111396404,MYLIP,0.002638522427440633,1,GM12878
692,Positive Epigenetic Regulation of rRNA Expression,0.7001060539217834,0.829232242541363,1/75,0.2980097111396404,CHD3,0.002638522427440633,1,GM12878
693,Transcriptional Regulation by Small RNAs,0.7001060539217834,0.829232242541363,1/75,0.2980097111396404,NUP210,0.002638522427440633,1,GM12878
694,ECM Proteoglycans,0.704892293707108,0.8309019347366745,1/76,0.2884024866979049,TGFB1,0.002638522427440633,1,GM12878
695,NoRC Negatively Regulates rRNA Expression,0.704892293707108,0.8309019347366745,1/76,0.2884024866979049,MBD2,0.002638522427440633,1,GM12878
696,Transcription-Coupled Nucleotide Excision Repair (TC-NER),0.704892293707108,0.8309019347366745,1/76,0.2884024866979049,POLD1,0.002638522427440633,1,GM12878
697,Cell Cycle,0.7079227244525776,0.8309019347366745,9/649,0.299339839198303,PIF1;RAD51C;NUP210;ORC1;POLD1;MCM5;DNA2;E2F5;TUBA8,0.023746701846965697,9,GM12878
698,Metabolism of Steroids,0.7089832736354061,0.8309019347366745,2/155,0.2778389587651617,CYP7B1;CYP19A1,0.005277044854881266,2,GM12878
699,G2 M DNA Damage Checkpoint,0.7096023822203716,0.8309019347366745,1/77,0.2791734984153554,DNA2,0.002638522427440633,1,GM12878
700,Protein Ubiquitination,0.7096023822203716,0.8309019347366745,1/77,0.2791734984153554,HLA-A,0.002638522427440633,1,GM12878
701,Sensory Processing of Sound,0.7096023822203716,0.8309019347366745,1/77,0.2791734984153554,CDH23,0.002638522427440633,1,GM12878
702,Costimulation by the CD28 Family,0.7142375270447231,0.8351397542400604,1/78,0.2703044302829661,GRAP2,0.002638522427440633,1,GM12878
703,"Cell Cycle, Mitotic",0.7163261964555296,0.835780024939191,7/516,0.2828534906450274,NUP210;ORC1;POLD1;MCM5;DNA2;E2F5;TUBA8,0.018469656992084433,7,GM12878
704,PCP CE Pathway,0.7187989170985677,0.835780024939191,1/79,0.2617780415177289,RAC2,0.002638522427440633,1,GM12878
705,Signaling by MET,0.7187989170985677,0.835780024939191,1/79,0.2617780415177289,SPINT2,0.002638522427440633,1,GM12878
706,Transport of Small Molecules,0.7188521625693529,0.835780024939191,10/724,0.2847197247670514,MYLIP;GNG7;SLCO2B1;ABCB4;ATP2A3;TRPV3;SLC1A4;SLC39A8;ADCY7;MCOLN2,0.026385224274406333,10,GM12878
707,MAPK6 MAPK4 Signaling,0.7232877223382543,0.8369219474718278,1/80,0.2535780924094606,NCOA3,0.002638522427440633,1,GM12878
708,Post NMDA Receptor Activation Events,0.7232877223382543,0.8369219474718278,1/80,0.2535780924094606,TUBA8,0.002638522427440633,1,GM12878
709,Processing of DNA Double-Strand Break Ends,0.7232877223382543,0.8369219474718278,1/80,0.2535780924094606,DNA2,0.002638522427440633,1,GM12878
710,Diseases of Signal Transduction by Growth Factor Receptors and Second Messengers,0.7256957135201709,0.8369219474718278,6/451,0.266545078227663,STAT5A;APBB1IP;TGFB1;BCL2A1;RAC2;PIK3CD,0.0158311345646438,6,GM12878
711,Disease,0.7274864642990437,0.8369219474718278,31/2131,0.2877227485018016,BCL2A1;ABCB4;ITPR1;PSIP1;PIK3CD;CHD3;PPM1K;ADCY7;CORO1A;CYP19A1;PSTPIP1;PNP;SV2B;GNG7;RAC2;JAK3;MAP2K6;STAT5A;TGFB1;NUP210;HLA-A;HLA-F;CYP7B1;PARP8;APBB1IP;HCK;RAD51C;MGAT4A;TAF4B;DNA2;TUBA8,0.08179419525065963,31,GM12878
712,RNA Polymerase II Pre-transcription Events,0.7277050941433927,0.8369219474718278,1/81,0.2456892753888638,TAF4B,0.002638522427440633,1,GM12878
713,Signaling by TGFB Family Members,0.7284855140649483,0.8369219474718278,2/161,0.2461843446900133,TGFB1;E2F5,0.005277044854881266,2,GM12878
714,Infection With Mycobacterium Tuberculosis,0.7320521657326572,0.8369219474718278,1/82,0.2380971515481693,CORO1A,0.002638522427440633,1,GM12878
715,Negative Epigenetic Regulation of rRNA Expression,0.7320521657326572,0.8369219474718278,1/82,0.2380971515481693,MBD2,0.002638522427440633,1,GM12878
716,Oncogenic MAPK Signaling,0.7320521657326572,0.8369219474718278,1/82,0.2380971515481693,APBB1IP,0.002638522427440633,1,GM12878
717,Signaling by Insulin Receptor,0.7320521657326572,0.8369219474718278,1/82,0.2380971515481693,INSR,0.002638522427440633,1,GM12878
718,UCH Proteinases,0.7320521657326572,0.8369219474718278,1/82,0.2380971515481693,TGFB1,0.002638522427440633,1,GM12878
719,Regulation of HSF1-mediated Heat Shock Response,0.736330052485184,0.8388442895552557,1/83,0.2307880922507405,NUP210,0.002638522427440633,1,GM12878
720,Transport of Mature Transcript to Cytoplasm,0.736330052485184,0.8388442895552557,1/83,0.2307880922507405,NUP210,0.002638522427440633,1,GM12878
721,Disorders of Transmembrane Transporters,0.7378155977475059,0.8388442895552557,2/164,0.2318830135012169,NUP210;ABCB4,0.005277044854881266,2,GM12878
722,Potential Therapeutics for SARS,0.7378155977475059,0.8388442895552557,2/164,0.2318830135012169,CHD3;JAK3,0.005277044854881266,2,GM12878
723,Global Genome Nucleotide Excision Repair (GG-NER),0.7405398520387366,0.8396189770701261,1/84,0.2237492255013564,POLD1,0.002638522427440633,1,GM12878
724,"Transport of Bile Salts and Organic Acids, Metal Ions and Amine Compounds",0.7405398520387366,0.8396189770701261,1/84,0.2237492255013564,SLC39A8,0.002638522427440633,1,GM12878
725,Cellular Senescence,0.746871508005064,0.8454874294091058,2/167,0.2184991554778203,KDM6B;MAP2K6,0.005277044854881266,2,GM12878
726,DDX58 IFIH1-mediated Induction of Interferon-Alpha Beta,0.7487594937994435,0.8454874294091058,1/86,0.2104340697580369,NLRC5,0.002638522427440633,1,GM12878
727,Apoptosis,0.7498300925051559,0.8454874294091058,2/168,0.2142300231204311,DAPK1;GAS2,0.005277044854881266,2,GM12878
728,Fcgamma Receptor (FCGR) Dependent Phagocytosis,0.7498300925051559,0.8454874294091058,2/168,0.2142300231204311,HCK;ITPR1,0.005277044854881266,2,GM12878
729,Influenza Infection,0.7527589691566229,0.8464817076167803,2/169,0.2100530199647977,TGFB1;NUP210,0.005277044854881266,2,GM12878
730,CLEC7A (Dectin-1) Signaling,0.752771445581346,0.8464817076167803,1/87,0.204135390805973,ITPR1,0.002638522427440633,1,GM12878
731,SLC-mediated Transmembrane Transport,0.7600116131131316,0.851794432188743,3/249,0.2064908070166677,SLCO2B1;SLC39A8;SLC1A4,0.0079155672823219,3,GM12878
732,Meiosis,0.7606047606162255,0.851794432188743,1/89,0.192204261229737,RAD51C,0.002638522427440633,1,GM12878
733,Selective Autophagy,0.7606047606162255,0.851794432188743,1/89,0.192204261229737,TUBA8,0.002638522427440633,1,GM12878
734,ABC-family Proteins Mediated Transport,0.7644281349807486,0.854911465243776,1/90,0.1865527919172892,ABCB4,0.002638522427440633,1,GM12878
735,Activation of HOX Genes During Differentiation,0.7681906347409412,0.8567879264003442,1/91,0.1810988575461022,NCOA3,0.002638522427440633,1,GM12878
736,Activation of Anterior HOX Genes in Hindbrain Development During Early Embryogenesis,0.7681906347409412,0.8567879264003442,1/91,0.1810988575461022,NCOA3,0.002638522427440633,1,GM12878
737,Fatty Acid Metabolism,0.7724456762432607,0.8603663223197293,2/176,0.183211139435885,ALOX5;NUDT19,0.005277044854881266,2,GM12878
738,Activation of NMDA Receptors and Postsynaptic Events,0.775536860260632,0.861474728559783,1/93,0.1707507003975307,TUBA8,0.002638522427440633,1,GM12878
739,Post-translational Modification Synthesis of GPI-anchored Proteins,0.775536860260632,0.861474728559783,1/93,0.1707507003975307,PIGB,0.002638522427440633,1,GM12878
740,FCGR Activation,0.7791224728604205,0.8631248958103311,1/94,0.1658410596696581,HCK,0.002638522427440633,1,GM12878
741,Recruitment of NuMA to Mitotic Centrosomes,0.7791224728604205,0.8631248958103311,1/94,0.1658410596696581,TUBA8,0.002638522427440633,1,GM12878
742,Cell Cycle Checkpoints,0.787287678737627,0.8709965974728523,3/261,0.1714829871088085,ORC1;MCM5;DNA2,0.0079155672823219,3,GM12878
743,Mitochondrial Protein Degradation,0.7895403194295529,0.8723147077568447,1/97,0.1520852237191868,IDH2,0.002638522427440633,1,GM12878
744,Hedgehog 'Off' State,0.796211944852017,0.8761529031704925,1/99,0.1436617247057068,ADCY7,0.002638522427440633,1,GM12878
745,SLC Transporter Disorders,0.796211944852017,0.8761529031704925,1/99,0.1436617247057068,NUP210,0.002638522427440633,1,GM12878
746,VEGFA-VEGFR2 Pathway,0.796211944852017,0.8761529031704925,1/99,0.1436617247057068,ITPR1,0.002638522427440633,1,GM12878
747,Deubiquitination,0.8019826978341751,0.8807150662063015,3/268,0.1539879718065812,TGFB1;USP3;BIRC3,0.0079155672823219,3,GM12878
748,Cellular Response to Heat Stress,0.8026727200425285,0.8807150662063015,1/101,0.1357818472414337,NUP210,0.002638522427440633,1,GM12878
749,TCF Dependent Signaling in Response to WNT,0.8054032359628759,0.8807150662063015,2/189,0.1427928006281448,PIP5K1B;RUNX3,0.005277044854881266,2,GM12878
750,Signaling by Nuclear Receptors,0.8060221973703523,0.8807150662063015,3/270,0.149339332826634,MYLIP;NCOA3;GNG7,0.0079155672823219,3,GM12878
751,Ub-specific Processing Proteases,0.8077543928687816,0.8807150662063015,2/190,0.1401129516717048,USP3;BIRC3,0.005277044854881266,2,GM12878
752,Epigenetic Regulation of Adipogenesis Genes by MLL3 and MLL4 Complexes,0.8089292883038413,0.8807150662063015,1/103,0.1284040655843532,NCOA3,0.002638522427440633,1,GM12878
753,Epigenetic Regulation of Gene Expression by MLL3 and MLL4 Complexes,0.8089292883038413,0.8807150662063015,1/103,0.1284040655843532,NCOA3,0.002638522427440633,1,GM12878
754,MLL4 and MLL3 Complexes Regulate Expression of PPARG Targets in Adipogenesis and Hepatic Steatosis,0.8089292883038413,0.8807150662063015,1/103,0.1284040655843532,NCOA3,0.002638522427440633,1,GM12878
755,ESR-mediated Signaling,0.8123811231349154,0.8833032846784397,2/192,0.1349153424779769,NCOA3;GNG7,0.005277044854881266,2,GM12878
756,Post-translational Protein Phosphorylation,0.8208553406685928,0.8878198553020832,1/107,0.1150070390190279,MGAT4A,0.002638522427440633,1,GM12878
757,Role of Phospholipids in Phagocytosis,0.8208553406685928,0.8878198553020832,1/107,0.1150070390190279,ITPR1,0.002638522427440633,1,GM12878
758,Sphingolipid Metabolism,0.8208553406685928,0.8878198553020832,1/107,0.1150070390190279,ARSA,0.002638522427440633,1,GM12878
759,Transport of Inorganic Cations Anions and Amino Acids Oligopeptides,0.8208553406685928,0.8878198553020832,1/107,0.1150070390190279,SLC1A4,0.002638522427440633,1,GM12878
760,Nucleotide Excision Repair,0.8237190353805669,0.888578801945966,1/108,0.1119165428194638,POLD1,0.002638522427440633,1,GM12878
761,Signaling by VEGF,0.8237190353805669,0.888578801945966,1/108,0.1119165428194638,ITPR1,0.002638522427440633,1,GM12878
762,Peptide Ligand-Binding Receptors,0.8256714430708744,0.88951759659798,2/198,0.1205342957842661,CCL5;CCRL2,0.005277044854881266,2,GM12878
763,FCERI Mediated MAPK Activation,0.8320391914225294,0.8940342684304825,1/111,0.1032066495459737,GRAP2,0.002638522427440633,1,GM12878
764,Mitotic Prophase,0.8320391914225294,0.8940342684304825,1/111,0.1032066495459737,NUP210,0.002638522427440633,1,GM12878
765,Transcriptional Regulation by RUNX1,0.8340564647420368,0.895031872086102,2/202,0.1118699444588678,PCGF5;PAX5,0.005277044854881266,2,GM12878
766,HCMV Early Events,0.8401049938243581,0.9003472032902509,2/205,0.1058114063899407,NUP210;TUBA8,0.005277044854881266,2,GM12878
767,Signaling by NTRK1 (TRKA),0.8425268937989518,0.9017670660191908,1/115,0.0927824132004108,RPS6KA5,0.002638522427440633,1,GM12878
768,RHO GTPase Effectors,0.844395898619977,0.9021131546144828,3/291,0.1084716041147929,RAC2;IQGAP2;TUBA8,0.0079155672823219,3,GM12878
769,EML4 and NUDC in Mitotic Spindle Formation,0.8450451691644182,0.9021131546144828,1/116,0.0903689984229024,TUBA8,0.002638522427440633,1,GM12878
770,Organelle Biogenesis and Maintenance,0.8540810469238321,0.9105766803779376,3/297,0.0990623089432992,CRTC3;IDH2;TUBA8,0.0079155672823219,3,GM12878
771,Estrogen-dependent Gene Expression,0.85704694236787,0.9125551640238202,1/121,0.0793292513204897,NCOA3,0.002638522427440633,1,GM12878
772,Axon Guidance,0.8635067465192571,0.9173672944625788,6/541,0.1010025368364347,RPS6KA5;SEMA4D;AGAP2;PIK3CD;SPTBN2;TUBA8,0.0158311345646438,6,GM12878
773,Regulation of IGF Transport and Uptake by Insulin-like Growth Factor Binding Proteins (IGFBPs),0.863798401355275,0.9173672944625788,1/124,0.0734463846804271,MGAT4A,0.002638522427440633,1,GM12878
774,Resolution of Sister Chromatid Cohesion,0.8681218208875728,0.9207692087349482,1/126,0.0697997239293944,TUBA8,0.002638522427440633,1,GM12878
775,Biological Oxidations,0.8707601550589914,0.922377380745478,2/222,0.0774833435833306,CYP7B1;CYP19A1,0.005277044854881266,2,GM12878
776,Platelet Degranulation,0.87230841862378,0.9228282112081688,1/128,0.0663566429790161,TGFB1,0.002638522427440633,1,GM12878
777,DNA Repair,0.8760274944217086,0.9255714658285916,3/312,0.0790312128912216,RAD51C;POLD1;DNA2,0.0079155672823219,3,GM12878
778,Response to Elevated Platelet Cytosolic Ca2+,0.8822043131011968,0.9305016569379644,1/133,0.0585563718778489,TGFB1,0.002638522427440633,1,GM12878
779,Gene Silencing by RNA,0.8840897738060223,0.9305016569379644,1/134,0.0571232098722484,NUP210,0.002638522427440633,1,GM12878
780,Signaling by NTRKs,0.8840897738060223,0.9305016569379644,1/134,0.0571232098722484,RPS6KA5,0.002638522427440633,1,GM12878
781,Signaling by Hedgehog,0.8877709150445398,0.9309742039028208,1/136,0.0543732944350295,ADCY7,0.002638522427440633,1,GM12878
782,Neddylation,0.8890480040639487,0.9309742039028208,2/234,0.0624017545877848,ASB2;KBTBD8,0.005277044854881266,2,GM12878
783,Nervous System Development,0.8905986058677107,0.9309742039028208,6/567,0.075942232749636,RPS6KA5;SEMA4D;AGAP2;PIK3CD;SPTBN2;TUBA8,0.0158311345646438,6,GM12878
784,RHO GTPases Activate Formins,0.8930752423936009,0.9309742039028208,1/139,0.0505217017968469,TUBA8,0.002638522427440633,1,GM12878
785,Developmental Biology,0.8941800932825644,0.9309742039028208,17/1385,0.0845683898307172,KDM6B;TGFB1;SEMA4D;BCL2A1;NCOA3;ADAM22;AGAP2;RAB27A;PIK3CD;HNF1B;CHD3;AICDA;RPS6KA5;TET3;SPTBN2;TUBA8;MAP2K6,0.044854881266490766,17,GM12878
786,Chromatin Modifying Enzymes,0.8945916204563705,0.9309742039028208,2/238,0.0580897385128032,KDM6B;CHD3,0.005277044854881266,2,GM12878
787,Chromatin Organization,0.8945916204563705,0.9309742039028208,2/238,0.0580897385128032,KDM6B;CHD3,0.005277044854881266,2,GM12878
788,Degradation of the Extracellular Matrix,0.8947872144982557,0.9309742039028208,1/140,0.0493062745439938,CD44,0.002638522427440633,1,GM12878
789,Viral Infection Pathways,0.8979505215675866,0.9309742039028208,12/1029,0.0774714712147869,HCK;TGFB1;NUP210;MGAT4A;TAF4B;PSIP1;HLA-A;CHD3;HLA-F;JAK3;PARP8;TUBA8,0.0316622691292876,12,GM12878
790,FCGR3A-mediated Phagocytosis,0.8981296152006533,0.9309742039028208,1/142,0.0469718840997734,HCK,0.002638522427440633,1,GM12878
791,Leishmania Phagocytosis,0.8981296152006533,0.9309742039028208,1/142,0.0469718840997734,HCK,0.002638522427440633,1,GM12878
792,Parasite Infection,0.8981296152006533,0.9309742039028208,1/142,0.0469718840997734,HCK,0.002638522427440633,1,GM12878
793,Macroautophagy,0.8997609065064425,0.9314905102623372,1/143,0.0458509830496683,TUBA8,0.002638522427440633,1,GM12878
794,PTEN Regulation,0.9029457766605676,0.9336118596414926,1/145,0.0436971750140903,CHD3,0.002638522427440633,1,GM12878
795,tRNA Processing,0.904500177913134,0.9340441535736131,1/146,0.0426625248128316,NUP210,0.002638522427440633,1,GM12878
796,Influenza Viral RNA Transcription and Replication,0.9090160441899874,0.9375297218621952,1/149,0.0397177459845415,NUP210,0.002638522427440633,1,GM12878
797,Metabolism of Proteins,0.9180264471263462,0.9441654658237044,26/2067,0.065824033130457,CTSZ;CHD3;MAN2A2;GNG7;MGAT3;CTSH;ST3GAL6;RGS6;SPTBN2;ARSA;TGFB1;NUP210;FUCA1;USP3;IDH2;NSMCE1;RAB27A;HLA-A;PIGB;FCSK;MGAT4A;PSME2;ASB2;KBTBD8;TUBA8;BIRC3,0.06860158311345646,26,GM12878
798,HCMV Infection,0.9197035955034136,0.9441654658237044,2/259,0.0400420402208927,NUP210;TUBA8,0.005277044854881266,2,GM12878
799,Cell-Cell Communication,0.9200444502734636,0.9441654658237044,1/157,0.0329039454459893,SIRPB1,0.002638522427440633,1,GM12878
800,SARS-CoV-1 Infection,0.9200444502734636,0.9441654658237044,1/157,0.0329039454459893,PARP8,0.002638522427440633,1,GM12878
801,Autophagy,0.9213257703376326,0.9443014753335836,1/158,0.0321467092961056,TUBA8,0.002638522427440633,1,GM12878
802,Metabolism of Amino Acids and Derivatives,0.9261942356683004,0.948109167770041,3/358,0.0397538935247797,GLDC;PPM1K;AGMAT,0.0079155672823219,3,GM12878
803,Protein Localization,0.9285950366735016,0.9485153946316204,1/164,0.0279850837331417,NUDT19,0.002638522427440633,1,GM12878
804,Generic Transcription Pathway,0.9288988962024992,0.9485153946316204,14/1230,0.0515807193855712,BTG1;TGFB1;PCGF5;PAX5;CHD3;ITGAL;RUNX3;ZNF519;TAF4B;DNA2;E2F5;ZNF620;E2F8;MAP2K6,0.036939313984168866,14,GM12878
805,HCMV Late Events,0.9362337471433022,0.95446071734389,1/171,0.023856888214696,NUP210,0.002638522427440633,1,GM12878
806,Gene Expression (Transcription),0.9370435509690016,0.95446071734389,19/1615,0.0468247941801957,BTG1;TGFB1;NUP210;PCGF5;NCOA3;MBD2;PSIP1;PAX5;CHD3;ITGAL;RUNX3;ZNF519;TET3;TAF4B;DNA2;E2F5;ZNF620;E2F8;MAP2K6,0.05013192612137203,19,GM12878
807,Separation of Sister Chromatids,0.9421292269396894,0.9584532481985454,1/177,0.0208418387296383,TUBA8,0.002638522427440633,1,GM12878
808,Cellular Responses to Stimuli,0.9463256760654164,0.9615323927389028,9/887,0.0344136671559108,KDM6B;RAI1;CRTC3;NUP210;GNG7;PIK3CD;ADCY7;TUBA8;MAP2K6,0.023746701846965697,9,GM12878
809,G2 M Transition,0.9483239029112788,0.962373145917372,1/184,0.0178345600846021,TUBA8,0.002638522427440633,1,GM12878
810,Mitotic G2-G2 M Phases,0.9499691264655572,0.9628540344694058,1/186,0.0170636711295474,TUBA8,0.002638522427440633,1,GM12878
811,Cilium Assembly,0.9601124482965848,0.9719364932263458,1/200,0.0125715793182226,TUBA8,0.002638522427440633,1,GM12878
812,Mitotic Prometaphase,0.962003590186662,0.972653076424891,1/203,0.0117843432602338,TUBA8,0.002638522427440633,1,GM12878
813,Mitotic Anaphase,0.9716137818187508,0.9794154663277856,1/221,0.0080362089917962,TUBA8,0.002638522427440633,1,GM12878
814,Mitotic Metaphase and Anaphase,0.972070128204228,0.9794154663277856,1/222,0.0078689944632977,TUBA8,0.002638522427440633,1,GM12878
815,RNA Polymerase II Transcription,0.972266448325393,0.9794154663277856,14/1360,0.0176446285214764,BTG1;TGFB1;PCGF5;PAX5;CHD3;ITGAL;RUNX3;ZNF519;TAF4B;DNA2;E2F5;ZNF620;E2F8;MAP2K6,0.036939313984168866,14,GM12878
816,M Phase,0.9826628933090424,0.9886767421053034,2/372,0.0057774640293747,NUP210;TUBA8,0.005277044854881266,2,GM12878
817,Aerobic Respiration and Respiratory Electron Transport,0.9849219161493146,0.9897381602380642,1/260,0.0035941678942886,IDH2,0.002638522427440633,1,GM12878
818,Cellular Responses to Stress,0.9871871392530508,0.9908032093602048,6/787,0.0060016927310471,KDM6B;RAI1;CRTC3;NUP210;TUBA8;MAP2K6,0.0158311345646438,6,GM12878
819,Processing of Capped Intron-Containing Pre-mRNA,0.9899551174461264,0.9923696421228244,1/285,0.0021752772566541,NUP210,0.002638522427440633,1,GM12878
820,Metabolism of RNA,0.9996185722227772,0.9999670399605628,3/761,9.070883535265544e-05,NUP210;ADARB1;CD44,0.0079155672823219,3,GM12878
821,Sensory Perception,0.9999670399605628,0.9999670399605628,1/640,3.0986328946774374e-06,CDH23,0.002638522427440633,1,GM12878
