,log2FoldChange,padj,contrasted_with
ENSG00000130590,-4.041699192851812,2.7909271451592842e-123,H1ESC
ENSG00000187621,-2.452700226036826,0.0365570436935214,H1ESC
ENSG00000225187,-2.0817876911581896,0.007656871000100652,H1ESC
ENSG00000271646,-3.2527133415020657,2.0034648482964106e-17,H1ESC
ENSG00000168209,-2.428005537063017,6.534437687321677e-152,H1ESC
ENSG00000128284,-11.096994237478821,1.0933568252635569e-14,H1ESC
ENSG00000251661,-2.372572267228498,0.008491593307699686,H1ESC
ENSG00000231999,-2.10708571448465,0.004431373541869382,H1ESC
ENSG00000198216,-4.186812478261858,2.10718318274737e-208,H1ESC
ENSG00000186469,-2.7609125646575885,1.0863493901323335e-195,H1ESC
ENSG00000168878,-9.94484180560311,0.00014223018308543453,H1ESC
ENSG00000106526,-4.273244194083415,1.5251406463156345e-10,H1ESC
ENSG00000099992,-2.4084534313931787,2.0844477660714998e-30,H1ESC
ENSG00000134802,-2.6969905320519145,2.1037091310049183e-135,H1ESC
ENSG00000125772,-3.487347769810563,3.1411746466462395e-256,H1ESC
ENSG00000137078,-3.736623420838963,1.61590918450777e-144,H1ESC
ENSG00000226174,-2.052091601548345,1.063991948858401e-05,H1ESC
ENSG00000147509,-3.156754963724662,7.705577333766949e-09,H1ESC
ENSG00000275023,-4.204292855809604,0.0,H1ESC
ENSG00000108819,-3.2937331950690725,0.0,H1ESC
ENSG00000279805,-5.0982492710537075,0.03340571621896247,H1ESC
ENSG00000196839,-2.6994900676458373,1.0915172274327892e-138,H1ESC
ENSG00000155465,-3.461272621257155,1.2389244947250243e-125,H1ESC
ENSG00000115758,-2.3687968138536566,0.0,H1ESC
ENSG00000266865,-2.4587424185805045,6.736466708881693e-06,H1ESC
ENSG00000214212,-5.124961234456409,1.6933997565543307e-12,H1ESC
ENSG00000264745,-5.227128322434778,4.4553026468394864e-13,H1ESC
ENSG00000212443,-2.7880535490989047,3.8778843845045133e-69,H1ESC
ENSG00000157693,-2.150541339157458,5.307695550204199e-83,H1ESC
ENSG00000074416,-8.422421159008952,6.02291585170834e-176,H1ESC
ENSG00000253633,-3.3329072431410065,0.0002262361559678427,H1ESC
ENSG00000228857,-3.8650390026904167,0.00643782716086207,H1ESC
ENSG00000183323,-8.530933027390079,1.130071628363065e-16,H1ESC
ENSG00000227070,-6.437999024616503,0.011187598542100217,H1ESC
ENSG00000116473,-2.355309153606647,1.512114168995397e-162,H1ESC
ENSG00000167723,-3.1959325741508535,1.7938030724465658e-25,H1ESC
ENSG00000181035,-2.4182382295051235,9.159482392220758e-48,H1ESC
ENSG00000228590,-5.290703585417922,0.02918412503348532,H1ESC
ENSG00000252391,-2.9982888442773143,0.002476228531344732,H1ESC
ENSG00000186352,-3.139447530938283,1.4683098970692424e-29,H1ESC
ENSG00000204161,-9.42771423029507,4.911610628929251e-11,H1ESC
ENSG00000204525,-2.513007290747717,1.6552719543835004e-303,H1ESC
ENSG00000251143,-2.217689157027011,0.004158981139724163,H1ESC
ENSG00000254802,-7.798560007861611,0.0025810566768059684,H1ESC
ENSG00000076641,-8.639841433371945,7.990306605903421e-164,H1ESC
ENSG00000119771,-2.469266316311787,6.856205738606276e-97,H1ESC
ENSG00000168961,-6.66566775161277,2.43017984300471e-195,H1ESC
ENSG00000182054,-2.462085501629281,7.857407146781145e-207,H1ESC
ENSG00000140577,-3.1592005732657396,8.264204843606587e-167,H1ESC
ENSG00000067221,-2.529123001122736,1.1476781506622763e-27,H1ESC
ENSG00000275763,-2.475194065082154,0.010638007281292484,H1ESC
ENSG00000206503,-2.3883770097845654,1.5414781955202e-251,H1ESC
ENSG00000137310,-2.907076569634,5.076657768235489e-203,H1ESC
ENSG00000213058,-2.145066838405528,4.195293269452812e-83,H1ESC
ENSG00000228037,-4.76792592161614,0.0010004847738879397,H1ESC
ENSG00000271141,-2.1751934234100347,0.0017075063134856523,H1ESC
ENSG00000185811,-7.4375167339681205,0.0,H1ESC
ENSG00000205464,-2.13441729791257,6.138575325435037e-07,H1ESC
ENSG00000103653,-3.026772992349548,0.0,H1ESC
ENSG00000105329,-3.8799514790926963,0.0,H1ESC
ENSG00000253125,-10.599170174567673,5.122905620530343e-05,H1ESC
ENSG00000224376,-4.004359986259244,3.583997396167048e-14,H1ESC
ENSG00000068079,-5.4490295240819515,6.106701250874612e-98,H1ESC
ENSG00000070915,-11.184965740676768,1.7614956288666754e-05,H1ESC
ENSG00000175395,-2.1357528601911,4.0726863294545507e-14,H1ESC
ENSG00000204528,-6.042796097244744,0.016094279185967945,H1ESC
ENSG00000249738,-4.083989749133087,7.835003614145958e-14,H1ESC
ENSG00000270021,-4.42752309483528,0.00219277094150421,H1ESC
ENSG00000164081,-2.2495209151367868,1.3344777936954649e-56,H1ESC
ENSG00000267414,-4.3699141829018435,4.256138421887854e-06,H1ESC
ENSG00000101096,-4.591835472209842,3.028694944648511e-191,H1ESC
ENSG00000171608,-2.5015074315534,8.222388217029134e-258,H1ESC
ENSG00000116815,-4.0454538671323546,3.383113374691869e-122,H1ESC
ENSG00000150593,-3.003327903036016,2.1335193684045748e-256,H1ESC
ENSG00000107968,-3.0201268025567822,2.4527096445230285e-88,H1ESC
ENSG00000135605,-3.622047364399542,1.2028774659527268e-94,H1ESC
ENSG00000085117,-4.632628282864155,1.0024975326362525e-234,H1ESC
ENSG00000110934,-9.483102385670538,2.17522662446626e-20,H1ESC
ENSG00000188921,-3.2861675071495404,1.3262565617247266e-58,H1ESC
ENSG00000114841,-3.0455207008011205,1.1953229597546833e-63,H1ESC
ENSG00000237883,-2.767271294365191,1.4834709264169648e-07,H1ESC
ENSG00000224220,-9.084649138353274,2.3822960587442753e-10,H1ESC
ENSG00000185245,-6.794301746083832,0.007849835362590568,H1ESC
ENSG00000099840,-3.7651184256997867,1.1757906121541772e-25,H1ESC
ENSG00000280205,-2.375669828341835,0.0006877226134252486,H1ESC
ENSG00000256448,-3.552600604699957,0.0016025311533782133,H1ESC
ENSG00000174600,-5.1713752998361215,3.1088305636035824e-253,H1ESC
ENSG00000277851,-6.516058722481836,0.010427990851851988,H1ESC
ENSG00000054392,-3.721995704538481,8.197718389404267e-14,H1ESC
ENSG00000117091,-15.696653622323215,2.0730122350265833e-09,H1ESC
ENSG00000273295,-2.293348203279361,3.352981474030949e-14,H1ESC
ENSG00000019582,-7.090405175374346,0.0,H1ESC
ENSG00000187510,-8.015931459848897,0.0019823997921760393,H1ESC
ENSG00000144579,-2.0960965439286143,2.185266670017868e-113,H1ESC
ENSG00000184451,-6.002543183095913,4.792755449749606e-101,H1ESC
ENSG00000092529,-3.5639398442482415,0.009831846929987662,H1ESC
ENSG00000160013,-11.939699049858776,5.177021300323004e-06,H1ESC
ENSG00000185905,-9.26172558780662,1.0420936185724065e-10,H1ESC
ENSG00000077420,-10.640328859136151,5.643132824008564e-37,H1ESC
ENSG00000217527,-2.4658160039080053,0.0002894971356936893,H1ESC
ENSG00000130429,-2.5631420458761136,6.595066034413088e-45,H1ESC
ENSG00000221963,-7.3252928725234865,7.670192782196881e-154,H1ESC
ENSG00000139722,-2.9052103014422306,1.1389258233060468e-186,H1ESC
ENSG00000153283,-3.0065893559043246,0.007261913128288955,H1ESC
ENSG00000235831,-3.289753378657283,2.6175852001949775e-06,H1ESC
ENSG00000131142,-5.939220729292636,2.0074476004452096e-14,H1ESC
ENSG00000259953,-2.127723404403969,2.5485338970288727e-17,H1ESC
ENSG00000119673,-2.860408292583563,5.646283119058601e-42,H1ESC
ENSG00000168769,-4.504721392042245,0.0,H1ESC
ENSG00000236137,-3.550905938038148,5.617805396047403e-07,H1ESC
ENSG00000229953,-7.59617580740769,2.328644702450744e-13,H1ESC
ENSG00000285417,-11.741007133828038,7.459603829698663e-06,H1ESC
ENSG00000138621,-2.0509060963238266,4.7274870619956436e-43,H1ESC
ENSG00000110446,-2.2123342955201952,9.671033098966783e-110,H1ESC
ENSG00000258168,-5.833584553448353,1.774681142811833e-22,H1ESC
ENSG00000119632,-2.3004409149019613,6.336649607252207e-26,H1ESC
ENSG00000081052,-2.1001804283374597,1.309197848030248e-21,H1ESC
ENSG00000167720,-2.0156719666080867,2.3055137691958396e-19,H1ESC
ENSG00000196684,-7.040528363489006,9.515003127869234e-154,H1ESC
ENSG00000247121,-3.6705606592625126,6.17050440110203e-13,H1ESC
ENSG00000145103,-2.807219608852278,3.985422591830917e-31,H1ESC
ENSG00000217801,-2.500252044233501,2.2577270260650903e-09,H1ESC
ENSG00000064012,-3.8940756112521275,8.047612219223258e-126,H1ESC
ENSG00000272259,-5.832225827313761,6.315074153181656e-05,H1ESC
ENSG00000224020,-5.606894723561531,0.023019159581579025,H1ESC
ENSG00000114480,-2.9855861855730454,5.564760329156299e-141,H1ESC
ENSG00000162368,-2.1870615383412852,1.455083090524768e-159,H1ESC
ENSG00000198133,-3.128328542911605,9.333852283019917e-25,H1ESC
ENSG00000178852,-3.213589527870448,1.7354756838468587e-18,H1ESC
ENSG00000121281,-4.2097836869503436,1.9704219536227582e-294,H1ESC
ENSG00000137449,-2.765486589835237,8.578815153913976e-53,H1ESC
ENSG00000146592,-5.476236761139187,0.0,H1ESC
ENSG00000160216,-4.48635696934822,0.0,H1ESC
ENSG00000166436,-2.2884292696874646,1.1410662119762314e-60,H1ESC
ENSG00000110057,-2.376479706402135,1.2471017661868495e-125,H1ESC
ENSG00000139725,-2.1458875479775443,3.2260762579908825e-109,H1ESC
ENSG00000106948,-2.5306050192116074,0.0,H1ESC
ENSG00000188822,-13.33605233653094,3.6448725803305293e-07,H1ESC
ENSG00000148516,-7.789461925143618,4.7570365628753626e-73,H1ESC
ENSG00000124762,-4.618944149318394,0.0,H1ESC
ENSG00000026508,-4.8856809292679495,0.0,H1ESC
ENSG00000163840,-2.536088520578611,1.0507878260304388e-159,H1ESC
ENSG00000151093,-3.15230046028681,8.918444471569872e-26,H1ESC
ENSG00000253666,-9.899466930744524,0.00015067922995817056,H1ESC
ENSG00000252835,-3.694254719920892,6.105557689548897e-41,H1ESC
ENSG00000027697,-2.514849376173207,4.3368511553775464e-151,H1ESC
ENSG00000270972,-3.1547087694829608,0.00043467270823452885,H1ESC
ENSG00000170819,-8.509845252298637,0.001061395028582517,H1ESC
ENSG00000176472,-4.400052122355065,3.666081825560662e-06,H1ESC
ENSG00000250155,-5.878539444076891,4.752025130680338e-23,H1ESC
ENSG00000177981,-2.0353266147309457,1.0161722575990527e-38,H1ESC
ENSG00000100647,-3.3680431763561,6.697273044691087e-212,H1ESC
ENSG00000184922,-4.062655876299552,0.0,H1ESC
ENSG00000240505,-14.677163758680024,2.143666248846713e-08,H1ESC
ENSG00000260417,-3.12200136619179,3.6341760864991277e-09,H1ESC
ENSG00000248445,-4.12973352969069,0.00023423592965863491,H1ESC
ENSG00000076513,-2.534419563084102,1.0396047961508132e-190,H1ESC
ENSG00000163565,-8.907646725156113,4.952308232536965e-179,H1ESC
ENSG00000258461,-2.3427007645374958,0.016842805542467306,H1ESC
ENSG00000111490,-2.2778008050947562,2.902391892910884e-52,H1ESC
ENSG00000120949,-2.1594173275992277,4.0311333109303874e-200,H1ESC
ENSG00000260063,-2.033964585112812,2.3917373624057926e-05,H1ESC
ENSG00000258760,-8.918587534534092,0.0006158215744845703,H1ESC
ENSG00000165806,-2.7578667466856515,5.1298183295776306e-62,H1ESC
ENSG00000109320,-4.299383992211272,0.0,H1ESC
ENSG00000109762,-2.716365368544402,6.54725720222144e-234,H1ESC
ENSG00000138964,-7.1623870218232515,7.755308493530193e-165,H1ESC
ENSG00000129993,-4.8107473674176005,9.449908305191199e-43,H1ESC
ENSG00000262454,-2.011135249860921,9.270508412904158e-17,H1ESC
ENSG00000168405,-6.789342982091485,3.970028994050414e-15,H1ESC
ENSG00000160593,-2.64104528516981,9.371853658384744e-09,H1ESC
ENSG00000283189,-2.7798315297944116,0.026706704990694833,H1ESC
ENSG00000196189,-3.3108050973312912,2.7319951513837975e-180,H1ESC
ENSG00000259248,-2.1883824737924704,0.00010206844329031175,H1ESC
ENSG00000169896,-6.218615797398768,3.2830240296064566e-87,H1ESC
ENSG00000226659,-5.1967123257225385,0.031206980300476642,H1ESC
ENSG00000230943,-10.525961982616106,5.751256246051434e-05,H1ESC
ENSG00000086730,-9.348219349127241,1.2980916978354296e-116,H1ESC
ENSG00000135114,-9.249304493477412,0.0003892098679327097,H1ESC
ENSG00000144746,-2.0162855039912886,4.0867172900680975e-121,H1ESC
ENSG00000185880,-3.0237045117329755,9.227588843233097e-119,H1ESC
ENSG00000169136,-2.9321736198169104,2.374745691317002e-151,H1ESC
ENSG00000173559,-3.6765899618701927,6.763590667163529e-178,H1ESC
ENSG00000184060,-4.351977663093877,8.08406636454385e-35,H1ESC
ENSG00000279202,-2.6617446567528593,0.0032197546285490718,H1ESC
ENSG00000276410,-4.665141734058116,9.118241215589539e-197,H1ESC
ENSG00000186470,-2.4259909872135648,1.8705191576557008e-51,H1ESC
ENSG00000205593,-4.44286075568701,4.261077990225244e-85,H1ESC
ENSG00000237950,-2.413478048593907,0.0010359065878244025,H1ESC
ENSG00000237638,-9.334792667013494,7.526782786864597e-11,H1ESC
ENSG00000166411,-2.544096381261029,5.227555054286837e-203,H1ESC
ENSG00000079385,-3.249174112831931,6.48323693057614e-31,H1ESC
ENSG00000179583,-9.818815795763262,1.9830381237024783e-119,H1ESC
ENSG00000204472,-3.826318025574248,1.960287372857539e-67,H1ESC
ENSG00000160221,-4.794587546102472,1.3940994439092572e-05,H1ESC
ENSG00000189045,-2.0028761689917003,0.0024806367841897097,H1ESC
ENSG00000134686,-2.9611166153935184,7.961768548966074e-102,H1ESC
ENSG00000162643,-3.383760237428115,1.3251135812740563e-11,H1ESC
ENSG00000183780,-3.6669312527814717,3.12196969411667e-40,H1ESC
ENSG00000162924,-3.1424605476061576,6.100804824416569e-238,H1ESC
ENSG00000005102,-2.5224851432183377,0.005068517984727494,H1ESC
ENSG00000259291,-2.919363491367621,1.5407423225307163e-33,H1ESC
ENSG00000269404,-3.1979522030339456,3.767603405045031e-99,H1ESC
ENSG00000138722,-5.807213839795239,6.915898304069522e-08,H1ESC
ENSG00000112294,-2.653148711006677,1.4136514014762615e-67,H1ESC
ENSG00000189283,-2.5177510540698225,6.288648657341401e-15,H1ESC
ENSG00000271554,-4.172953586936492,0.003457060656659288,H1ESC
ENSG00000186517,-9.128130186226198,1.4308382521608805e-184,H1ESC
ENSG00000143333,-3.033302116655945,4.129325310217476e-154,H1ESC
ENSG00000003402,-6.985217525586146,2.2389192253257247e-237,H1ESC
ENSG00000108375,-2.697163208790797,2.9445413083279556e-11,H1ESC
ENSG00000150347,-3.1495915817603786,1.5638537391672653e-69,H1ESC
ENSG00000124772,-6.3888440441810745,2.6233748799539556e-100,H1ESC
ENSG00000143344,-3.451503572353003,1.0075978689619324e-145,H1ESC
ENSG00000213928,-3.3325991235553434,1.0857141891502259e-32,H1ESC
ENSG00000229127,-2.472855518383478,5.398895262103584e-09,H1ESC
ENSG00000109072,-3.627291764508948,0.0013213148087960324,H1ESC
ENSG00000069943,-2.282473805376372,1.2685158303162892e-27,H1ESC
ENSG00000166848,-2.354178284290012,2.401884500139076e-102,H1ESC
ENSG00000166401,-5.6260093021479065,2.701120875368005e-75,H1ESC
ENSG00000100351,-11.652701814216199,5.007364684020751e-16,H1ESC
ENSG00000128268,-2.3260888812600182,5.869925438687008e-136,H1ESC
ENSG00000166387,-2.460246948482437,2.4968171682207027e-96,H1ESC
ENSG00000133321,-2.114400799743672,5.997863103783915e-08,H1ESC
ENSG00000139291,-2.3452435860774,1.6236632337610227e-60,H1ESC
ENSG00000071909,-4.0674198632666,6.928008351589558e-19,H1ESC
ENSG00000265458,-2.1254218121545034,0.0013773112248812766,H1ESC
ENSG00000196547,-2.1858518269192486,3.947576583265153e-112,H1ESC
ENSG00000212402,-3.3134524601398523,4.945958296822726e-28,H1ESC
ENSG00000101265,-2.77728983748964,4.548198685190501e-242,H1ESC
ENSG00000152601,-4.334185360991617,0.0,H1ESC
ENSG00000126860,-11.202709361099851,1.7334302942108597e-05,H1ESC
ENSG00000213965,-2.9975169602815344,5.87406714617193e-69,H1ESC
ENSG00000231721,-3.4384045396734537,3.6578656657223466e-67,H1ESC
ENSG00000164850,-4.6543451814410135,1.295680119964681e-28,H1ESC
ENSG00000254911,-2.0069759044990554,2.056671522144554e-15,H1ESC
ENSG00000261360,-2.422698943857177,5.865731851374795e-06,H1ESC
ENSG00000279141,-5.19956201429435,0.03113320371834394,H1ESC
ENSG00000152133,-2.5008797066503567,2.2439110885442044e-55,H1ESC
ENSG00000115325,-2.9595840235247812,1.5392070804392098e-148,H1ESC
ENSG00000108798,-5.947595400624896,1.3897275419618252e-176,H1ESC
ENSG00000234719,-7.798994601568977,0.0025787804435577263,H1ESC
ENSG00000008513,-2.468245283148501,1.4146246010509276e-106,H1ESC
ENSG00000010030,-2.0058492506923753,0.0005079777068270918,H1ESC
ENSG00000171700,-2.4119438067469585,6.550917373790787e-71,H1ESC
ENSG00000203697,-5.3011051080322895,3.634860470177392e-11,H1ESC
ENSG00000104998,-2.176902819688232,3.98760965901459e-121,H1ESC
ENSG00000023892,-4.191568805464511,7.12906223695954e-196,H1ESC
ENSG00000185507,-3.882062391617229,9.631721855468259e-225,H1ESC
ENSG00000123329,-5.474691852863135,3.194426131088246e-213,H1ESC
ENSG00000179934,-7.239535091687699,3.327830742537866e-17,H1ESC
ENSG00000023902,-2.294758509097496,2.3484037631126825e-185,H1ESC
ENSG00000184371,-4.266157534936946,3.688972102061388e-158,H1ESC
ENSG00000125618,-6.193706753472684,1.8052952507722757e-05,H1ESC
ENSG00000168404,-3.092133233720561,1.095043926917337e-39,H1ESC
ENSG00000162733,-2.6985094473901694,5.596580000125152e-54,H1ESC
ENSG00000185347,-2.706750301430881,3.515687847778207e-48,H1ESC
ENSG00000172985,-4.317656706840468,5.26355016571372e-88,H1ESC
ENSG00000080503,-4.715078694100526,0.0,H1ESC
ENSG00000134138,-6.7422106728735445,5.686577504014835e-86,H1ESC
ENSG00000142347,-5.040818853529217,1.993300611015433e-186,H1ESC
ENSG00000100055,-9.60563021045596,7.089226433681793e-21,H1ESC
ENSG00000174514,-3.677044705282428,1.2117827393875003e-07,H1ESC
ENSG00000118640,-2.3130119911635534,1.1139730138201885e-81,H1ESC
ENSG00000224184,-4.7188393050615,2.2888975200663976e-10,H1ESC
ENSG00000232613,-2.3366734674859426,0.040585652156031285,H1ESC
ENSG00000227403,-3.486730103240377,9.410268009213619e-37,H1ESC
ENSG00000247982,-4.869484271933642,1.0591640365237402e-66,H1ESC
ENSG00000183454,-3.7875347243689017,5.632565677111441e-172,H1ESC
ENSG00000159216,-5.946868497029837,5.111843486006935e-78,H1ESC
ENSG00000063438,-5.777078711247982,3.304049528063534e-140,H1ESC
ENSG00000248309,-3.353368135342245,1.7521544612279603e-16,H1ESC
ENSG00000257345,-7.171668027521966,0.005265175529231812,H1ESC
ENSG00000163568,-2.3333992385573445,1.1258333101722755e-14,H1ESC
ENSG00000251364,-3.0454721817659345,1.7860205075327496e-11,H1ESC
ENSG00000148053,-3.515816300629824,1.3182428730857695e-07,H1ESC
ENSG00000148908,-3.6198244089922587,9.114486619299927e-121,H1ESC
ENSG00000131018,-2.130935361637954,1.1001991305380631e-64,H1ESC
ENSG00000182095,-3.335255319538574,2.6509971576822166e-264,H1ESC
ENSG00000197381,-2.3332346030033664,7.614008604284638e-144,H1ESC
ENSG00000255031,-2.3070615419020486,7.876206599938854e-11,H1ESC
ENSG00000182389,-2.473601329953828,1.1772490124143712e-52,H1ESC
ENSG00000072864,-2.064304510024712,1.2395014265177682e-125,H1ESC
ENSG00000236453,-4.5122140880137485,0.04775490957486322,H1ESC
ENSG00000188001,-3.768008773907544,7.31147873311943e-18,H1ESC
ENSG00000163874,-2.0083915100334933,4.796458500802048e-49,H1ESC
ENSG00000224114,-2.0135632252476054,3.0141963183816217e-69,H1ESC
ENSG00000235162,-2.5197234773641846,3.3324353025509614e-140,H1ESC
ENSG00000225764,-5.090348657779643,3.1991018854489304e-06,H1ESC
ENSG00000143507,-4.701335237174603,3.55003196500501e-123,H1ESC
ENSG00000100490,-2.3227862617429764,2.826272194252127e-17,H1ESC
ENSG00000224137,-9.293774285173587,0.0003643424239101079,H1ESC
ENSG00000229848,-2.071925024200192,0.0048258832671620455,H1ESC
ENSG00000089639,-2.227406989296101,3.7024659329786327e-143,H1ESC
ENSG00000197943,-5.525116346095187,0.0,H1ESC
ENSG00000213185,-2.308823786170073,0.00249675850324025,H1ESC
ENSG00000166317,-4.314137639555479,3.9085766745396e-18,H1ESC
ENSG00000136842,-5.228656980947218,1.4389608051941453e-150,H1ESC
ENSG00000042286,-2.9517428516759003,9.264035872032499e-81,H1ESC
ENSG00000136286,-9.938189000404481,1.7811672340952597e-220,H1ESC
ENSG00000173432,-7.739134398990461,0.0027744145278797393,H1ESC
ENSG00000173193,-2.6136213506725428,0.0,H1ESC
ENSG00000152492,-2.92182714724887,0.0,H1ESC
ENSG00000142327,-2.5830612856115946,1.630237886060541e-141,H1ESC
ENSG00000141293,-12.443415586116487,2.065434336014877e-06,H1ESC
ENSG00000167555,-4.505338932869795,3.24102648968764e-20,H1ESC
ENSG00000171791,-3.3428421685187586,5.074946890419266e-263,H1ESC
ENSG00000070190,-13.703561261848748,1.7194895029257355e-07,H1ESC
ENSG00000223865,-4.7498086431700095,0.0,H1ESC
ENSG00000057657,-4.472432289778619,1.6835765560174743e-45,H1ESC
ENSG00000066923,-3.533967759392948,2.5316784753864862e-79,H1ESC
ENSG00000126391,-2.0645848847497863,1.8514176383502407e-108,H1ESC
ENSG00000181722,-2.455118793609633,3.3535777180725126e-20,H1ESC
ENSG00000126709,-4.115513891288853,8.612129079124819e-92,H1ESC
ENSG00000134470,-3.7727470507660246,5.438245445766377e-26,H1ESC
ENSG00000215386,-5.207287656105676,0.0003273784179122634,H1ESC
ENSG00000233080,-4.326393770330951,0.0001104049383238048,H1ESC
ENSG00000110031,-7.257037892931632,1.2476368018128076e-235,H1ESC
ENSG00000141968,-8.731144132957295,6.789165036991995e-86,H1ESC
ENSG00000065809,-2.7342789124565927,1.240505175907261e-289,H1ESC
ENSG00000198515,-3.7777104408851856,2.5254966046079716e-15,H1ESC
ENSG00000173221,-2.318940817441579,2.1720495480787976e-70,H1ESC
ENSG00000110047,-2.138108652052797,1.4300120602190202e-201,H1ESC
ENSG00000111424,-3.3272985709907386,2.269809846193956e-23,H1ESC
ENSG00000162620,-2.312990854763939,2.3708073999551747e-05,H1ESC
ENSG00000141506,-3.884071903051027,9.345298052474794e-236,H1ESC
ENSG00000199568,-3.110945855606671,8.755489937912358e-38,H1ESC
ENSG00000138134,-2.4477399901325785,7.538827167518917e-55,H1ESC
ENSG00000119943,-2.1057225895389275,7.947423395547815e-18,H1ESC
ENSG00000216863,-10.824623244180083,3.534842319358361e-05,H1ESC
ENSG00000128573,-3.7872832599621105,2.4358854694628e-13,H1ESC
ENSG00000237181,-9.705158547270731,0.00020185723191926176,H1ESC
ENSG00000130038,-3.2943524482187816,4.104311110438333e-76,H1ESC
ENSG00000235101,-5.290703585417922,0.02918412503348532,H1ESC
ENSG00000104783,-7.785140318235422,2.658563058008273e-125,H1ESC
ENSG00000025708,-7.409837856647416,4.838525264336451e-55,H1ESC
ENSG00000113532,-5.966077706623799,5.135078035997732e-113,H1ESC
ENSG00000113580,-4.442281434822115,0.0,H1ESC
ENSG00000247774,-10.281855669675053,8.426629982722282e-05,H1ESC
ENSG00000104432,-5.3072698651372905,5.002703960914277e-09,H1ESC
ENSG00000108384,-3.000573004910476,1.7919638364683605e-76,H1ESC
ENSG00000259583,-3.637692946131231,3.165640756869052e-13,H1ESC
ENSG00000282851,-3.309288330953781,6.247398885893573e-26,H1ESC
ENSG00000167984,-6.6610966638619455,1.7151384192864835e-99,H1ESC
ENSG00000261366,-2.4920322546686298,2.9411314607868738e-05,H1ESC
ENSG00000258727,-2.1277827093274806,7.687199214402818e-10,H1ESC
ENSG00000006062,-2.5954300949006157,2.887026073186348e-125,H1ESC
ENSG00000122490,-2.119892193480347,2.761980940033539e-69,H1ESC
ENSG00000196951,-2.498510600102218,0.003186189720675124,H1ESC
ENSG00000185760,-2.4372890188381855,1.5798218565960417e-24,H1ESC
ENSG00000228903,-3.35167142552989,1.4157561372853338e-13,H1ESC
ENSG00000106153,-2.9213327611256226,0.0,H1ESC
ENSG00000229368,-2.439118716047848,2.6933670677692855e-06,H1ESC
ENSG00000135077,-6.224523439711267,1.475384017934156e-19,H1ESC
ENSG00000111331,-5.74042211038269,5.735218854950915e-258,H1ESC
ENSG00000130775,-2.115951304535863,3.973858223003851e-79,H1ESC
ENSG00000230628,-7.754090142549121,0.0027447805121702173,H1ESC
ENSG00000169499,-5.023814766226985,0.0,H1ESC
ENSG00000180448,-2.1751245620841297,9.106021931890312e-236,H1ESC
ENSG00000280163,-2.19482552172113,0.020357969257345405,H1ESC
ENSG00000180628,-4.262453588159783,1.6335745602631983e-230,H1ESC
ENSG00000120519,-2.8901296216596073,2.6718919532014655e-41,H1ESC
ENSG00000118432,-2.9288177152557684,1.8940436219821154e-73,H1ESC
ENSG00000139410,-2.7528735397236153,0.0008330469066525638,H1ESC
ENSG00000131979,-2.5472071829429273,4.547299132470656e-81,H1ESC
ENSG00000162882,-4.238442915462418,2.3438711586252007e-76,H1ESC
ENSG00000189227,-2.056014560314812,3.385386486218886e-13,H1ESC
ENSG00000100385,-6.769091200913021,1.6897912115200232e-289,H1ESC
ENSG00000227373,-3.6101959626184335,0.0002309898207674064,H1ESC
ENSG00000238062,-2.7020336383488823,9.259735211664378e-11,H1ESC
ENSG00000164430,-2.218752393107512,7.396078899833043e-67,H1ESC
ENSG00000234147,-7.524868313014316,0.0035640371197615327,H1ESC
ENSG00000245937,-2.9772371400775235,5.820745937636925e-58,H1ESC
ENSG00000273221,-8.266678867905307,0.0014499163651660156,H1ESC
ENSG00000135272,-2.447200128846557,9.430349673146535e-125,H1ESC
ENSG00000151702,-7.734579180167023,1.0802138146702728e-100,H1ESC
ENSG00000068028,-2.012543183598572,3.8310974372105e-50,H1ESC
ENSG00000198771,-7.2471137918264255,4.01909117548588e-214,H1ESC
ENSG00000146112,-2.2772693995678552,2.6319115775044933e-174,H1ESC
ENSG00000112992,-2.0462057073163678,1.1870293688712155e-109,H1ESC
ENSG00000272182,-4.1904501827714515,0.0036019507526411183,H1ESC
ENSG00000243710,-2.671753755896192,3.211726018267817e-07,H1ESC
ENSG00000081237,-11.579565631697186,4.968311769083311e-71,H1ESC
ENSG00000027075,-3.03143969536751,9.297231294698701e-111,H1ESC
ENSG00000205795,-5.601470917373064,6.35071664174946e-26,H1ESC
ENSG00000171132,-4.0420699951375685,2.635437917697555e-131,H1ESC
ENSG00000214021,-3.169541622286667,5.07472810692284e-61,H1ESC
ENSG00000154319,-3.9918303845461245,9.53938631381495e-55,H1ESC
ENSG00000273763,-2.548387881721088,0.01767377981436773,H1ESC
ENSG00000229474,-4.699954108894307,9.960096524222016e-31,H1ESC
ENSG00000198873,-3.4950170724604552,6.446787728996455e-92,H1ESC
ENSG00000168743,-7.248218403749268,5.912762540473064e-153,H1ESC
ENSG00000154678,-2.3382857833108313,3.82422470862266e-09,H1ESC
ENSG00000189223,-8.324712453330674,8.63903684831926e-30,H1ESC
ENSG00000093010,-2.835099040641558,2.19304590726203e-108,H1ESC
ENSG00000143458,-2.3222679421639563,8.292098195825942e-37,H1ESC
ENSG00000103811,-4.521792489031107,0.0,H1ESC
ENSG00000238531,-2.043032147332502,0.006527931863295717,H1ESC
ENSG00000271797,-2.148489530183564,0.01061399077793437,H1ESC
ENSG00000235172,-2.8425667349001364,0.010276382447852778,H1ESC
ENSG00000166888,-2.914807295997,0.0,H1ESC
ENSG00000124191,-3.9717794631506047,4.036173613745776e-104,H1ESC
ENSG00000171466,-3.0147237612668945,5.227831586898728e-79,H1ESC
ENSG00000095585,-11.860675641023043,1.532490445108667e-16,H1ESC
ENSG00000281501,-2.395418939110198,1.9390109687331445e-05,H1ESC
ENSG00000031081,-2.461505468656445,4.9134101714924085e-139,H1ESC
ENSG00000270062,-3.5465647957560686,4.794394428859125e-09,H1ESC
ENSG00000177182,-2.750200585871475,2.762124691643444e-06,H1ESC
ENSG00000272092,-2.0800028908070853,0.017391148981977002,H1ESC
ENSG00000130511,-2.758219880174238,6.162559939675675e-187,H1ESC
ENSG00000234816,-2.68673465677754,0.0034528591236625294,H1ESC
ENSG00000137491,-4.351980845366643,9.783792435209406e-05,H1ESC
ENSG00000133328,-3.6821208525873375,7.128735563613514e-07,H1ESC
ENSG00000170476,-9.89746170057962,4.232630753651372e-52,H1ESC
ENSG00000135090,-2.652342146361175,1.1072111320981972e-157,H1ESC
ENSG00000174004,-3.512527374561384,1.3218529032027117e-131,H1ESC
ENSG00000174501,-2.032424433427899,2.4012930729547575e-36,H1ESC
ENSG00000060558,-6.168743846964063,3.790703693350488e-46,H1ESC
ENSG00000164916,-2.2876580040816803,8.32564874899951e-214,H1ESC
ENSG00000172543,-7.4090059536312785,0.0040507814473012774,H1ESC
ENSG00000139626,-10.632088059394686,2.9125450369685743e-163,H1ESC
ENSG00000115919,-7.832557882495803,3.159444092566874e-50,H1ESC
ENSG00000178562,-4.651836498845243,0.04412525237141909,H1ESC
ENSG00000137842,-2.7614639258366873,1.5110758047460426e-45,H1ESC
ENSG00000167483,-7.894863267184661,4.330473965029978e-105,H1ESC
ENSG00000196511,-2.1204328075479837,1.0010928238678238e-10,H1ESC
ENSG00000202538,-2.2076298725368764,1.7891396225921362e-18,H1ESC
ENSG00000205056,-5.204059803951777,1.1657314202732267e-23,H1ESC
ENSG00000224614,-2.1779505869691578,0.04625770199079838,H1ESC
ENSG00000184489,-2.3312857888054017,8.631850940938616e-141,H1ESC
ENSG00000168675,-3.305179800053906,9.99905876961648e-43,H1ESC
ENSG00000112561,-5.567871242228285,1.1418510298799652e-226,H1ESC
ENSG00000110719,-3.256883319069058,1.0051560856457532e-284,H1ESC
ENSG00000182578,-7.304756734383953,2.1527115408918966e-12,H1ESC
ENSG00000256128,-5.089636722539131,0.03361169214879637,H1ESC
ENSG00000185482,-2.2480265922496643,5.622709738982492e-11,H1ESC
ENSG00000134109,-3.4100834381716383,0.0,H1ESC
ENSG00000247287,-3.2180399360026213,0.00426334632828192,H1ESC
ENSG00000154864,-2.1494261698265933,1.162365039161243e-171,H1ESC
ENSG00000134343,-4.874900496722588,0.0007526567461291511,H1ESC
ENSG00000145675,-2.372552531479407,7.13766115897255e-148,H1ESC
ENSG00000106701,-2.7330654610783673,2.868563061201177e-105,H1ESC
ENSG00000136936,-2.190582435603513,2.3173750202957675e-16,H1ESC
ENSG00000169413,-7.7163813178373815,9.489094925973306e-14,H1ESC
ENSG00000275074,-4.008224705362148,2.115770224363742e-40,H1ESC
ENSG00000260793,-2.209785700804396,1.0339587577137135e-07,H1ESC
ENSG00000154265,-3.1669573967425286,2.989731958112002e-79,H1ESC
ENSG00000259712,-7.792315471575515,0.0026256972266858344,H1ESC
ENSG00000107796,-4.2299342522893255,1.6635304352568288e-69,H1ESC
ENSG00000231925,-2.9211125492382664,0.0,H1ESC
ENSG00000137265,-8.06011826986026,0.0,H1ESC
ENSG00000240065,-6.656023908332671,1.9774772268312883e-190,H1ESC
ENSG00000244509,-2.9779575591328458,0.0,H1ESC
ENSG00000074706,-3.325752257648963,3.764192022920801e-24,H1ESC
ENSG00000234745,-5.10193634427259,0.0,H1ESC
ENSG00000151876,-5.036338137390895,9.578905986148501e-37,H1ESC
ENSG00000218018,-3.740156752502707,0.00789295439888729,H1ESC
ENSG00000086062,-2.508014819003586,3.0936325327012303e-245,H1ESC
ENSG00000183011,-2.383562874603788,4.2596671736115034e-55,H1ESC
ENSG00000163683,-2.9331927180491513,0.0,H1ESC
ENSG00000026950,-2.2326562595990254,6.63591406665783e-43,H1ESC
ENSG00000197584,-9.752933105107065,0.00018751410621064435,H1ESC
ENSG00000198520,-4.33425659781659,2.0438944045185584e-23,H1ESC
ENSG00000144130,-2.356905022202836,0.039908188354267383,H1ESC
ENSG00000164088,-2.691706151464639,3.230711282600332e-63,H1ESC
ENSG00000284882,-4.673858853310359,2.4889160396596116e-05,H1ESC
ENSG00000158050,-4.684758793022912,0.0,H1ESC
ENSG00000013364,-4.097107797811193,8.09067916448627e-246,H1ESC
ENSG00000225528,-7.817435567148944,0.0025258242322432852,H1ESC
ENSG00000234705,-4.6759858957803795,0.0012000365639048167,H1ESC
ENSG00000145016,-2.322525401663578,4.006077988720086e-196,H1ESC
ENSG00000266094,-5.918944005694402,0.0,H1ESC
ENSG00000100628,-5.945327774794045,9.037693581671665e-122,H1ESC
ENSG00000067066,-9.088549716745364,6.577149846736869e-110,H1ESC
ENSG00000188707,-5.095007632013886,1.1401781539817625e-69,H1ESC
ENSG00000087237,-7.198636609768568,0.005121558241088803,H1ESC
ENSG00000248980,-2.9788166295926866,0.000390611705657807,H1ESC
ENSG00000120278,-2.230317938116019,4.182605605427287e-27,H1ESC
ENSG00000100024,-5.542000704847759,1.983390130215031e-12,H1ESC
ENSG00000110777,-16.21756486894994,5.588922158061206e-10,H1ESC
ENSG00000125347,-3.426864502429575,1.221658905141554e-170,H1ESC
ENSG00000245648,-4.201378507355348,3.369626802836071e-09,H1ESC
ENSG00000180353,-8.819697907354266,1.3780165352027508e-209,H1ESC
ENSG00000114779,-3.574100641789449,1.748140012649134e-120,H1ESC
ENSG00000200087,-2.5576162722258076,3.8944382273460234e-240,H1ESC
ENSG00000004139,-2.0609581912410753,8.080676291227222e-73,H1ESC
ENSG00000140368,-5.618320627088025,1.9258576856457085e-59,H1ESC
ENSG00000182586,-7.943216433776871,0.0021807352523353116,H1ESC
ENSG00000196975,-2.2650151295766037,8.417046787742837e-76,H1ESC
ENSG00000073417,-2.8614660680161546,8.481750385048246e-105,H1ESC
ENSG00000128016,-2.357376517017133,6.017723043621876e-73,H1ESC
ENSG00000232124,-6.13751684294008,0.014880591450537453,H1ESC
ENSG00000159212,-4.913216344307064,4.0226443607128564e-200,H1ESC
ENSG00000175463,-8.311696875723348,1.758066433953561e-77,H1ESC
ENSG00000169220,-2.328293788238763,8.759324474801339e-114,H1ESC
ENSG00000187608,-3.814032870958874,2.804381407591437e-180,H1ESC
ENSG00000238005,-3.7733305794488428,0.0070542746361330405,H1ESC
ENSG00000084070,-4.841498676203858,0.0,H1ESC
ENSG00000123609,-3.674094835921183,1.2684089754985568e-109,H1ESC
ENSG00000115896,-3.07098976877709,0.0002275114550383779,H1ESC
ENSG00000168918,-4.62025513837168,0.0,H1ESC
ENSG00000159618,-2.0375167695133984,1.4109875380342647e-73,H1ESC
ENSG00000169189,-2.35476236728188,2.8865563309744475e-57,H1ESC
ENSG00000273118,-8.015940862247689,0.001982365037777611,H1ESC
ENSG00000166501,-3.8418129515836044,0.0,H1ESC
ENSG00000077150,-3.226256013986136,0.0,H1ESC
ENSG00000138795,-4.310303756340978,9.23629623685938e-70,H1ESC
ENSG00000170482,-7.207879445914159,5.385585495177786e-07,H1ESC
ENSG00000223722,-3.6339683571193775,0.00021727893830722942,H1ESC
ENSG00000103522,-9.355258426164545,8.310010704756223e-211,H1ESC
ENSG00000226380,-3.292273021712288,5.550285852398329e-22,H1ESC
ENSG00000164330,-6.887156010777346,6.547824331321992e-60,H1ESC
ENSG00000139193,-9.737398615228967,9.252060742385756e-41,H1ESC
ENSG00000143499,-2.6804348828357987,3.5792094806660745e-45,H1ESC
ENSG00000006555,-2.511204272665642,1.9386220122145114e-17,H1ESC
ENSG00000147526,-3.9810342586531995,0.0,H1ESC
ENSG00000285106,-2.801245651620465,3.4963080882622683e-09,H1ESC
ENSG00000164543,-2.6165597626692647,1.715320716073824e-120,H1ESC
ENSG00000005020,-3.050842188232535,1.5623456126460105e-96,H1ESC
ENSG00000175567,-2.6787568362643324,6.172089786808176e-216,H1ESC
ENSG00000205683,-4.555694076640663,1.838161573489386e-15,H1ESC
ENSG00000147434,-3.9200460921344877,6.279241040300544e-06,H1ESC
ENSG00000187688,-6.236942389161692,1.0929611406560591e-173,H1ESC
ENSG00000035664,-2.1229194596949594,1.3105677199416993e-13,H1ESC
ENSG00000048471,-3.133919390772015,1.8812035229831438e-257,H1ESC
ENSG00000162241,-5.932189227004664,4.4977685527063524e-86,H1ESC
ENSG00000235531,-3.7395225438799566,2.581277335748635e-29,H1ESC
ENSG00000115935,-5.179147502775525,0.0,H1ESC
ENSG00000198399,-2.37461697841635,3.778600708499215e-176,H1ESC
ENSG00000130303,-4.401426230931231,0.0,H1ESC
ENSG00000150637,-9.999869734661667,3.203971870434636e-53,H1ESC
ENSG00000125089,-9.386826950343643,5.88109492004031e-38,H1ESC
ENSG00000124788,-4.2432478669047615,4.0132134376738506e-302,H1ESC
ENSG00000135218,-7.086141840924884,9.368650989947215e-201,H1ESC
ENSG00000128340,-7.770931767403424,0.0,H1ESC
ENSG00000146094,-4.254061069609635,2.0928720292816298e-285,H1ESC
ENSG00000242444,-2.5764600434722564,0.03429924790534725,H1ESC
ENSG00000163947,-4.279038174104619,5.071118129052683e-298,H1ESC
ENSG00000143297,-3.1537459469295257,1.8805671362018204e-40,H1ESC
ENSG00000137628,-3.1060819755778275,2.7516368483009595e-54,H1ESC
ENSG00000254910,-2.1953505310614476,0.0013302442027590463,H1ESC
ENSG00000198382,-2.293020516940647,1.5019095562427767e-95,H1ESC
ENSG00000119403,-2.556596313401589,8.993353837338016e-211,H1ESC
ENSG00000127124,-5.790216035210041,7.167255986769913e-180,H1ESC
ENSG00000108405,-4.025890122907998,5.591702349775734e-19,H1ESC
ENSG00000172183,-4.026200578627934,1.1623267476886625e-112,H1ESC
ENSG00000124406,-2.4241998940443032,5.090668638420368e-170,H1ESC
ENSG00000171992,-3.956561014666756,3.7872755582385384e-158,H1ESC
ENSG00000131323,-2.636161225126965,3.139466259902967e-209,H1ESC
ENSG00000134324,-2.9075811025210587,6.093620492195564e-245,H1ESC
ENSG00000136634,-5.858231552713224,0.01886467677263143,H1ESC
ENSG00000179833,-2.889023712966177,4.902687300232441e-156,H1ESC
ENSG00000224875,-5.183546953899545,0.00034604932665523635,H1ESC
ENSG00000168421,-3.982467875302971,1.6030715066137429e-137,H1ESC
ENSG00000272620,-8.253409854987568,8.840079446292014e-09,H1ESC
ENSG00000145901,-3.4250574916306618,0.0,H1ESC
ENSG00000258561,-3.1949776681524966,0.0001524912935752615,H1ESC
ENSG00000224597,-8.51080664050478,2.9230629557908195e-09,H1ESC
ENSG00000278231,-3.8976251752710764,6.781057744335996e-06,H1ESC
ENSG00000143603,-2.735637617088779,2.408348493353708e-95,H1ESC
ENSG00000069702,-2.1337406614386016,6.653025810261827e-60,H1ESC
ENSG00000076928,-2.098760413327218,8.390598789876005e-200,H1ESC
ENSG00000226149,-2.3068259675690066,0.0415023215582211,H1ESC
ENSG00000168071,-2.928438490138876,2.504750480760803e-176,H1ESC
ENSG00000258101,-3.0710433838645437,0.005729739711970071,H1ESC
ENSG00000136048,-2.6999909768705015,1.882751189003896e-92,H1ESC
ENSG00000262246,-2.3824698984155988,2.708002843372721e-43,H1ESC
ENSG00000266405,-2.0002705435512387,0.0030448060941108794,H1ESC
ENSG00000138190,-2.12629323684696,2.5640292957305117e-37,H1ESC
ENSG00000160183,-3.277611353130693,0.0002415432747458354,H1ESC
ENSG00000124151,-2.39125074963318,0.0,H1ESC
ENSG00000100949,-2.05588079642948,1.5401144322087323e-61,H1ESC
ENSG00000243225,-5.437971089075519,0.00017535267013812426,H1ESC
ENSG00000051108,-2.420945379792791,2.3599946279396763e-150,H1ESC
ENSG00000081320,-3.1006151757582825,2.542680978823544e-303,H1ESC
ENSG00000167173,-2.0038058869173945,1.3232785218904732e-213,H1ESC
ENSG00000204592,-4.194075412671082,0.0,H1ESC
ENSG00000236935,-5.282262681735902,0.0002661510412354225,H1ESC
ENSG00000110711,-2.4903673366604537,1.844403209857167e-134,H1ESC
ENSG00000132744,-9.305271376165543,8.4980565657147e-11,H1ESC
ENSG00000170627,-7.023559220427483,7.631433297149125e-49,H1ESC
ENSG00000159176,-2.0266942386013858,1.8913389939168302e-97,H1ESC
ENSG00000160050,-2.5173799757307345,2.6508769019894007e-78,H1ESC
ENSG00000100911,-2.5980155729933676,1.1963475771994224e-241,H1ESC
ENSG00000130755,-13.649544540164136,1.9292268578577736e-07,H1ESC
ENSG00000104894,-11.06409120068272,1.8660493352006062e-52,H1ESC
ENSG00000273096,-4.457976564234727,7.342369367896692e-05,H1ESC
ENSG00000162704,-2.507274780590082,9.670765374653652e-283,H1ESC
ENSG00000079263,-6.8643144297754475,8.165615338303636e-232,H1ESC
ENSG00000138172,-3.5079991165779623,2.7924634709513872e-37,H1ESC
ENSG00000132274,-2.3480593197086423,6.455749012085318e-200,H1ESC
ENSG00000167323,-2.677496744205653,1.6473789175605785e-184,H1ESC
ENSG00000214900,-3.8823201245823715,5.939098678203655e-23,H1ESC
ENSG00000258376,-2.7806003690275443,1.9366405419618869e-19,H1ESC
ENSG00000125637,-7.354124216945888,0.0,H1ESC
ENSG00000105755,-2.079993857848074,1.2544707447291499e-48,H1ESC
ENSG00000078401,-2.0412451497423265,5.049108863034163e-08,H1ESC
ENSG00000136040,-4.733942140737416,2.0338165195417104e-85,H1ESC
ENSG00000176978,-3.8679097678623595,2.322694094214668e-296,H1ESC
ENSG00000135744,-3.868165526109157,0.0005995464059651925,H1ESC
ENSG00000167895,-6.036360708451627,0.0,H1ESC
ENSG00000264739,-6.256353546950197,0.013231505109946279,H1ESC
ENSG00000170006,-5.395906187457374,5.22356648735452e-204,H1ESC
ENSG00000258602,-5.592990295737411,2.310731741715674e-07,H1ESC
ENSG00000259003,-3.45192364008544,0.0024447492578629727,H1ESC
ENSG00000176927,-2.1200587476735695,0.0019294166468074806,H1ESC
ENSG00000075945,-2.9638262477782833,4.904369720139927e-66,H1ESC
ENSG00000183172,-2.176168122242238,2.9627284737933425e-64,H1ESC
ENSG00000126264,-4.975385283458094,8.082336588313305e-07,H1ESC
ENSG00000139173,-2.480472048072041,1.6661729981429352e-14,H1ESC
ENSG00000259772,-7.570895783482538,7.140349811055059e-19,H1ESC
ENSG00000112659,-2.2520600005915345,3.831696566178996e-95,H1ESC
ENSG00000204261,-5.133682442368597,6.845634233286954e-59,H1ESC
ENSG00000105982,-2.1139943282381393,2.489004268796892e-05,H1ESC
ENSG00000105810,-2.833154761763143,0.0,H1ESC
ENSG00000115317,-2.033099765686143,2.289039291673703e-65,H1ESC
ENSG00000101445,-3.7021079093581184,0.0,H1ESC
ENSG00000171984,-2.4646845534247817,4.9700226119747296e-20,H1ESC
ENSG00000182557,-6.349317396996982,1.1168377503019452e-05,H1ESC
ENSG00000160991,-2.237480794006278,6.835987439891261e-146,H1ESC
ENSG00000115415,-3.236455844094586,0.0,H1ESC
ENSG00000120725,-3.621687362913604,8.28129780447871e-96,H1ESC
ENSG00000243414,-2.654823408649416,0.0004289582063473773,H1ESC
ENSG00000105122,-9.242555780837646,1.871907749709438e-88,H1ESC
ENSG00000240527,-6.405578962962289,9.395456365120862e-06,H1ESC
ENSG00000203865,-2.4545482214054015,1.8643942171941957e-05,H1ESC
ENSG00000159261,-9.463745281664515,0.00028646364639438,H1ESC
ENSG00000226791,-5.593490664172896,0.023321089302366527,H1ESC
ENSG00000179532,-2.4303482168271926,3.302032908290828e-74,H1ESC
ENSG00000164674,-4.329960833807956,2.627210767653398e-33,H1ESC
ENSG00000173567,-2.2876139275004013,1.0610349262273201e-08,H1ESC
ENSG00000115008,-3.7615214048379286,1.1319318052678183e-24,H1ESC
ENSG00000122012,-3.1305043022294288,4.277349921343043e-14,H1ESC
ENSG00000090339,-4.525446550810166,0.0,H1ESC
ENSG00000134070,-2.1236158991425396,1.9144472094152845e-17,H1ESC
ENSG00000259088,-3.259847770357497,0.0160849481640649,H1ESC
ENSG00000275410,-4.715677038770525,5.798614660682575e-12,H1ESC
ENSG00000162849,-5.469641380004824,2.400761948813646e-106,H1ESC
ENSG00000027869,-2.7816766124808887,2.150047735676118e-33,H1ESC
ENSG00000030419,-5.7732299452597,0.0,H1ESC
ENSG00000226200,-2.016447780672556,1.925953890046062e-12,H1ESC
ENSG00000236591,-8.650973301946049,0.000886536760715559,H1ESC
ENSG00000228382,-2.1657126809602363,0.03166583094694347,H1ESC
ENSG00000100299,-2.0206104082218395,2.4809161594828967e-38,H1ESC
ENSG00000180902,-2.23894974497643,2.7859137067454913e-71,H1ESC
ENSG00000175482,-2.3078122543358046,1.144712682102638e-19,H1ESC
ENSG00000180279,-2.3403883091004904,0.00021330600253297285,H1ESC
ENSG00000109436,-3.954980412236245,4.1935592597433725e-115,H1ESC
ENSG00000162542,-2.6517485125295113,2.744816920837408e-49,H1ESC
ENSG00000148935,-4.935318214385461,2.180407714706945e-65,H1ESC
ENSG00000213693,-2.2019749775948805,2.4941964836327326e-05,H1ESC
ENSG00000164307,-2.84648563271181,6.435006626863144e-245,H1ESC
ENSG00000172081,-4.452809380189622,0.0,H1ESC
ENSG00000104814,-5.957718269232595,0.0,H1ESC
ENSG00000184574,-5.704647505808778,1.7858522968224424e-32,H1ESC
ENSG00000124203,-6.6900887128579205,1.9926714049797297e-10,H1ESC
ENSG00000092010,-2.4973184539611633,3.7709527592323885e-211,H1ESC
ENSG00000145476,-2.5029808503155726,1.013917640539456e-23,H1ESC
ENSG00000164776,-2.088327704070911,0.012325034654011096,H1ESC
ENSG00000109943,-4.124940055704771,1.2978022905878056e-06,H1ESC
ENSG00000122008,-2.0842615308608514,1.938041137656839e-64,H1ESC
ENSG00000163932,-2.228809703810021,9.633750602344189e-165,H1ESC
ENSG00000126353,-10.919295733398297,4.1130214786114026e-75,H1ESC
ENSG00000104140,-2.7693673709467146,4.025458459848264e-30,H1ESC
ENSG00000146232,-2.656578669116998,7.9610493823619085e-115,H1ESC
ENSG00000273151,-4.633152450291525,2.9534937029952276e-05,H1ESC
ENSG00000180096,-6.913453682442031,3.1211562588924904e-164,H1ESC
ENSG00000103472,-5.284958275375064,0.02932468349628934,H1ESC
ENSG00000257913,-3.553841258900876,2.877741598797005e-23,H1ESC
ENSG00000265206,-11.979698082536649,7.432427533646657e-17,H1ESC
ENSG00000154237,-4.115155446095949,0.0,H1ESC
ENSG00000144476,-3.1459821317367984,2.0230536591970896e-20,H1ESC
ENSG00000068724,-2.0279427095732188,1.6526738386238088e-113,H1ESC
ENSG00000185404,-4.814328554305762,5.828992675303543e-10,H1ESC
ENSG00000134516,-5.005887906562638,0.0,H1ESC
ENSG00000076662,-3.834380370137812,3.1261820530180376e-281,H1ESC
ENSG00000226742,-3.1610962295513727,2.697063029337492e-10,H1ESC
ENSG00000230155,-6.026125099277974,3.213627313991864e-05,H1ESC
ENSG00000168078,-2.67018912197113,3.1883844080319374e-75,H1ESC
ENSG00000138378,-4.3576277861317045,1.0620179414688721e-24,H1ESC
ENSG00000142227,-3.2806214039313497,1.1873612522177014e-124,H1ESC
ENSG00000249993,-4.645957448847687,0.0013811818195612585,H1ESC
ENSG00000100599,-4.343045848728207,2.662458834572442e-122,H1ESC
ENSG00000151575,-3.1459779782480686,1.9463562372606551e-159,H1ESC
ENSG00000153898,-4.533304433753206,7.72141096178591e-296,H1ESC
ENSG00000157601,-7.098273145254327,0.0,H1ESC
ENSG00000225335,-2.5588721812021666,8.754103839264707e-05,H1ESC
ENSG00000073282,-7.45374399122832,4.3703828219328525e-29,H1ESC
ENSG00000178685,-5.2859311236887025,2.9521643716044424e-243,H1ESC
ENSG00000164037,-2.150394678115883,0.007446976203968175,H1ESC
ENSG00000112137,-2.4714859032551053,1.8125358930219614e-181,H1ESC
ENSG00000007968,-2.357074998386945,2.263892027866708e-109,H1ESC
ENSG00000214106,-3.4462002697743883,6.676147538854959e-22,H1ESC
ENSG00000185129,-2.5214558462903023,1.0396182914064502e-102,H1ESC
ENSG00000123146,-5.510245341412882,1.7527314380259336e-57,H1ESC
ENSG00000188596,-4.113704785987583,1.9531338943371423e-05,H1ESC
ENSG00000196421,-5.524623035822384,2.8045239704563086e-100,H1ESC
ENSG00000074966,-4.380819395759771,1.7575939337455223e-07,H1ESC
ENSG00000198833,-2.964802221577847,0.0,H1ESC
ENSG00000229989,-4.562324557964329,3.752201977638523e-08,H1ESC
ENSG00000234663,-7.699402418170156,0.002902775260219015,H1ESC
ENSG00000264278,-3.394714221718345,1.1288642339608555e-08,H1ESC
ENSG00000205885,-2.80678808759545,2.6785755934461698e-61,H1ESC
ENSG00000178057,-2.0215459686475965,3.147788901088594e-56,H1ESC
ENSG00000165959,-3.0310437779071098,7.089671938617915e-195,H1ESC
ENSG00000119917,-6.19732275152376,7.927534214525062e-125,H1ESC
ENSG00000159231,-2.091319292719052,2.4504564257761864e-16,H1ESC
ENSG00000197536,-6.306888607822316,2.9878851246448224e-34,H1ESC
ENSG00000081189,-8.21398211460701,0.0,H1ESC
ENSG00000254101,-6.045910399483568,0.016026292293376557,H1ESC
ENSG00000105928,-4.428460965200622,0.0,H1ESC
ENSG00000168685,-5.318750029135281,4.484627129158656e-09,H1ESC
ENSG00000140009,-2.8518775009401702,4.690360349813295e-07,H1ESC
ENSG00000072818,-2.6805094167139876,6.751594880538047e-253,H1ESC
ENSG00000267121,-4.689734390419785,3.1651627790150026e-10,H1ESC
ENSG00000256039,-13.168743455568078,5.142972278264159e-07,H1ESC
ENSG00000200502,-2.674729887114934,0.001662220599936367,H1ESC
ENSG00000253824,-3.5507658734183645,0.010100532449711212,H1ESC
ENSG00000184988,-2.3816694286293965,1.6276906110631515e-39,H1ESC
ENSG00000172349,-8.915255149488866,4.875902754170185e-66,H1ESC
ENSG00000145287,-8.351898631263317,2.785151780988163e-125,H1ESC
ENSG00000164038,-2.9526031604742013,1.3795040506268172e-69,H1ESC
ENSG00000066336,-8.86063339111453,6.142720306251418e-18,H1ESC
ENSG00000102879,-7.156600465137598,0.0,H1ESC
ENSG00000131378,-5.1924115429766475,0.0,H1ESC
ENSG00000197980,-5.12925443988838,0.00040217331769026074,H1ESC
ENSG00000072858,-9.255326721500536,3.355853047968874e-28,H1ESC
ENSG00000151320,-3.8076181818519026,5.36888508845341e-35,H1ESC
ENSG00000216937,-2.7792980933546896,6.332764951687508e-14,H1ESC
ENSG00000111886,-2.147748955559968,0.032584909260716825,H1ESC
ENSG00000160789,-2.1851561004918736,1.2251297699479325e-171,H1ESC
ENSG00000155849,-2.004187048415683,1.0317943222259104e-110,H1ESC
ENSG00000065413,-6.934766220564301,1.123100103701757e-231,H1ESC
ENSG00000177453,-4.4518935235951975,6.475844907895151e-05,H1ESC
ENSG00000197043,-2.9413561168650584,0.0,H1ESC
ENSG00000108557,-5.104198834043051,2.7987843351110343e-295,H1ESC
ENSG00000156711,-2.0736871767552056,1.8826193183318928e-79,H1ESC
ENSG00000229931,-3.20019121655273,1.0204962736693322e-05,H1ESC
ENSG00000285802,-4.779055632174239,0.040966718118959584,H1ESC
ENSG00000152495,-2.713455650445877,9.595303357926847e-158,H1ESC
ENSG00000011590,-6.714837423966521,4.0963202326759553e-97,H1ESC
ENSG00000134046,-2.736471954198809,5.6535760600243345e-204,H1ESC
ENSG00000118308,-11.665549937588073,3.406234603611143e-44,H1ESC
ENSG00000056558,-6.622518233715672,0.0,H1ESC
ENSG00000236297,-5.090833855148341,0.03358933338558241,H1ESC
ENSG00000120899,-5.733426065677731,0.0,H1ESC
ENSG00000254777,-7.457155044475386,0.0038375169700810017,H1ESC
ENSG00000259207,-7.712122570759114,1.8902413313949633e-25,H1ESC
ENSG00000124721,-4.315741541565398,0.0026035098357015006,H1ESC
ENSG00000112799,-13.382827186508248,3.3297562716803024e-07,H1ESC
ENSG00000121851,-2.709651280328433,2.9943611810905885e-11,H1ESC
ENSG00000228863,-3.8802452528539657,8.475969487123756e-06,H1ESC
ENSG00000241399,-2.068419166431442,4.1105009378492897e-08,H1ESC
ENSG00000171617,-2.46344531284891,7.566276731709153e-165,H1ESC
ENSG00000197471,-6.800580972304475,0.0,H1ESC
ENSG00000221887,-3.374353010334673,1.8246555469631594e-41,H1ESC
ENSG00000131401,-12.741545740491423,7.830676328942151e-19,H1ESC
ENSG00000119408,-3.2028647433585475,2.1897033234541614e-294,H1ESC
ENSG00000197249,-9.776019189143346,0.00018151586148839962,H1ESC
ENSG00000233184,-2.3552035928820816,2.307461562005775e-15,H1ESC
ENSG00000145850,-7.697580352397428,0.002916423070223627,H1ESC
ENSG00000241163,-3.1512785398561403,1.810183323259152e-22,H1ESC
ENSG00000276116,-2.837450162219726,1.4761910252934244e-11,H1ESC
ENSG00000108639,-3.101174613874277,0.0,H1ESC
ENSG00000166710,-5.709390843446752,0.0,H1ESC
ENSG00000137166,-2.0358937427535277,8.076814225807755e-113,H1ESC
ENSG00000127399,-5.45116539327216,1.6149647804052542e-62,H1ESC
ENSG00000253522,-7.612255004401491,2.7525090057476915e-47,H1ESC
ENSG00000178878,-3.6965791759969746,6.268918221646306e-31,H1ESC
ENSG00000257953,-4.380452221265887,0.0024425836266161694,H1ESC
ENSG00000232104,-2.646000931689805,4.824119724095383e-08,H1ESC
ENSG00000227124,-11.485100245566887,1.1639133546870389e-05,H1ESC
ENSG00000157734,-2.442825844833683,3.8574826613063873e-66,H1ESC
ENSG00000197442,-4.064109661165577,1.6962541214318253e-248,H1ESC
ENSG00000143851,-15.116926415004993,7.94709835166642e-09,H1ESC
ENSG00000264773,-6.483332462238802,0.010705006458222501,H1ESC
ENSG00000175262,-2.779727766221871,4.987668885826242e-05,H1ESC
ENSG00000231672,-2.765256693458351,0.02712370761322863,H1ESC
ENSG00000279539,-2.0546821545709553,0.0051146986801454885,H1ESC
ENSG00000103187,-2.2740487965601908,0.0,H1ESC
ENSG00000154822,-2.352657025848207,2.226550064990883e-102,H1ESC
ENSG00000049239,-2.7262586861797056,7.887223071712139e-184,H1ESC
ENSG00000186827,-5.157459118008274,9.929142585053183e-13,H1ESC
ENSG00000237520,-4.656227235818827,0.044030940156166515,H1ESC
ENSG00000263528,-2.056530355715533,3.0582773724191535e-61,H1ESC
ENSG00000164241,-5.0557306661026296,2.415039109182657e-25,H1ESC
ENSG00000096968,-3.2469939540792314,9.102461832917547e-119,H1ESC
ENSG00000168386,-5.31882170516892,2.862443549677585e-18,H1ESC
ENSG00000242539,-2.1726394876755446,0.004000639442738454,H1ESC
ENSG00000169752,-5.033505742425669,5.091103404802e-12,H1ESC
ENSG00000163644,-2.2576418117338632,3.1147182645047994e-116,H1ESC
ENSG00000162777,-8.447384053731948,1.934525221815114e-156,H1ESC
ENSG00000260101,-6.001466258842914,4.6244306001317276e-21,H1ESC
ENSG00000284685,-2.20913882615944,0.030183482349804145,H1ESC
ENSG00000186998,-2.006114447774345,2.7027775088976268e-24,H1ESC
ENSG00000115165,-9.205555005309034,1.3507976556214599e-53,H1ESC
ENSG00000155729,-2.3481061243103305,2.6541788042715115e-35,H1ESC
ENSG00000043462,-7.3429628815519035,2.0622635066876318e-69,H1ESC
ENSG00000251513,-3.213216947536182,0.00034258493510355015,H1ESC
ENSG00000245146,-2.7676020214358212,0.00022995242566293013,H1ESC
ENSG00000261114,-2.0608994810129997,0.010134154401815898,H1ESC
ENSG00000277496,-8.145408256340414,0.0016897315356660964,H1ESC
ENSG00000156860,-2.951231187045607,2.712899190803475e-289,H1ESC
ENSG00000245479,-3.86902722567658,0.006366356915569171,H1ESC
ENSG00000235142,-4.651836498845243,0.04412525237141909,H1ESC
ENSG00000105963,-3.2385381624157494,3.88084992501161e-50,H1ESC
ENSG00000135899,-3.9536074377072707,7.223288718335937e-230,H1ESC
ENSG00000182732,-4.1990494434549674,1.484632965336595e-70,H1ESC
ENSG00000270964,-2.1639525462642695,0.000812125910062878,H1ESC
ENSG00000111816,-3.2707912325966393,1.1814822375387612e-35,H1ESC
ENSG00000171631,-2.4112572541855677,0.039863950161358325,H1ESC
ENSG00000010310,-4.4813426460658246,2.6376876208450803e-67,H1ESC
ENSG00000121594,-11.178121846717044,6.769979858654121e-15,H1ESC
ENSG00000231105,-2.4654801075617887,0.00025108378559683984,H1ESC
ENSG00000142583,-10.477010662225018,2.8532114367055466e-13,H1ESC
ENSG00000269106,-3.1304194481928356,6.413536342770614e-05,H1ESC
ENSG00000161955,-2.911954930835249,1.4174073782889753e-11,H1ESC
ENSG00000035720,-10.319697088052406,7.945247601292505e-05,H1ESC
ENSG00000118495,-3.241826407795444,6.340762097593041e-33,H1ESC
ENSG00000155307,-4.889811676380219,2.632873422598595e-116,H1ESC
ENSG00000266913,-2.18102558580906,0.014650495540387342,H1ESC
ENSG00000136938,-2.0056015266738294,9.627544732841249e-164,H1ESC
ENSG00000112343,-5.607247084746537,1.076900776325545e-185,H1ESC
ENSG00000267519,-2.0305799864467904,1.7537034873481033e-27,H1ESC
ENSG00000235530,-2.3040666207022844,0.00020265359312983516,H1ESC
ENSG00000204257,-4.048870862757314,2.1481643171964167e-273,H1ESC
ENSG00000112149,-4.208479082700188,0.0,H1ESC
ENSG00000146376,-3.023252586836126,6.3003956229708495e-152,H1ESC
ENSG00000143772,-3.1820210738249615,1.0299304120370356e-224,H1ESC
ENSG00000235314,-4.3920109336160325,2.1092983589335482e-11,H1ESC
ENSG00000110455,-2.5213137483300727,1.0881120440029297e-49,H1ESC
ENSG00000205220,-6.564502561891052,2.5234256669120715e-57,H1ESC
ENSG00000251301,-5.328238740415016,0.00023576171450591,H1ESC
ENSG00000256043,-4.024755577887068,2.3364231468378074e-35,H1ESC
ENSG00000157680,-3.471626971264945,9.664200334650874e-61,H1ESC
ENSG00000188677,-2.9941346771702158,1.0817512254657898e-204,H1ESC
ENSG00000133805,-2.768888252639305,1.620174804132314e-90,H1ESC
ENSG00000110876,-7.581291723435604,9.999592499647159e-36,H1ESC
ENSG00000058866,-5.154474741286625,1.5571781740449275e-24,H1ESC
ENSG00000169019,-2.798196584042906,2.2139674960112902e-66,H1ESC
ENSG00000000938,-8.748388426621215,2.033330555674014e-86,H1ESC
ENSG00000171488,-2.635270952212532,3.1326578652604387e-77,H1ESC
ENSG00000160185,-4.773602435722279,0.041110369612564555,H1ESC
ENSG00000054219,-3.923819437990556,1.9020626551735e-112,H1ESC
ENSG00000124942,-4.289167658456182,0.0,H1ESC
ENSG00000105639,-4.272885884253472,0.0,H1ESC
ENSG00000234184,-4.957175464826162,0.0006318309643216468,H1ESC
ENSG00000067601,-2.2183915165478933,9.906166462915166e-06,H1ESC
ENSG00000243811,-2.8522942901795862,4.77488356060784e-12,H1ESC
ENSG00000134330,-2.2277154095325447,1.808757758187887e-49,H1ESC
ENSG00000115902,-7.549992044117887,4.9828667302299607e-154,H1ESC
ENSG00000137507,-5.031283865188882,1.1936473708375395e-83,H1ESC
ENSG00000177738,-4.253988369985309,1.4635206295808198e-23,H1ESC
ENSG00000119397,-2.2259571596507857,4.306398471020714e-162,H1ESC
ENSG00000026103,-4.4264977352948005,2.633525038039513e-189,H1ESC
ENSG00000255921,-2.3286678138938797,0.001594560966087119,H1ESC
ENSG00000249249,-7.228436920612194,0.004945427442021941,H1ESC
ENSG00000240498,-3.6193896742328495,0.001390410087553365,H1ESC
ENSG00000185215,-2.1435500511656893,2.6230968554357732e-139,H1ESC
ENSG00000066827,-2.86098455651956,1.3340402089219458e-148,H1ESC
ENSG00000234494,-2.6692487677607746,0.0007950906830593437,H1ESC
ENSG00000272463,-7.593267855932064,0.0032883939506137905,H1ESC
ENSG00000158286,-2.769394964838673,4.1840789394806716e-49,H1ESC
ENSG00000100342,-12.999960146066883,7.065853276359114e-07,H1ESC
ENSG00000235989,-5.676432994126505,8.830954533215165e-05,H1ESC
ENSG00000188687,-2.7217668100162995,0.0010785286238398448,H1ESC
ENSG00000233654,-2.432671505319383,0.0014552031924287387,H1ESC
ENSG00000280211,-2.1689805358175804,0.010030451592305974,H1ESC
ENSG00000154655,-2.3007168073667907,6.203657919533096e-21,H1ESC
ENSG00000175895,-2.655356527100322,2.732069418294203e-115,H1ESC
ENSG00000112679,-2.468080303264457,3.0745595320998107e-211,H1ESC
ENSG00000188641,-5.199820463892874,8.591509946006826e-95,H1ESC
ENSG00000128394,-2.4254410939190745,2.550057361522177e-56,H1ESC
ENSG00000250159,-3.3566412899585365,9.252270013685707e-11,H1ESC
ENSG00000266088,-8.965561528869625,0.000579393242790813,H1ESC
ENSG00000135074,-2.294845021634075,2.1335193684045748e-256,H1ESC
ENSG00000072786,-2.4608554290793676,3.3939734299667223e-233,H1ESC
ENSG00000260565,-2.1393082463911477,8.505489331325568e-31,H1ESC
ENSG00000111912,-2.096282773520496,6.539917922450699e-96,H1ESC
ENSG00000142634,-2.511647549786889,2.8292723601523125e-199,H1ESC
ENSG00000214783,-3.0773847104100676,0.00198805968580566,H1ESC
ENSG00000100097,-5.944524838743044,0.0,H1ESC
ENSG00000187699,-2.5622365095452015,5.747433178584684e-11,H1ESC
ENSG00000163082,-8.825812442964168,1.8960447045474064e-33,H1ESC
ENSG00000162144,-2.17530248921823,1.7129590894704054e-145,H1ESC
ENSG00000285646,-3.485547047984455,8.358730676195989e-07,H1ESC
ENSG00000163154,-6.919327383340208,1.5963085345895746e-06,H1ESC
ENSG00000104774,-2.014216860566917,1.4714385075753126e-157,H1ESC
ENSG00000187239,-3.8554536196192917,0.0,H1ESC
ENSG00000108669,-3.704227570905238,0.0,H1ESC
ENSG00000132510,-2.8987538586152963,1.5714079228306857e-113,H1ESC
ENSG00000143669,-4.577346563220491,2.280094405485599e-75,H1ESC
ENSG00000135898,-13.573737523309369,2.2169565094138808e-07,H1ESC
ENSG00000049192,-2.7163654223828604,1.7549204309337358e-48,H1ESC
ENSG00000126246,-2.312368179140459,3.470302593581768e-05,H1ESC
ENSG00000197324,-2.0878260454463167,1.6200893193139337e-147,H1ESC
ENSG00000277734,-6.672921404521117,1.54729157491339e-87,H1ESC
ENSG00000104490,-4.524986407771292,3.6550312683142e-156,H1ESC
ENSG00000247809,-7.359412108399457,0.004279882407186507,H1ESC
ENSG00000107738,-7.08526020690865,2.727392974911814e-21,H1ESC
ENSG00000162783,-3.7412481924996133,0.0,H1ESC
ENSG00000158458,-6.962098917691698,8.212421871340731e-66,H1ESC
ENSG00000124126,-3.404158991318379,0.0,H1ESC
ENSG00000075884,-9.325240508589289,1.453140669669723e-28,H1ESC
ENSG00000081059,-3.2702713439872193,2.3802633524283623e-184,H1ESC
ENSG00000174917,-2.0383531204923853,2.884898527724592e-31,H1ESC
ENSG00000135426,-8.245699525118814,1.2607714055466036e-42,H1ESC
ENSG00000127249,-3.5015908769133692,0.0021177658401252946,H1ESC
ENSG00000034677,-2.918225681375411,2.513091237727624e-195,H1ESC
ENSG00000249661,-4.078120501354269,2.298119498014932e-06,H1ESC
ENSG00000146859,-9.457692102279385,0.00029456837374141026,H1ESC
ENSG00000183250,-2.3892274660470223,5.824722255806848e-09,H1ESC
ENSG00000188282,-3.521833694300932,5.936016691487861e-07,H1ESC
ENSG00000257303,-3.3648027295659473,0.013346857730329831,H1ESC
ENSG00000136305,-7.7425251194512805,7.089739826981637e-08,H1ESC
ENSG00000245080,-5.686361397483281,9.121769221610074e-05,H1ESC
ENSG00000196126,-7.520208889995757,0.0,H1ESC
ENSG00000168394,-3.8337440398978306,0.0,H1ESC
ENSG00000111863,-3.759354157648047,1.7987474195598064e-05,H1ESC
ENSG00000059377,-4.7164609875114785,4.60652074612158e-56,H1ESC
ENSG00000275022,-2.0397684165510928,0.007428751606183519,H1ESC
ENSG00000152229,-3.4974584037815,7.621581762278086e-89,H1ESC
ENSG00000100503,-2.8109677938737105,0.0,H1ESC
ENSG00000170004,-2.84808022773309,0.0,H1ESC
ENSG00000199377,-3.345307394064889,2.766759185914532e-16,H1ESC
ENSG00000116704,-2.0099388416705737,1.2222103760295019e-44,H1ESC
ENSG00000169442,-7.8405092423011835,4.999785140966075e-32,H1ESC
ENSG00000173020,-2.0923885360236323,1.2152239189630572e-213,H1ESC
ENSG00000141905,-4.552238245152,9.64523617905629e-285,H1ESC
ENSG00000153066,-2.3197007141612715,8.228737258807784e-94,H1ESC
ENSG00000120860,-2.066473448326474,3.343380045773467e-16,H1ESC
ENSG00000114166,-4.04466400500024,1.5744216120687222e-71,H1ESC
ENSG00000172667,-2.46743002365993,9.224715898720854e-187,H1ESC
ENSG00000136732,-2.0534903259962567,2.229486724443725e-59,H1ESC
ENSG00000139192,-6.337030203563815,7.226614996419495e-60,H1ESC
ENSG00000101017,-3.3078427877527865,6.768366857705707e-189,H1ESC
ENSG00000272369,-2.058123822977922,3.463676773652894e-05,H1ESC
ENSG00000165025,-5.073177394531935,0.0,H1ESC
ENSG00000162594,-5.440707684243691,0.026227484669587214,H1ESC
ENSG00000184979,-3.8695424762132187,4.7943462828480586e-70,H1ESC
ENSG00000105397,-3.4342290988575503,0.0,H1ESC
ENSG00000104921,-11.77878590011822,2.7067943889030263e-59,H1ESC
ENSG00000137766,-5.815938943189975,1.2916395737217645e-56,H1ESC
ENSG00000249534,-4.99852181537444,0.035627367503490916,H1ESC
ENSG00000137478,-3.4483534584740627,7.638240178087657e-284,H1ESC
ENSG00000255949,-5.540332432941387,0.00013259443639229587,H1ESC
ENSG00000213999,-2.4975674790830045,0.00033800706190039305,H1ESC
ENSG00000280206,-2.272328610303854,3.9875416496056554e-33,H1ESC
ENSG00000048740,-2.6154930375755048,0.0,H1ESC
ENSG00000169116,-3.3987119196129303,2.351473665767978e-271,H1ESC
ENSG00000213047,-2.1288886338869353,5.806290021883565e-35,H1ESC
ENSG00000100298,-4.757636877935693,2.267307461186435e-15,H1ESC
ENSG00000247271,-2.025700437653155,3.940642813249681e-09,H1ESC
ENSG00000198796,-4.431331712155998,8.44112088609048e-34,H1ESC
ENSG00000267169,-3.192782248182786,3.558600671608263e-07,H1ESC
ENSG00000120910,-3.633124482938932,2.714532065551984e-88,H1ESC
ENSG00000147804,-2.9260996193381636,6.439642632719595e-25,H1ESC
ENSG00000188825,-2.5397142631957967,4.5211242933410186e-06,H1ESC
ENSG00000009413,-2.0349503720361164,2.20651520337226e-106,H1ESC
ENSG00000160712,-3.8858203084985172,4.680309025472012e-215,H1ESC
ENSG00000271380,-2.077192812757303,0.00012388789850530677,H1ESC
ENSG00000183741,-2.7742200200915073,0.0,H1ESC
ENSG00000175471,-2.8426416237172156,1.0210003321987675e-56,H1ESC
ENSG00000125657,-5.400905239215446,2.405581803237809e-151,H1ESC
ENSG00000005844,-13.540225707304742,5.05449336011839e-21,H1ESC
ENSG00000229140,-2.6942859350987476,0.0009236922238755634,H1ESC
ENSG00000007237,-2.337383108711603,2.2983001989082636e-170,H1ESC
ENSG00000185043,-2.0482210161275507,1.8372575044769278e-60,H1ESC
ENSG00000253831,-2.575445221920735,0.0006488639800145038,H1ESC
ENSG00000028137,-5.136600222340997,3.599715373139603e-297,H1ESC
ENSG00000273824,-5.004362234135425,0.03549142367033311,H1ESC
ENSG00000101336,-5.331328850926175,6.028878848487613e-66,H1ESC
ENSG00000057704,-2.9940682263782796,1.6068809054877007e-108,H1ESC
ENSG00000185518,-2.7611877676268346,2.4535841218192548e-12,H1ESC
ENSG00000187862,-7.101469263363354,8.67540203231803e-07,H1ESC
ENSG00000105339,-3.9257585976110563,6.093683205037476e-300,H1ESC
ENSG00000092929,-4.142004037165899,3.4941455512511423e-250,H1ESC
ENSG00000069424,-4.513507848586744,0.0,H1ESC
ENSG00000156030,-2.7122612322980455,0.0,H1ESC
ENSG00000138623,-3.372729073268242,0.0,H1ESC
ENSG00000271538,-7.376837222005694,0.004242099408968839,H1ESC
ENSG00000135318,-2.8304776016282163,5.913989575004242e-31,H1ESC
ENSG00000204267,-2.931130318675757,1.446862698378137e-142,H1ESC
ENSG00000159110,-2.727647927278663,6.955605573772808e-77,H1ESC
ENSG00000171843,-2.4560020347102127,1.2106288250066e-81,H1ESC
ENSG00000171234,-6.207635892153146,0.013833251624738757,H1ESC
ENSG00000158710,-2.319360277371055,5.01922516045038e-216,H1ESC
ENSG00000091106,-6.15551770111121,0.014516957848262405,H1ESC
ENSG00000278107,-4.35148650198488,9.84036571835658e-05,H1ESC
ENSG00000165507,-3.9193683168435,1.6712274684303437e-28,H1ESC
ENSG00000152457,-2.583790103592933,4.886420585107887e-53,H1ESC
ENSG00000145936,-4.70706172772652,7.206116986135403e-23,H1ESC
ENSG00000106804,-2.9165826559507493,1.1489612084836245e-10,H1ESC
ENSG00000221955,-2.3386940938726153,2.403762463269318e-104,H1ESC
ENSG00000131370,-3.1038622184284548,3.0999146313433686e-206,H1ESC
ENSG00000174125,-12.391823252241284,2.2738602721516526e-06,H1ESC
ENSG00000159496,-3.4596976367580825,0.0023424326720229366,H1ESC
ENSG00000115840,-2.1499010332181263,2.580077287741122e-69,H1ESC
ENSG00000133639,-2.7941016918742014,0.0,H1ESC
ENSG00000111885,-2.6494448100497814,2.277305172612609e-140,H1ESC
ENSG00000231671,-8.889370997429216,0.0006402317207954832,H1ESC
ENSG00000281103,-3.191423663283341,1.765914235615471e-18,H1ESC
ENSG00000115616,-2.991001359145013,1.0098617554826173e-08,H1ESC
ENSG00000110108,-2.2602619800804944,6.05999385934668e-153,H1ESC
ENSG00000269220,-6.482403471755497,1.770015298863212e-21,H1ESC
ENSG00000144504,-2.4388180656450267,6.871542407971705e-45,H1ESC
ENSG00000169031,-4.517226282105847,9.121039669277851e-39,H1ESC
ENSG00000265972,-3.6364711595582047,7.866507423678599e-279,H1ESC
ENSG00000064886,-13.77062231879499,1.6946176449769473e-07,H1ESC
ENSG00000174500,-14.611615217628472,2.7866363263954676e-08,H1ESC
ENSG00000172578,-11.85754898200416,1.5538147088963508e-16,H1ESC
ENSG00000175662,-2.346029978090911,2.0640345520662573e-34,H1ESC
ENSG00000140455,-2.6171276642173904,2.9337606730240885e-138,H1ESC
ENSG00000167613,-8.609565329234027,6.657011872058535e-32,H1ESC
ENSG00000130812,-11.80724251215677,6.6047744283194126e-06,H1ESC
ENSG00000271614,-2.872429737170259,2.2760718527724405e-11,H1ESC
ENSG00000089012,-5.673234427903476,1.3023971617434814e-07,H1ESC
ENSG00000278969,-3.3136983016325847,0.014113700659643515,H1ESC
ENSG00000171766,-2.324140056477891,2.3988569760871486e-74,H1ESC
ENSG00000073331,-6.9278263647154175,1.3112328090894646e-77,H1ESC
ENSG00000082293,-8.614930495480111,1.9034151036059356e-09,H1ESC
ENSG00000272941,-6.5186921039170205,0.010381323529810199,H1ESC
ENSG00000152689,-9.875434260065685,7.281967755004813e-52,H1ESC
ENSG00000174130,-7.959713448999019,6.20739858358746e-52,H1ESC
ENSG00000180712,-7.373325617775261,1.3402496939174162e-38,H1ESC
ENSG00000243753,-2.271360927525628,1.6529327284376024e-35,H1ESC
ENSG00000122986,-4.2141951464629255,7.098116204034565e-196,H1ESC
ENSG00000267387,-3.9505452988407717,0.005245084059714659,H1ESC
ENSG00000108771,-3.6465278283862315,4.686079584970033e-72,H1ESC
ENSG00000071205,-2.3522470355320646,1.0773766884296068e-69,H1ESC
ENSG00000050730,-2.811260123614551,0.009940530324491005,H1ESC
ENSG00000151726,-3.5198315810559224,1.5234249383076528e-254,H1ESC
ENSG00000222112,-2.423021032359054,0.039459120450690485,H1ESC
ENSG00000116663,-6.155620450799404,3.7976984497535657e-32,H1ESC
ENSG00000186088,-4.869444744887567,6.729501707420323e-86,H1ESC
ENSG00000239713,-6.692119558948489,1.1934977510381766e-186,H1ESC
ENSG00000230266,-7.272631123198161,0.004761378892503041,H1ESC
ENSG00000140280,-4.259456342511774,3.605990307672973e-97,H1ESC
ENSG00000145246,-2.7164046972062867,3.4350583323980518e-93,H1ESC
ENSG00000122224,-10.702120528236321,4.354985570795271e-05,H1ESC
ENSG00000135905,-6.693913398686864,0.0,H1ESC
ENSG00000269720,-3.943833062652987,5.186650954801561e-05,H1ESC
ENSG00000216490,-3.3554980036772526,1.7890588471729851e-16,H1ESC
ENSG00000172575,-3.8377637779960883,3.6525437681475826e-135,H1ESC
ENSG00000232940,-2.239253860754488,0.0016817209401420812,H1ESC
ENSG00000279175,-2.63654550010831,3.1704516728923224e-13,H1ESC
ENSG00000115295,-8.700350272868432,5.864959460499008e-25,H1ESC
ENSG00000111727,-2.350371282009639,2.8429908859277766e-29,H1ESC
ENSG00000257242,-2.9835629533942494,6.870787251217797e-08,H1ESC
ENSG00000033170,-2.35384137018357,9.087216777140332e-152,H1ESC
ENSG00000277511,-2.3818607422248106,4.5887156632955835e-05,H1ESC
ENSG00000115138,-2.1793096242626437,1.0634618656553007e-09,H1ESC
ENSG00000171840,-6.3615248768155155,4.472324074838634e-13,H1ESC
ENSG00000132669,-4.725699332041154,1.8780363363528254e-60,H1ESC
ENSG00000257221,-5.023784876659753,0.0005207294581485066,H1ESC
ENSG00000156050,-2.102847147576168,0.00038997938767471784,H1ESC
ENSG00000253649,-2.7710783394295087,9.65842124997353e-05,H1ESC
ENSG00000241525,-2.2669352335315365,0.011267048624379697,H1ESC
ENSG00000069974,-3.2376054752808128,2.410812511968766e-123,H1ESC
ENSG00000179144,-8.558484515153692,0.0009982643520274762,H1ESC
ENSG00000169994,-6.974424528903373,5.838575359247379e-16,H1ESC
ENSG00000162927,-3.303782441671856,9.90356582866561e-57,H1ESC
ENSG00000177105,-2.522582088519541,1.5087598914907453e-124,H1ESC
ENSG00000166199,-2.257354040320186,1.3958174767354818e-31,H1ESC
ENSG00000235621,-6.690366707369514,1.3532291470825886e-14,H1ESC
ENSG00000243276,-4.190515961462635,0.00021934000518614643,H1ESC
ENSG00000176438,-11.142596518942085,3.12631425762382e-53,H1ESC
ENSG00000229961,-3.3060909870707675,0.0003930516849062305,H1ESC
ENSG00000223745,-2.362824188552129,1.3443156414686591e-42,H1ESC
ENSG00000054967,-2.7733427580663,2.35700513491548e-108,H1ESC
ENSG00000167778,-2.3330565147838933,8.156886756673627e-67,H1ESC
ENSG00000161405,-7.91526626564481,1.085957706654419e-127,H1ESC
ENSG00000198937,-3.0923122646361003,2.919423025532756e-57,H1ESC
ENSG00000171502,-2.4759219359637537,3.506482239899494e-22,H1ESC
ENSG00000143217,-4.2916330095040465,1.0648084966102192e-19,H1ESC
ENSG00000136279,-2.310470806754126,5.9435043275619866e-198,H1ESC
ENSG00000234883,-11.399275606872303,8.083721177453086e-69,H1ESC
ENSG00000230107,-4.49061158361106,7.029623824010917e-08,H1ESC
ENSG00000072135,-2.346908145483399,7.093369152748992e-101,H1ESC
ENSG00000268001,-5.144139980048111,5.632711032235747e-21,H1ESC
ENSG00000157353,-2.4510138910102617,4.056610378503705e-49,H1ESC
ENSG00000028277,-3.6005561909465467,5.707114601662669e-252,H1ESC
ENSG00000020633,-8.233483056849856,2.3329121293693652e-266,H1ESC
ENSG00000048405,-2.7168808704742453,1.3604169666111395e-109,H1ESC
ENSG00000244534,-6.686023847595868,0.00874358799674662,H1ESC
ENSG00000196092,-9.272848069326553,5.507636069855133e-241,H1ESC
ENSG00000147443,-7.765094831319831,1.2024394366631447e-31,H1ESC
ENSG00000157470,-4.5444780339926885,2.1482732074866002e-72,H1ESC
ENSG00000229839,-2.947783839161382,0.007496911981123646,H1ESC
ENSG00000152217,-2.399780802814561,1.7562136341586505e-115,H1ESC
ENSG00000215183,-2.052537859416099,0.014615419555658204,H1ESC
ENSG00000126882,-3.250712213885828,3.282313860785352e-134,H1ESC
ENSG00000186265,-11.762681665617913,2.6399684002702e-16,H1ESC
ENSG00000060762,-2.244738646683181,5.943107772563073e-47,H1ESC
ENSG00000272269,-3.5749237808713965,7.171982289906597e-31,H1ESC
ENSG00000162511,-11.108823678912453,1.903240274848886e-250,H1ESC
ENSG00000026751,-15.095474071336016,8.409231628489532e-09,H1ESC
ENSG00000106351,-3.109460253939365,1.524754074945552e-154,H1ESC
ENSG00000140853,-5.470983069295008,0.0,H1ESC
ENSG00000101082,-4.673600298411824,3.898511169293839e-10,H1ESC
ENSG00000279570,-2.642839969734019,1.9855534633435957e-05,H1ESC
ENSG00000200156,-2.0169317807202947,8.133594187228186e-09,H1ESC
ENSG00000138411,-3.814785374131016,1.6124220068264555e-279,H1ESC
ENSG00000251562,-2.40976961283191,0.0,H1ESC
ENSG00000113441,-3.7570500738576484,0.0,H1ESC
ENSG00000227200,-3.1067491789403814,7.951673954641864e-06,H1ESC
ENSG00000231770,-2.419148364023352,1.181393413169027e-08,H1ESC
ENSG00000259071,-2.2650722109117605,0.0031946874398929744,H1ESC
ENSG00000137841,-2.6889692511120593,2.1602888391463502e-88,H1ESC
ENSG00000259479,-3.333081832653272,1.244806657466159e-35,H1ESC
ENSG00000169193,-2.1612294619995858,1.1729254339587101e-27,H1ESC
ENSG00000163121,-4.7513746717203045,0.04167115933204743,H1ESC
ENSG00000181804,-2.695792675160392,1.9814052759206328e-27,H1ESC
ENSG00000137869,-3.4289149364836504,0.012813106755876094,H1ESC
ENSG00000271933,-2.057639825171201,0.027014847790116706,H1ESC
ENSG00000134061,-11.695901447794343,8.05538749073929e-06,H1ESC
ENSG00000147649,-2.3806986199391544,0.0,H1ESC
ENSG00000141526,-3.6717070699214034,7.1300741063874496e-121,H1ESC
ENSG00000068137,-2.03460350238936,4.0994555042150436e-64,H1ESC
ENSG00000258082,-6.09260863847404,0.015437355169288089,H1ESC
ENSG00000159228,-5.4366330101763864,1.323743911170575e-125,H1ESC
ENSG00000169554,-4.488480243465138,5.394213514780883e-12,H1ESC
ENSG00000255693,-7.0913265876634455,8.463624383191039e-07,H1ESC
ENSG00000175779,-5.089636722539131,0.03361169214879637,H1ESC
ENSG00000145284,-2.9150170747684614,4.130617631702926e-25,H1ESC
ENSG00000072840,-2.729272528499887,1.2465806661470315e-212,H1ESC
ENSG00000268061,-3.459537786252262,3.720821718631638e-11,H1ESC
ENSG00000268027,-5.4326773393582934,3.5809453400116985e-19,H1ESC
ENSG00000261471,-5.874469755839747,5.1089327356884545e-05,H1ESC
ENSG00000151164,-4.281557684204228,0.00014611208768777121,H1ESC
ENSG00000168237,-2.4489810949963764,2.030430635442669e-36,H1ESC
ENSG00000259673,-2.1097939004674724,1.7790397211044887e-07,H1ESC
ENSG00000116701,-10.940304757649875,1.1202215257161585e-26,H1ESC
ENSG00000135842,-2.61182342398667,5.291442155989451e-299,H1ESC
ENSG00000124243,-2.1052788205730617,8.827407386706648e-110,H1ESC
ENSG00000108797,-2.968767009511682,1.2884651242653057e-148,H1ESC
ENSG00000168772,-3.49439289296638,7.706086319588176e-99,H1ESC
ENSG00000237352,-6.685218190277658,0.008754250422092899,H1ESC
ENSG00000162746,-5.398131612912752,6.199648554724579e-26,H1ESC
ENSG00000135253,-2.1317366924668373,1.5808945460910883e-22,H1ESC
ENSG00000206028,-3.791717185332019,0.0007703780115903199,H1ESC
ENSG00000101160,-3.115297837999765,1.3722025688024108e-306,H1ESC
ENSG00000280003,-7.8183203828508665,0.002518845733402302,H1ESC
ENSG00000138185,-6.4285771894919534,0.0,H1ESC
ENSG00000132334,-3.1189466504153387,2.0827393263374833e-25,H1ESC
ENSG00000118503,-6.866643348335099,0.0,H1ESC
ENSG00000188511,-6.870046909884348,2.235349584186479e-28,H1ESC
ENSG00000196843,-4.405742464274017,3.2929035085370376e-252,H1ESC
ENSG00000149781,-6.81882493459145,0.0,H1ESC
ENSG00000205744,-4.136626757572517,9.324525560176016e-196,H1ESC
ENSG00000140836,-3.594850852745365,2.8523126632439395e-195,H1ESC
ENSG00000148057,-4.530698671838992,1.3723412426291656e-16,H1ESC
ENSG00000251002,-10.31351304162048,8.072789380090316e-05,H1ESC
ENSG00000185262,-2.7532628850161136,3.345085793863928e-146,H1ESC
ENSG00000078900,-4.7674607254274255,0.0,H1ESC
ENSG00000100242,-3.6087972690143104,0.0,H1ESC
ENSG00000100906,-3.868165763434034,0.0,H1ESC
ENSG00000274904,-2.0060993314526687,0.01720895776797663,H1ESC
ENSG00000139629,-2.103373388376171,9.761362962408128e-67,H1ESC
ENSG00000101307,-6.896578450364901,1.743323111720833e-24,H1ESC
ENSG00000127084,-3.7696145277581548,4.173270341791902e-71,H1ESC
ENSG00000170324,-3.246717672376517,8.94602709536555e-07,H1ESC
ENSG00000168010,-2.2351168493109412,7.834295249488183e-81,H1ESC
ENSG00000266983,-2.1657126809602363,0.03166583094694347,H1ESC
ENSG00000068903,-2.2972227483382865,1.4946363476819958e-43,H1ESC
ENSG00000119227,-4.221997225903277,0.00016222356107838484,H1ESC
ENSG00000139899,-2.8175437909207823,5.393852456179691e-09,H1ESC
ENSG00000265148,-5.353465186166957,9.351321006636619e-50,H1ESC
ENSG00000169403,-5.062483023119958,1.1703761039509283e-170,H1ESC
ENSG00000246790,-4.167806063945556,8.485387706991932e-08,H1ESC
ENSG00000104951,-7.240669676426133,3.628496548500398e-134,H1ESC
ENSG00000139278,-4.764554659932227,3.7802901259422327e-88,H1ESC
ENSG00000012779,-5.612674867321958,4.936993844650502e-181,H1ESC
ENSG00000213654,-4.578749671186349,1.2962659101574848e-253,H1ESC
ENSG00000170989,-3.8196959145475957,3.391472547942667e-156,H1ESC
ENSG00000111679,-4.459392985009268,0.0,H1ESC
ENSG00000168310,-2.6359277387125477,2.04142442286636e-103,H1ESC
ENSG00000273338,-2.7280750988400913,0.005299058788158225,H1ESC
ENSG00000229023,-3.532993503260954,6.833703491816774e-07,H1ESC
ENSG00000276718,-4.656227235818827,0.044030940156166515,H1ESC
ENSG00000198121,-2.1407085178214804,2.5884247339941133e-27,H1ESC
ENSG00000168297,-2.3170616629747203,2.4455667318103426e-57,H1ESC
ENSG00000064225,-2.519000689507817,2.1624274337556702e-63,H1ESC
ENSG00000172817,-5.018991167745617,4.79367072048847e-23,H1ESC
ENSG00000145779,-3.1074849027398788,8.117126477317625e-259,H1ESC
ENSG00000173208,-8.523255575528623,1.914881174986711e-38,H1ESC
ENSG00000203709,-3.9259244714493975,1.9209051765961816e-71,H1ESC
ENSG00000159753,-2.048885293974754,8.473336786360462e-127,H1ESC
ENSG00000255733,-7.171668027521966,0.005265175529231812,H1ESC
ENSG00000276231,-8.906647571671805,2.929167838189688e-121,H1ESC
ENSG00000095370,-2.444643592600996,7.539797177445465e-73,H1ESC
ENSG00000177311,-3.6056783480921344,0.0,H1ESC
ENSG00000034533,-7.3751988235880095,1.3744503215752829e-12,H1ESC
ENSG00000197989,2.1268928103142635,3.3022029293394874e-32,HFFC6
ENSG00000160602,2.3998985366203103,6.87126872950751e-21,HFFC6
ENSG00000111732,12.05986914756334,1.597625242606635e-07,HFFC6
ENSG00000079435,2.3113944146672383,4.806522745278528e-24,HFFC6
ENSG00000148482,7.152463581568155,0.003945731295970544,HFFC6
ENSG00000134460,10.594326814132272,5.5480391248946295e-06,HFFC6
ENSG00000245213,2.113052980076396,8.944506515257655e-06,HFFC6
ENSG00000234936,2.5397732735700953,0.002038275084048133,HFFC6
ENSG00000141068,4.0489621895502905,4.9117101478393894e-40,HFFC6
ENSG00000262801,6.077058728251733,0.016218150637397073,HFFC6
ENSG00000179958,2.2592410859220435,4.283974460794341e-30,HFFC6
ENSG00000100784,3.4411584307091534,7.051688503884603e-26,HFFC6
ENSG00000147642,4.684601945131149,6.886665820983172e-28,HFFC6
ENSG00000143110,3.7942467716987687,1.9238721486000166e-06,HFFC6
ENSG00000180233,2.481438553406083,3.517761690029138e-30,HFFC6
ENSG00000170684,5.03886465059329,3.971963242062747e-62,HFFC6
ENSG00000096060,2.896701637796939,8.58903433103381e-48,HFFC6
ENSG00000248592,2.6721545505201747,0.00044362196700355676,HFFC6
ENSG00000128271,3.2328050418405163,0.0002746936787640242,HFFC6
ENSG00000245534,2.9437827864378456,0.00036086530113232424,HFFC6
ENSG00000138821,5.199800201693987,8.691408809970815e-09,HFFC6
ENSG00000138061,8.150226788626876,9.624987171386815e-27,HFFC6
ENSG00000137880,4.1357847201461055,2.007219507463441e-46,HFFC6
ENSG00000183484,8.899134172218645,1.5833011057986109e-74,HFFC6
ENSG00000137225,3.0645401229843787,0.014746755589984057,HFFC6
ENSG00000244627,3.0601302552402347,6.964962303780294e-14,HFFC6
ENSG00000250069,2.6632077215285808,0.0027323940066053005,HFFC6
ENSG00000235823,3.87938145130108,1.189954517732275e-26,HFFC6
ENSG00000137135,2.1502450510236732,2.2937993943545177e-07,HFFC6
ENSG00000255081,3.0281940257699147,0.013635374453139025,HFFC6
ENSG00000280069,2.3440004717517526,2.8880353078823244e-07,HFFC6
ENSG00000213462,2.0516359492233995,1.70354275451735e-16,HFFC6
ENSG00000168389,2.446122642936071,3.9816541735451587e-41,HFFC6
ENSG00000179603,4.941337575282605,0.04703966357841459,HFFC6
ENSG00000236213,2.5189515954705355,0.03247479798993668,HFFC6
ENSG00000265625,2.394288836402641,0.004551154585232577,HFFC6
ENSG00000256453,2.0069093867351153,0.0003330611868993103,HFFC6
ENSG00000267257,9.946997130941538,3.2423843538066257e-12,HFFC6
ENSG00000108576,11.846657957455314,2.7587299851317016e-07,HFFC6
ENSG00000235560,3.1976894996797838,2.240038907450053e-09,HFFC6
ENSG00000247363,2.8917455882962537,0.00041291146039823995,HFFC6
ENSG00000078177,2.7945649557549594,1.234049034381404e-50,HFFC6
ENSG00000106484,2.67688256933446,0.01289214513267807,HFFC6
ENSG00000143869,2.0990295585645082,0.04508087505474543,HFFC6
ENSG00000263680,3.8866842250336364,0.0005879316831077666,HFFC6
ENSG00000125910,13.203483414103177,7.263613446134373e-09,HFFC6
ENSG00000275481,2.6791057090968478,2.671530026332362e-07,HFFC6
ENSG00000186603,6.414602869269352,2.0066402668283792e-70,HFFC6
ENSG00000183091,2.6696515905592784,0.015262044192741945,HFFC6
ENSG00000211879,3.9534707278194547,0.010834984801203689,HFFC6
ENSG00000185015,2.2563062840056136,1.3457999894712418e-05,HFFC6
ENSG00000133687,6.060567572050356,7.71226155349613e-08,HFFC6
ENSG00000157303,7.522799640075969,1.804134239264003e-09,HFFC6
ENSG00000113263,8.793430678082476,0.00024222772333393997,HFFC6
ENSG00000112320,2.625681657826102,1.7353690925895484e-05,HFFC6
ENSG00000260805,2.4349525192586468,0.007829488020481393,HFFC6
ENSG00000186480,3.5485962893437413,3.893652513802584e-51,HFFC6
ENSG00000250802,2.003003812648786,0.000674227682746693,HFFC6
ENSG00000254325,2.3942286015966596,0.003979718114181344,HFFC6
ENSG00000235109,2.3099381992857877,3.0260293334178564e-09,HFFC6
ENSG00000010327,2.709979057337351,0.004220718862972361,HFFC6
ENSG00000085514,6.156671018638422,4.087338170843874e-14,HFFC6
ENSG00000144045,2.595813348154012,0.0006894247420157621,HFFC6
ENSG00000181240,4.755221684356126,9.362899556297833e-05,HFFC6
ENSG00000275418,9.987505314764798,2.1203517600311096e-05,HFFC6
ENSG00000053524,6.784287965362207,5.815224951783507e-10,HFFC6
ENSG00000070159,7.006434561381626,0.0049999686169940665,HFFC6
ENSG00000223799,2.277119026246329,0.04819573588237846,HFFC6
ENSG00000177699,9.256839744410723,9.690975470287278e-05,HFFC6
ENSG00000167676,3.1867973558645177,0.031471750308074815,HFFC6
ENSG00000236194,2.880900527585554,5.859768641064943e-05,HFFC6
ENSG00000262655,2.2759004717809717,0.04583234688857256,HFFC6
ENSG00000126561,7.154739697307592,4.6474564583914166e-212,HFFC6
ENSG00000134463,2.49926759237195,4.2170019129783686e-05,HFFC6
ENSG00000241106,6.791769897592882,5.3010309253644985e-33,HFFC6
ENSG00000243224,2.1276977409709548,0.0006802408686817739,HFFC6
ENSG00000197299,3.3750826376370533,1.262846875657797e-42,HFFC6
ENSG00000264456,2.8381527312874093,1.8100349694681017e-08,HFFC6
ENSG00000238961,2.441707636289304,0.0045328440969364895,HFFC6
ENSG00000219712,2.4587573371164844,0.01383970606057838,HFFC6
ENSG00000141384,2.5170777953054673,1.181675971140962e-31,HFFC6
ENSG00000105866,2.7033571359344366,3.819949438543514e-58,HFFC6
ENSG00000155657,7.09113824633593,2.5842806432209522e-238,HFFC6
ENSG00000130592,11.566258778326127,1.2926486303074404e-116,HFFC6
ENSG00000085831,2.7648346600532885,0.00029908453751406844,HFFC6
ENSG00000104055,10.816435134171211,3.407859282743436e-06,HFFC6
ENSG00000206120,6.040423165215303,8.185359685349573e-08,HFFC6
ENSG00000009790,9.78737464687818,3.060273306606892e-48,HFFC6
ENSG00000254413,3.061000057784238,0.005899979019042216,HFFC6
ENSG00000073350,3.8178668768180892,8.120350901780941e-23,HFFC6
ENSG00000172794,4.844378371575347,8.982512777522533e-11,HFFC6
ENSG00000169926,2.0385792851317506,1.8983310838783075e-61,HFFC6
ENSG00000157890,4.977897033810535,0.0013744170307888903,HFFC6
ENSG00000196218,4.900759116670082,3.966347969807356e-08,HFFC6
ENSG00000234911,2.238684725397168,1.6351784444001912e-05,HFFC6
ENSG00000274290,2.346681837853321,0.0006036552783708136,HFFC6
ENSG00000116985,6.40312930892049,8.129610912443682e-09,HFFC6
ENSG00000232445,3.1008648037295683,2.293123302823548e-06,HFFC6
ENSG00000119866,3.158179433641647,4.109854595900195e-19,HFFC6
ENSG00000284634,2.192370116779228,0.03328804591015764,HFFC6
ENSG00000280367,2.882664276641569,0.019041951576754968,HFFC6
ENSG00000256568,3.766083777684675,0.0029575284246814,HFFC6
ENSG00000125457,2.0308335989199424,2.5364132222247226e-28,HFFC6
ENSG00000180385,2.031831325232227,9.442873772821918e-12,HFFC6
ENSG00000165995,8.235353496556257,0.0006703986464649427,HFFC6
ENSG00000114631,7.925100491133304,8.908129545898023e-47,HFFC6
ENSG00000236790,3.0487682866271313,0.036156583967600915,HFFC6
ENSG00000065320,8.759138692164314,0.00026270819910242146,HFFC6
ENSG00000242256,2.229220425756755,0.04928312486630096,HFFC6
ENSG00000119431,2.166301036477878,1.6992425822502975e-20,HFFC6
ENSG00000132465,8.374156362117873,7.292320111589924e-174,HFFC6
ENSG00000132182,6.007785497410876,9.936476204658796e-07,HFFC6
ENSG00000259151,3.2280009737455364,0.005423408126535141,HFFC6
ENSG00000260648,3.6721356576560056,0.0008066109367557303,HFFC6
ENSG00000240853,3.55872365575773,0.0011463645875704421,HFFC6
ENSG00000250326,3.2634997120378846,3.8671443887855464e-05,HFFC6
ENSG00000159166,3.3362185221010523,0.02588970324935283,HFFC6
ENSG00000162997,2.304613050107798,8.159741797489842e-06,HFFC6
ENSG00000214711,3.5707443761454427,6.16894995315725e-09,HFFC6
ENSG00000278979,2.3415494302834086,0.0071123928163129005,HFFC6
ENSG00000145088,5.0848146711147635,5.761691222825879e-72,HFFC6
ENSG00000114757,2.5322664750958044,0.0015291522200064592,HFFC6
ENSG00000008277,7.425471869006145,2.5298492396798155e-58,HFFC6
ENSG00000251259,6.557918813706048,0.009052211962453966,HFFC6
ENSG00000162433,4.2223763064181705,7.04521759391868e-05,HFFC6
ENSG00000255328,4.8309645018722955,1.925540772366876e-06,HFFC6
ENSG00000111266,2.5302200795990943,1.6345747321797704e-53,HFFC6
ENSG00000170915,2.4134741642075217,7.54391996403459e-42,HFFC6
ENSG00000137959,9.571268883245079,3.5156806854464694e-187,HFFC6
ENSG00000143494,10.597598113615426,2.7519911217884367e-24,HFFC6
ENSG00000135423,6.567125134729248,3.120408950504445e-09,HFFC6
ENSG00000198805,2.1050269237959687,1.9894064883011795e-21,HFFC6
ENSG00000245904,3.8014995017712527,1.5723470426161242e-09,HFFC6
ENSG00000081985,7.555665903133536,0.0021160087388306203,HFFC6
ENSG00000175130,4.1037216922603506,2.486741455884887e-75,HFFC6
ENSG00000184602,2.514172036324679,3.555522338353946e-30,HFFC6
ENSG00000258526,2.296444936166578,0.03183577866274244,HFFC6
ENSG00000265817,2.0416271480075467,0.0017377261403805082,HFFC6
ENSG00000085840,2.0550911505264633,3.1015264254657013e-09,HFFC6
ENSG00000162894,9.05461366430543,1.4028612220062948e-154,HFFC6
ENSG00000244701,2.0946587173223175,0.005725406420196316,HFFC6
ENSG00000115687,3.4446375578707453,2.6607428958919697e-44,HFFC6
ENSG00000155189,2.4442541543843674,1.467565632437055e-41,HFFC6
ENSG00000253586,2.4417737489781732,0.03878106933401721,HFFC6
ENSG00000151490,4.289567613204856,1.7652638974043757e-17,HFFC6
ENSG00000163293,4.450447181026371,4.733322830756945e-30,HFFC6
ENSG00000198911,2.032499087501027,3.118725006871793e-36,HFFC6
ENSG00000149403,6.231457503054291,3.030197053724563e-08,HFFC6
ENSG00000154263,3.409424124505605,3.5513035924489624e-07,HFFC6
ENSG00000108622,4.334997181814993,4.850079840604951e-65,HFFC6
ENSG00000112394,12.477138976688689,5.382270124533174e-08,HFFC6
ENSG00000240531,2.9640597174895804,0.016675608325783957,HFFC6
ENSG00000072694,14.64426401697163,1.0180142512899099e-10,HFFC6
ENSG00000272689,2.7832117010784208,0.012522626650034093,HFFC6
ENSG00000140451,2.297696966601566,9.214365908255483e-16,HFFC6
ENSG00000237877,3.1537717187971817,0.0003660579143553692,HFFC6
ENSG00000173227,5.599989099382518,5.078215359578002e-13,HFFC6
ENSG00000246366,2.4273646797498865,0.040205397498726335,HFFC6
ENSG00000285427,3.0133555303534814,0.007601458411583309,HFFC6
ENSG00000143195,8.463626671870328,2.3753306236333084e-22,HFFC6
ENSG00000137965,5.764089485353206,1.8413508516575947e-95,HFFC6
ENSG00000185565,7.951311770458373,1.1416503915554348e-13,HFFC6
ENSG00000264743,2.8877190556008276,0.0006036644452266495,HFFC6
ENSG00000123104,2.9721657358286486,2.0796749270012194e-87,HFFC6
ENSG00000055163,3.646427481286131,1.1977654660582624e-37,HFFC6
ENSG00000084710,3.0538373126862464,2.873890201383264e-18,HFFC6
ENSG00000225889,8.680711415496141,1.5871831112309691e-09,HFFC6
ENSG00000154016,9.09612873741433,2.7422395313628284e-56,HFFC6
ENSG00000104081,5.883857291027435,2.5148667223303084e-96,HFFC6
ENSG00000125730,3.0609717580228977,5.760145291553754e-21,HFFC6
ENSG00000198208,2.147541352998611,1.2129954471326225e-07,HFFC6
ENSG00000281344,3.01794949504271,1.0079010670825349e-31,HFFC6
ENSG00000117090,12.17936451524814,1.0647179029835929e-31,HFFC6
ENSG00000268889,3.1530560541074673,0.012412254182595001,HFFC6
ENSG00000213983,4.124992315276032,1.0899227286531077e-07,HFFC6
ENSG00000255867,2.4056565775288004,0.026145991553860208,HFFC6
ENSG00000279277,2.632988076130017,0.0010560460659141853,HFFC6
ENSG00000284707,2.084999489060964,0.025521088041545,HFFC6
ENSG00000184349,7.902300610380607,9.086466336987741e-30,HFFC6
ENSG00000136404,2.567745671927625,0.00028761793310463733,HFFC6
ENSG00000260285,2.1101717483351194,9.769461131753442e-08,HFFC6
ENSG00000228166,3.0126685598300122,0.016996898108213317,HFFC6
ENSG00000261251,2.304651034164422,0.0007412426359821423,HFFC6
ENSG00000185433,11.39973072252414,8.255522129519974e-07,HFFC6
ENSG00000281641,2.015123141635748,0.0065429994803704785,HFFC6
ENSG00000172795,2.241420593724448,3.521336484072769e-47,HFFC6
ENSG00000253438,2.731660756570867,0.013508231675705067,HFFC6
ENSG00000250413,5.439120771929071,0.031806865925918366,HFFC6
ENSG00000249096,5.2879677049038385,1.3851967246672274e-09,HFFC6
ENSG00000073111,2.2318388266314844,1.6868828582278922e-16,HFFC6
ENSG00000205045,7.306855256136436,7.450470740165401e-39,HFFC6
ENSG00000182511,4.55835163236738,1.2312120647507296e-57,HFFC6
ENSG00000104903,3.013362697384914,3.1481288264931256e-12,HFFC6
ENSG00000275769,2.349205012206446,0.00662158600187473,HFFC6
ENSG00000137496,2.8633755418776863,1.797833052974719e-38,HFFC6
ENSG00000242931,2.2232495218157737,0.0401088972664288,HFFC6
ENSG00000275638,2.302749503262809,0.01071286293463641,HFFC6
ENSG00000012124,10.728985994247626,2.466884816940985e-139,HFFC6
ENSG00000100767,2.608971721857593,1.3984521111420054e-21,HFFC6
ENSG00000073849,7.166150859332867,1.1502323716520811e-250,HFFC6
ENSG00000162692,8.33343470181023,3.689863063602751e-15,HFFC6
ENSG00000180535,3.697964779873418,8.560286059952965e-05,HFFC6
ENSG00000137642,8.353087834817854,2.681433347208471e-190,HFFC6
ENSG00000231304,2.3016010539772265,0.020095404250491375,HFFC6
ENSG00000160683,4.369768879401704,2.8915172496944642e-05,HFFC6
ENSG00000176749,3.687154884478443,1.619839298119492e-54,HFFC6
ENSG00000285744,7.515113959149737,2.619707401211343e-07,HFFC6
ENSG00000272556,2.41115177065901,7.245866232442741e-16,HFFC6
ENSG00000048462,10.109274142000652,3.4164804947015496e-32,HFFC6
ENSG00000140030,5.295097343807466,9.95713718792521e-05,HFFC6
ENSG00000246263,2.8664378233846226,0.0002456188553763908,HFFC6
ENSG00000275437,2.8789291237872496,5.261913158005982e-13,HFFC6
ENSG00000107719,14.312184632052258,2.7837811266056526e-10,HFFC6
ENSG00000100297,2.056370028107496,1.3991980982063609e-12,HFFC6
ENSG00000240291,3.3168287391060485,3.697309354569134e-07,HFFC6
ENSG00000165028,3.727819008326414,4.2931227105843504e-15,HFFC6
ENSG00000264070,2.97331095454315,4.6778224219440776e-05,HFFC6
ENSG00000168447,2.2180500444399747,0.049744234719215026,HFFC6
ENSG00000133740,2.719718393026637,2.4609113256451988e-14,HFFC6
ENSG00000234956,7.191578932312561,0.003729956116716835,HFFC6
ENSG00000267787,2.400425692729726,0.00028870170175322355,HFFC6
ENSG00000253661,4.787350691733821,1.2393193524482634e-28,HFFC6
ENSG00000180596,2.036574770425074,1.0058216122400215e-14,HFFC6
ENSG00000183960,5.379786611826416,0.0328330096540855,HFFC6
ENSG00000103740,5.293288120664368,0.0005878626346811084,HFFC6
ENSG00000284428,2.0258270091574913,1.4933723378581894e-10,HFFC6
ENSG00000152766,5.716682166068687,0.023918990431218163,HFFC6
ENSG00000231181,2.103867493733191,0.007546822767150135,HFFC6
ENSG00000166689,6.662230350347634,3.084975572968948e-24,HFFC6
ENSG00000226761,2.886692890236829,0.00544607427259566,HFFC6
ENSG00000130035,5.816383362454422,0.021580592660916244,HFFC6
ENSG00000283782,3.181585378784754,0.031625169957403755,HFFC6
ENSG00000140379,15.018768762883797,3.201908635121048e-11,HFFC6
ENSG00000270574,2.1456857671180196,0.0020800754882655042,HFFC6
ENSG00000234753,2.575644233244367,0.0026191332581539345,HFFC6
ENSG00000108984,5.260717200256578,5.0561945432832465e-08,HFFC6
ENSG00000178078,3.9606622096562036,1.2745414474425295e-14,HFFC6
ENSG00000250486,5.7457739902641665,5.963693514346868e-07,HFFC6
ENSG00000249138,4.0819070174760705,0.0009103075594120607,HFFC6
ENSG00000116771,7.824816114734969,5.546955201833822e-19,HFFC6
ENSG00000177103,5.891865990029439,0.020051090421382662,HFFC6
ENSG00000151883,2.5966301331505535,0.010705241549060824,HFFC6
ENSG00000261072,2.923546759885713,0.0004828142340585167,HFFC6
ENSG00000165548,3.6727258494246207,0.0015529675177636127,HFFC6
ENSG00000254936,3.0054240253797317,0.0007599300385513556,HFFC6
ENSG00000201512,2.1176463519999285,2.7315973033546987e-09,HFFC6
ENSG00000223599,2.11821276731305,0.0018630010123415913,HFFC6
ENSG00000151150,3.7371534016730465,0.0025839680947969917,HFFC6
ENSG00000198885,4.999185951189848,3.7387600576145495e-100,HFFC6
ENSG00000249509,9.062689296536409,0.00014226170017235808,HFFC6
ENSG00000108960,2.5656873155253734,5.38817776824076e-23,HFFC6
ENSG00000172771,3.9838764112807667,4.456010548870013e-06,HFFC6
ENSG00000144749,2.1270705899471327,2.5102741615307134e-20,HFFC6
ENSG00000135838,3.2407822146312704,3.0193875575719923e-25,HFFC6
ENSG00000116830,2.3261946986068343,6.865951218298948e-43,HFFC6
ENSG00000183486,8.791047746241949,2.4910530976642013e-77,HFFC6
ENSG00000124920,2.508844406063569,4.2823642179643094e-05,HFFC6
ENSG00000138346,2.114988618670307,9.108853886883894e-28,HFFC6
ENSG00000107736,3.0777971890298397,0.0008867846926576394,HFFC6
ENSG00000184068,3.991883572963278,3.003072145929369e-06,HFFC6
ENSG00000263004,3.5375268252643868,3.6582854411882897e-06,HFFC6
ENSG00000102935,4.1718080938080275,0.0006591866139879409,HFFC6
ENSG00000099958,5.923341385463115,7.042952822146378e-42,HFFC6
ENSG00000140403,3.6664892075931355,0.004481268867468752,HFFC6
ENSG00000167261,4.780613156886897,3.1556757164306523e-09,HFFC6
ENSG00000015133,9.947346191938543,1.713511127505719e-94,HFFC6
ENSG00000249274,7.778090099621278,0.0015668578770490988,HFFC6
ENSG00000224316,3.9206733295724647,0.0019042645944275145,HFFC6
ENSG00000235445,2.2249721674118983,0.029105523124912616,HFFC6
ENSG00000167207,12.979665176191917,1.3516556915201868e-08,HFFC6
ENSG00000236352,3.2506008542623883,0.0294566265241673,HFFC6
ENSG00000163898,4.358139396831994,3.5059383178070863e-20,HFFC6
ENSG00000166126,2.7717966336148656,0.012704167501679438,HFFC6
ENSG00000272455,2.010037505216555,1.0906386709286241e-09,HFFC6
ENSG00000260103,6.543235509778479,1.5008871774731811e-05,HFFC6
ENSG00000163666,3.8524279545585287,1.405670518319994e-06,HFFC6
ENSG00000074660,2.137527080527272,5.613607620456567e-06,HFFC6
ENSG00000062822,2.00301520492996,8.969888531169743e-20,HFFC6
ENSG00000164181,3.121325123215406,0.00016478858979291725,HFFC6
ENSG00000271204,3.3675528780003874,1.337232376731423e-12,HFFC6
ENSG00000149418,5.390888302036782,2.0442304624011716e-10,HFFC6
ENSG00000125398,2.4274104477191116,0.001937332081790491,HFFC6
ENSG00000225349,2.298161423716443,0.026797332680090963,HFFC6
ENSG00000172548,5.367246677659083,1.705029982909912e-47,HFFC6
ENSG00000161267,5.268058936727867,9.300988710519249e-110,HFFC6
ENSG00000118242,3.7523536392661403,3.971963242062747e-62,HFFC6
ENSG00000109107,2.304366646184764,1.9222787116607937e-35,HFFC6
ENSG00000145365,3.8835121756424185,1.7599801869503114e-85,HFFC6
ENSG00000235145,2.6455426963570625,0.004514455288144971,HFFC6
ENSG00000100473,11.271508679473905,1.123809885853191e-06,HFFC6
ENSG00000228113,3.1410355874598705,0.03311671566770577,HFFC6
ENSG00000225793,2.365692521544039,0.0037158537425047095,HFFC6
ENSG00000090104,13.365929086757992,4.794594812069866e-09,HFFC6
ENSG00000228107,2.0861810204801055,0.04581842174722205,HFFC6
ENSG00000100290,6.671751229302474,1.30492731867606e-09,HFFC6
ENSG00000249850,2.0301284951415797,6.693302424051882e-05,HFFC6
ENSG00000263790,2.661319220868027,0.027455354105547374,HFFC6
ENSG00000185527,3.5115314704347442,5.675905431194638e-09,HFFC6
ENSG00000197822,5.384516768236102,5.321297285185221e-60,HFFC6
ENSG00000267040,2.265167020932123,8.625944549588908e-05,HFFC6
ENSG00000172731,3.5123151526617478,4.677090115446967e-57,HFFC6
ENSG00000125454,2.6151548526928408,1.682911094953831e-29,HFFC6
ENSG00000137709,2.521615968346268,0.0181803716773837,HFFC6
ENSG00000102934,3.0315942071967488,0.002715720540219758,HFFC6
ENSG00000064989,2.8341524330557135,3.349448244670757e-18,HFFC6
ENSG00000236535,3.2853543377298937,0.0033463271538882993,HFFC6
ENSG00000272578,2.636359394507362,2.092877437960075e-09,HFFC6
ENSG00000145819,3.00016481631384,6.083953979665577e-78,HFFC6
ENSG00000261008,2.0678010849487003,6.940965428345656e-10,HFFC6
ENSG00000171759,7.152463581568155,0.003945731295970544,HFFC6
ENSG00000137266,4.0414444742553055,2.631961571255894e-24,HFFC6
ENSG00000080854,3.7724010130743926,0.01534046006759559,HFFC6
ENSG00000072201,2.196003328195322,0.009125894358532359,HFFC6
ENSG00000144837,7.900625783123092,5.2363727091695195e-08,HFFC6
ENSG00000229955,3.683039102323502,0.0005605832389461986,HFFC6
ENSG00000144452,7.122862056496922,1.6328283740165205e-07,HFFC6
ENSG00000133454,3.7157422813643026,0.0161230697359035,HFFC6
ENSG00000110723,4.552400348972235,9.699296932896953e-49,HFFC6
ENSG00000166394,2.0693520578604354,4.126766837817621e-30,HFFC6
ENSG00000164620,2.1225745826304543,5.853082364052054e-25,HFFC6
ENSG00000083807,2.2609957880695606,1.1437986801881312e-10,HFFC6
ENSG00000234473,2.202284994395434,0.009254718573478165,HFFC6
ENSG00000135951,3.1260555406573713,3.18884702435859e-16,HFFC6
ENSG00000206337,8.556285676598003,1.0454715473023039e-114,HFFC6
ENSG00000227039,9.058992368044326,6.488117923347921e-18,HFFC6
ENSG00000262943,5.12812515086498,0.04045112420967539,HFFC6
ENSG00000224565,10.160671402087834,1.4668125192663193e-05,HFFC6
ENSG00000122188,8.076649456548402,3.50089566765746e-26,HFFC6
ENSG00000271856,12.837946693997646,1.9922540368068477e-08,HFFC6
ENSG00000197329,3.5394880994577,1.4206594382797745e-33,HFFC6
ENSG00000266097,6.387820072426237,0.011824324241323543,HFFC6
ENSG00000230969,5.393960469646656,0.03221979373087269,HFFC6
ENSG00000182183,4.941337575282605,0.04703966357841459,HFFC6
ENSG00000157570,5.751459437267945,0.00015881359187571632,HFFC6
ENSG00000167604,2.8790446486073225,6.9552773247509e-49,HFFC6
ENSG00000269680,5.214481224811876,0.038254963852016724,HFFC6
ENSG00000140749,7.96993998094426,0.0011200204776779569,HFFC6
ENSG00000062282,5.876614608480511,9.582827844447207e-70,HFFC6
ENSG00000160229,2.0348257175216085,1.2387759892357002e-06,HFFC6
ENSG00000197279,3.4540856551251697,2.688688278056206e-10,HFFC6
ENSG00000235947,6.539969709499521,6.408652075011755e-09,HFFC6
ENSG00000127129,6.224713360637061,0.013682284341813882,HFFC6
ENSG00000285554,3.171625196359768,9.935243434061062e-05,HFFC6
ENSG00000177409,2.2794385796000323,2.1851929871503574e-13,HFFC6
ENSG00000280245,2.7581897644019016,0.048404057182996583,HFFC6
ENSG00000196353,5.266519608359252,0.03604517346808072,HFFC6
ENSG00000133063,8.99268321149354,0.00016381225831278059,HFFC6
ENSG00000174718,2.5270563037644114,2.969908765252901e-81,HFFC6
ENSG00000106688,3.831700738337395,2.147120381461692e-35,HFFC6
ENSG00000213160,3.2269569180755786,7.054333885211803e-16,HFFC6
ENSG00000240589,2.2660752840979677,0.04617203264824005,HFFC6
ENSG00000258469,2.006603399846102,0.014171481761535017,HFFC6
ENSG00000238344,2.1365753603102497,0.038790303448506876,HFFC6
ENSG00000171045,2.198667680368166,1.7368625670517263e-06,HFFC6
ENSG00000237356,5.1031062868599975,0.0009961614296774613,HFFC6
ENSG00000236924,8.547213235812245,0.00038174178435003523,HFFC6
ENSG00000146856,2.0602083882995186,3.0885488719621064e-07,HFFC6
ENSG00000261884,2.080504975495217,4.7356716609897075e-06,HFFC6
ENSG00000165929,2.603099377508467,2.1032847065985377e-06,HFFC6
ENSG00000197142,3.6231566545455736,0.0013544669487397939,HFFC6
ENSG00000112972,3.1575999162964634,2.691060168517138e-98,HFFC6
ENSG00000152926,2.4335895816641058,2.0288237814554055e-20,HFFC6
ENSG00000243650,2.029013541794441,0.0011567873460997997,HFFC6
ENSG00000035499,2.568457642285124,5.770810506776281e-17,HFFC6
ENSG00000140807,2.632804243738198,0.0030006257551075523,HFFC6
ENSG00000206634,2.397239560740792,0.010210253918288548,HFFC6
ENSG00000280239,2.155074121790308,9.884592298411932e-07,HFFC6
ENSG00000129521,4.51467258365033,9.321761088127676e-08,HFFC6
ENSG00000163131,7.074658678451083,5.8441850122335795e-87,HFFC6
ENSG00000185862,5.9154237380497,4.045033723466297e-52,HFFC6
ENSG00000163449,5.488926901949626,5.092918736089071e-13,HFFC6
ENSG00000273272,9.863988031760591,2.7640952702235054e-05,HFFC6
ENSG00000124196,5.816383362454422,0.021580592660916244,HFFC6
ENSG00000244332,2.8281008590026047,0.004543552241873697,HFFC6
ENSG00000128815,13.766371388715546,2.7734843636308043e-40,HFFC6
ENSG00000167077,6.702969800736037,6.918608204786184e-39,HFFC6
ENSG00000139146,2.260863337199052,1.0056488925117322e-25,HFFC6
ENSG00000248242,7.125055037874004,0.004364152514250513,HFFC6
ENSG00000188761,2.970790752613266,0.0023184335306373482,HFFC6
ENSG00000278941,3.0746581637391412,0.035332077184298254,HFFC6
ENSG00000182472,2.401782720369155,2.040523289370994e-05,HFFC6
ENSG00000236567,3.1160742362526896,1.1068232409961927e-05,HFFC6
ENSG00000158089,3.8813993589613682,5.223376800198479e-19,HFFC6
ENSG00000113368,2.0008908463885127,3.2815348140828307e-12,HFFC6
ENSG00000196405,4.735640860369888,7.060286433299635e-35,HFFC6
ENSG00000224934,2.6338256097506023,4.726860196876179e-09,HFFC6
ENSG00000263235,2.10523169253004,0.007501503055089279,HFFC6
ENSG00000243004,4.5428550364154665,0.0036823583047069963,HFFC6
ENSG00000124635,2.4684382854787774,1.7343755102078977e-16,HFFC6
ENSG00000110944,4.789032541183678,3.7494842580140194e-10,HFFC6
ENSG00000217512,2.099438841894559,0.024074656057671565,HFFC6
ENSG00000164199,3.844763468607791,0.00037922478512540165,HFFC6
ENSG00000272677,2.4794443080047013,2.253690761018191e-05,HFFC6
ENSG00000280007,6.977015438925851,0.0051079312932291905,HFFC6
ENSG00000136425,2.353160444106066,1.526202771976199e-10,HFFC6
ENSG00000285730,2.4392802421765882,4.070960980261475e-05,HFFC6
ENSG00000230149,2.3730394445956486,0.0011159106881921555,HFFC6
ENSG00000153094,2.00685856715414,1.368590747586571e-10,HFFC6
ENSG00000188559,3.0795134633802945,1.786207828259873e-98,HFFC6
ENSG00000279098,2.1030165883459833,0.019144303086171738,HFFC6
ENSG00000109684,10.138500354555635,1.5597942488439543e-05,HFFC6
ENSG00000198624,6.504527772249856,5.967253045111948e-200,HFFC6
ENSG00000244165,2.3567986881773715,7.68911830605763e-22,HFFC6
ENSG00000089692,3.1865384442935376,2.351156254411574e-15,HFFC6
ENSG00000234771,2.700231299514446,3.0127775965629305e-22,HFFC6
ENSG00000196668,3.2933679680580035,1.3899345125468174e-07,HFFC6
ENSG00000249655,2.8946852089466986,0.0010418171595270996,HFFC6
ENSG00000169435,5.626994399871934,0.00022918789565097578,HFFC6
ENSG00000228192,2.26498478859609,0.0006530398900687597,HFFC6
ENSG00000273742,2.4433880421374026,0.016405254273761015,HFFC6
ENSG00000245275,2.630068073645262,9.436170839544385e-05,HFFC6
ENSG00000164687,2.451209834631859,1.3592228851282098e-06,HFFC6
ENSG00000144395,2.4332035119154796,2.612925808506076e-16,HFFC6
ENSG00000270379,4.982793994025214,0.04535180558245207,HFFC6
ENSG00000132470,2.093051052013652,0.0010635847908127076,HFFC6
ENSG00000236977,5.177677643099048,2.5944270573153695e-08,HFFC6
ENSG00000254206,2.934986584594604,7.32473550666471e-09,HFFC6
ENSG00000198589,2.1948945390909333,3.1055108129192936e-58,HFFC6
ENSG00000234572,5.995333781757763,0.01775849255090967,HFFC6
ENSG00000279555,2.914492230154981,1.5208836929393871e-06,HFFC6
ENSG00000105967,4.950231598056106,0.00446671746092095,HFFC6
ENSG00000175322,2.712925940380163,1.2718910688997384e-20,HFFC6
ENSG00000156509,2.080331983764794,2.331904570664199e-06,HFFC6
ENSG00000066405,5.814680182142983,0.02159823551398689,HFFC6
ENSG00000226498,2.7597673911071983,0.005920701538267975,HFFC6
ENSG00000121101,3.1426336002524153,7.168550033324265e-06,HFFC6
ENSG00000108370,2.424491377384184,1.1577090347339732e-07,HFFC6
ENSG00000166289,3.0723856417906337,5.776454953079783e-32,HFFC6
ENSG00000188906,2.0931009072080276,3.383080670458899e-05,HFFC6
ENSG00000176160,3.0666093018247036,0.035192853716800206,HFFC6
ENSG00000171310,2.8111878823432166,1.3785275447648923e-27,HFFC6
ENSG00000047457,2.9991777532090764,0.003804674439831515,HFFC6
ENSG00000279598,4.077459775779667,5.546951535130271e-13,HFFC6
ENSG00000255240,6.973457873168936,0.005146621458547997,HFFC6
ENSG00000145247,4.287275858840171,1.4101297341048132e-55,HFFC6
ENSG00000224950,4.912432120120575,6.423135278276788e-20,HFFC6
ENSG00000227507,9.447541339153396,1.8576821281810336e-19,HFFC6
ENSG00000204642,6.409626768042115,1.4781451231991183e-20,HFFC6
ENSG00000188732,7.655999473191241,9.736514313501488e-13,HFFC6
ENSG00000153208,2.7337767341072365,0.0004176522859468108,HFFC6
ENSG00000158985,2.0539182277494703,4.2413404172119524e-52,HFFC6
ENSG00000276814,2.8930433529358535,0.0003958974391141857,HFFC6
ENSG00000115956,13.489598656829381,1.463644035891451e-56,HFFC6
ENSG00000168646,4.049097422605683,2.546288934367073e-24,HFFC6
ENSG00000252690,2.3700715347335946,9.384060474626955e-10,HFFC6
ENSG00000242550,3.4333524954281964,9.870651736119086e-33,HFFC6
ENSG00000198468,2.4488930080356965,2.4697311402716525e-06,HFFC6
ENSG00000206557,9.404039698344517,7.683871432862468e-05,HFFC6
ENSG00000236200,2.069311795023136,3.344658873645937e-05,HFFC6
ENSG00000141401,2.8412314199760584,6.727451904978193e-20,HFFC6
ENSG00000279819,2.1317030992079884,0.0025243313866351396,HFFC6
ENSG00000272033,2.2227509905702383,0.00028273269600679186,HFFC6
ENSG00000184305,8.400449897683242,0.0004962282240811274,HFFC6
ENSG00000131242,7.684585352912166,4.017327376151102e-109,HFFC6
ENSG00000179361,4.082952271543341,1.2585221842589319e-114,HFFC6
ENSG00000166961,5.972871219472814,0.018431765043151534,HFFC6
ENSG00000168234,2.04758394476225,1.7026434890406965e-16,HFFC6
ENSG00000167306,6.421457726376924,4.894988521272686e-38,HFFC6
ENSG00000157388,5.404856881033805,2.6298374873990383e-10,HFFC6
ENSG00000170629,2.2408786186514282,3.672881136943334e-10,HFFC6
ENSG00000145416,7.067027772140428,0.004887422184456003,HFFC6
ENSG00000178150,4.527767648063185,1.831698462892975e-16,HFFC6
ENSG00000134242,5.230625181278325,1.5880372269161803e-123,HFFC6
ENSG00000274925,2.6741142897553147,4.884461956542802e-13,HFFC6
ENSG00000280138,2.7488462850711954,1.9910883704037904e-21,HFFC6
ENSG00000177688,2.0702426415416677,0.0013897684608219338,HFFC6
ENSG00000153093,7.307941317903665,0.003129266089858405,HFFC6
ENSG00000251141,5.651325738627383,0.0002118360603555899,HFFC6
ENSG00000247240,2.1626562470495476,5.068993813826473e-11,HFFC6
ENSG00000086967,8.548561721607413,0.00037929792811797636,HFFC6
ENSG00000115267,4.9142660529091735,5.977912543701733e-64,HFFC6
ENSG00000165983,2.662796246553836,0.011665084090103472,HFFC6
ENSG00000169129,3.5737305151641037,0.00038436067754879196,HFFC6
ENSG00000162415,4.026105930267872,3.28483131783455e-06,HFFC6
ENSG00000231793,3.211330500836542,0.009303715549999706,HFFC6
ENSG00000021645,3.2329694073928152,6.040269436357095e-07,HFFC6
ENSG00000258904,2.2685180575986825,0.0032447077949965277,HFFC6
ENSG00000233264,2.954583937790391,1.0017091976975063e-07,HFFC6
ENSG00000104892,2.9183832418582654,0.041101645621066954,HFFC6
ENSG00000234465,4.567447600762241,1.4598942170149114e-10,HFFC6
ENSG00000267698,2.9277484264440026,4.051508490207931e-06,HFFC6
ENSG00000284713,6.137420116734075,6.962797914521891e-14,HFFC6
ENSG00000023445,7.639753590794394,1.0613179355382268e-234,HFFC6
ENSG00000008517,5.471186462401491,1.608867302137849e-57,HFFC6
ENSG00000154065,3.243841029214207,0.00015045998366449367,HFFC6
ENSG00000253372,2.8348576623932065,0.004477784308698008,HFFC6
ENSG00000225783,4.112352703920536,9.937670867984838e-69,HFFC6
ENSG00000163219,7.077102498737595,0.004727288418400288,HFFC6
ENSG00000134824,2.092319212270519,5.486812645228801e-17,HFFC6
ENSG00000258315,2.761432299812981,4.77934301544063e-07,HFFC6
ENSG00000183196,4.7939240855148855,1.2801219877360644e-19,HFFC6
ENSG00000205078,4.466873208855246,0.00031372592522959053,HFFC6
ENSG00000160796,3.967788911913443,4.3697601668929266e-156,HFFC6
ENSG00000249679,3.7528743233826787,0.0009538461625133095,HFFC6
ENSG00000236409,3.222202624477952,0.029955177570911668,HFFC6
ENSG00000269514,2.503212988071738,0.00032635806692827847,HFFC6
ENSG00000124171,3.2471820644315885,1.843874788565678e-19,HFFC6
ENSG00000152061,2.8326664571340254,4.236243358965337e-114,HFFC6
ENSG00000156675,2.619550753644054,6.813474468535965e-50,HFFC6
ENSG00000100068,2.0690472293467717,3.46465448296031e-17,HFFC6
ENSG00000160117,5.022137774697156,1.6779259524258812e-56,HFFC6
ENSG00000054654,3.2788957663293616,1.5767147318870232e-20,HFFC6
ENSG00000253923,3.8546703092043195,0.012566965465213194,HFFC6
ENSG00000280434,3.1117519458367453,2.998760829633451e-19,HFFC6
ENSG00000259793,4.941337575282605,0.04703966357841459,HFFC6
ENSG00000156966,6.75105756472789,4.442509548018071e-49,HFFC6
ENSG00000039068,6.14237038978877,3.425959244746581e-87,HFFC6
ENSG00000244119,2.1911458767209226,0.02981173613887749,HFFC6
ENSG00000214773,2.3808382666578827,0.0013257802633678422,HFFC6
ENSG00000110921,2.471455031629166,2.283894393734021e-43,HFFC6
ENSG00000233560,2.4417410705395968,0.00011987647483267112,HFFC6
ENSG00000204482,6.942217583964423,1.5279583495800068e-14,HFFC6
ENSG00000246225,3.3130596144503928,0.0021856088106141916,HFFC6
ENSG00000096996,8.686180430508708,1.467853991319074e-44,HFFC6
ENSG00000284738,2.8778225671427213,0.00024390880785797345,HFFC6
ENSG00000171777,11.275568800569651,1.1167367892146415e-06,HFFC6
ENSG00000172264,4.867961656960682,1.1094153962215635e-23,HFFC6
ENSG00000279281,2.9388667055521323,1.3753091721124786e-06,HFFC6
ENSG00000074370,9.768160115738471,2.451481915731571e-145,HFFC6
ENSG00000132530,3.277372127104341,1.87779664476782e-77,HFFC6
ENSG00000253320,2.9849489178590316,7.529584191628321e-18,HFFC6
ENSG00000267278,3.121935814885831,9.231415425202038e-09,HFFC6
ENSG00000250999,2.369563580157309,0.007181042765370277,HFFC6
ENSG00000164406,2.385217648752722,0.00025583200791163033,HFFC6
ENSG00000280332,2.0017852539653394,0.0005552644148805087,HFFC6
ENSG00000230747,6.413477893179838,7.93158851122808e-09,HFFC6
ENSG00000111348,8.80576785202545,8.583446459502356e-31,HFFC6
ENSG00000149564,8.21253134970242,2.755257871394425e-39,HFFC6
ENSG00000171105,2.755099299619807,4.752196139260106e-16,HFFC6
ENSG00000179406,2.5066200414673014,7.5519330979176e-22,HFFC6
ENSG00000228878,2.5220421807985502,0.0009085184663955252,HFFC6
ENSG00000260495,2.3131853253254597,0.0025253461810692645,HFFC6
ENSG00000121577,3.322621567720748,2.905543128102407e-08,HFFC6
ENSG00000131379,4.334799383718604,1.3148880793885858e-13,HFFC6
ENSG00000173898,2.964192689136889,1.5011631285085914e-06,HFFC6
ENSG00000104856,2.2784640146728803,1.574748718720137e-20,HFFC6
ENSG00000183785,4.497369592354298,4.738669928584358e-08,HFFC6
ENSG00000099875,2.3132318406769556,3.598130318558837e-53,HFFC6
ENSG00000167642,2.7636724827505237,1.8252642927636346e-10,HFFC6
ENSG00000247708,2.104557424809079,2.8395659713729304e-09,HFFC6
ENSG00000119686,2.14587283426947,6.924388188207865e-05,HFFC6
ENSG00000185737,5.0795910614552096,0.04244216815483917,HFFC6
ENSG00000230533,6.668404185624133,0.007835427642846837,HFFC6
ENSG00000160255,11.053997725367093,2.6312814684107667e-73,HFFC6
ENSG00000100027,2.7484291582125593,2.0721466683125497e-07,HFFC6
ENSG00000235499,2.998274109469103,1.8408063049186616e-15,HFFC6
ENSG00000187605,2.7196629923423825,3.44658139337787e-107,HFFC6
ENSG00000105717,3.822319330377973,7.832941818898606e-17,HFFC6
ENSG00000260671,2.5085332780384766,0.0029675995621646868,HFFC6
ENSG00000121210,3.2063431785488907,2.087972149658227e-129,HFFC6
ENSG00000231466,2.031273213337638,0.015622939242699337,HFFC6
ENSG00000122877,6.426700650092488,9.947077539253646e-79,HFFC6
ENSG00000225519,3.584888734127252,0.004721161731285907,HFFC6
ENSG00000283128,2.00828048254448,0.049188866067979314,HFFC6
ENSG00000141524,10.40149165328945,1.0872481468751931e-93,HFFC6
ENSG00000138111,2.179684403037283,6.97578937887537e-20,HFFC6
ENSG00000118407,2.3774396034757173,9.269357927721859e-05,HFFC6
ENSG00000181218,3.159775110709118,2.0955451533652338e-60,HFFC6
ENSG00000221102,3.2926042351782585,0.027767254729888283,HFFC6
ENSG00000264853,3.327778095817766,3.247867453740799e-11,HFFC6
ENSG00000231346,3.2801474067339274,2.2922887417226785e-05,HFFC6
ENSG00000224442,3.4613387334963233,0.022505636010728153,HFFC6
ENSG00000156886,10.569994676097238,5.826357769508048e-06,HFFC6
ENSG00000266946,3.4369750374125743,2.5744072817838547e-05,HFFC6
ENSG00000146021,3.3391000494585152,4.92044629713707e-13,HFFC6
ENSG00000185933,6.284502186242426,0.012862379765843224,HFFC6
ENSG00000146386,2.2370297902668943,1.5337124202316728e-35,HFFC6
ENSG00000227598,2.425045286262027,0.0020800754882655042,HFFC6
ENSG00000203875,2.743951994484605,1.000912119506772e-99,HFFC6
ENSG00000281912,2.2590573492076107,0.0010797465575153372,HFFC6
ENSG00000138439,2.7947320965913685,7.908149890510198e-31,HFFC6
ENSG00000164236,2.4960636659904245,1.7938748964385703e-15,HFFC6
ENSG00000279092,3.628388339675011,1.1950032189003833e-06,HFFC6
ENSG00000185947,2.3738778482702503,3.989569950742227e-40,HFFC6
ENSG00000103037,2.735527808697486,3.968868529048456e-14,HFFC6
ENSG00000227730,5.716682166068687,0.023918990431218163,HFFC6
ENSG00000238113,2.847102562012801,6.721511726369792e-19,HFFC6
ENSG00000267283,2.76216645681781,4.401917863109804e-05,HFFC6
ENSG00000163975,4.688011664990501,1.922722158940648e-56,HFFC6
ENSG00000176533,6.5046553667467455,3.5539853606521283e-63,HFFC6
ENSG00000101057,3.334369267898255,7.954277357597567e-27,HFFC6
ENSG00000224699,2.7203018645721815,4.948025734685156e-20,HFFC6
ENSG00000215845,11.6770325132122,4.183242267164946e-07,HFFC6
ENSG00000280248,3.6369690520191,0.0001633595031949949,HFFC6
ENSG00000268573,2.096067534656466,5.156750404346492e-14,HFFC6
ENSG00000112182,5.279750536408765,0.036713367674927555,HFFC6
ENSG00000129535,2.1164406934917714,1.3072161163411682e-05,HFFC6
ENSG00000147485,4.599719519603798,6.153031426664007e-07,HFFC6
ENSG00000260898,2.0943125533750653,0.008320563775849374,HFFC6
ENSG00000005187,3.961519312828176,7.255585049220855e-13,HFFC6
ENSG00000184860,6.778479949046164,7.150366381438837e-14,HFFC6
ENSG00000237711,2.8459709686011228,0.02097028888559763,HFFC6
ENSG00000164048,3.2191426866451667,9.25071844624025e-63,HFFC6
ENSG00000121104,4.8582780594555715,9.58670098876679e-72,HFFC6
ENSG00000155846,7.135421336783201,1.3667893060467193e-137,HFFC6
ENSG00000233058,3.6266115653312725,2.6836454180075464e-16,HFFC6
ENSG00000203867,6.298565369784925,0.012505313688848163,HFFC6
ENSG00000158769,7.372601932020434,9.614785596834302e-52,HFFC6
ENSG00000212371,2.241926088187902,0.03188962248780953,HFFC6
ENSG00000270977,6.997999049075585,2.1081811965888352e-06,HFFC6
ENSG00000198780,6.275297148946872,8.167007744867366e-26,HFFC6
ENSG00000151655,7.231982287815903,0.0035223429204132573,HFFC6
ENSG00000135299,4.81262635875915,0.0019521404638258172,HFFC6
ENSG00000089558,3.5081268147954687,0.005957080063551446,HFFC6
ENSG00000214093,5.259654817836008,0.03634994369063191,HFFC6
ENSG00000121797,3.750907549602458,1.3873854116754405e-05,HFFC6
ENSG00000159388,2.729514796781245,7.019129661114653e-45,HFFC6
ENSG00000261371,9.427590090503232,6.933910001557811e-28,HFFC6
ENSG00000183049,5.514567239707237,3.2912229601621824e-11,HFFC6
ENSG00000258539,2.0147982538159583,0.04467745985624534,HFFC6
ENSG00000179698,2.794460968812962,4.072503102634342e-10,HFFC6
ENSG00000272567,3.2056954486006557,0.001274037887635898,HFFC6
ENSG00000048540,2.790925256985184,6.813922605006843e-08,HFFC6
ENSG00000070759,2.5620252940612223,7.109606767977951e-23,HFFC6
ENSG00000258875,5.683702540549597,6.585593210196465e-07,HFFC6
ENSG00000152939,6.505946226719656,1.716839382136696e-31,HFFC6
ENSG00000121380,7.272682330127563,0.0036087171287331717,HFFC6
ENSG00000179163,2.7777420521355056,7.99326108295143e-44,HFFC6
ENSG00000118513,7.17960586769463,3.911855210050713e-76,HFFC6
ENSG00000159023,3.3102492137839827,1.0427085962302324e-16,HFFC6
ENSG00000108515,2.126140968458118,8.595602462780282e-20,HFFC6
ENSG00000077044,2.7173204251054237,2.8375520070889414e-104,HFFC6
ENSG00000224707,2.3218201395511846,0.010134276560764715,HFFC6
ENSG00000253214,8.3347048533199,0.000585054275338265,HFFC6
ENSG00000235419,10.077370599944311,1.7555718167770418e-05,HFFC6
ENSG00000136573,11.866565702314565,3.468116030595726e-44,HFFC6
ENSG00000253741,3.196687252702074,2.67916123542519e-06,HFFC6
ENSG00000119778,2.206104613006781,2.3299045940640987e-55,HFFC6
ENSG00000267260,3.7037417929512215,0.00015795254332603116,HFFC6
ENSG00000166582,2.256852404606038,7.302538279474103e-28,HFFC6
ENSG00000268051,2.808808923998012,0.010941372822954204,HFFC6
ENSG00000205269,5.17043408699875,6.492707033636476e-79,HFFC6
ENSG00000146192,10.210301159551571,1.1343471466752228e-52,HFFC6
ENSG00000163492,8.529180286180623,1.5598545483782595e-29,HFFC6
ENSG00000132481,2.679600137450563,3.4389850225690906e-11,HFFC6
ENSG00000007255,3.2405196084423675,1.6240610504083597e-43,HFFC6
ENSG00000150995,2.5474967252027056,4.284672673754213e-65,HFFC6
ENSG00000207751,2.367265209397688,0.007238323937594785,HFFC6
ENSG00000056736,7.406898821830924,5.112393833815058e-07,HFFC6
ENSG00000274020,9.016113344171231,0.0001668823913018623,HFFC6
ENSG00000223881,6.146267062841627,0.015047832413510933,HFFC6
ENSG00000279347,2.809303874300825,4.630440509692378e-05,HFFC6
ENSG00000003400,3.3410096004507333,3.8942514239697527e-13,HFFC6
ENSG00000257800,2.0178844597265457,4.762977470644754e-07,HFFC6
ENSG00000058335,2.689302292753866,2.752730479321826e-05,HFFC6
ENSG00000227355,6.43459680222326,0.010561153204643195,HFFC6
ENSG00000204264,3.3239111321404704,8.315924646595084e-25,HFFC6
ENSG00000225885,7.105361024229303,0.004256190553562096,HFFC6
ENSG00000131196,3.5990884016723097,1.453290879775099e-28,HFFC6
ENSG00000196730,7.672622717607034,3.469001856324232e-227,HFFC6
ENSG00000260007,2.436176822540091,1.179297648462051e-05,HFFC6
ENSG00000121898,4.24405543949716,4.246156435871323e-06,HFFC6
ENSG00000204475,11.288252138961857,1.108653367119633e-06,HFFC6
ENSG00000235821,5.716682166068687,0.023918990431218163,HFFC6
ENSG00000259172,2.5050412306053707,0.0009076741507613407,HFFC6
ENSG00000278896,3.136923196831093,8.666959936596428e-05,HFFC6
ENSG00000132330,2.0108640999419984,1.8780304776255304e-15,HFFC6
ENSG00000129173,2.7931831968157503,1.4644893136523216e-22,HFFC6
ENSG00000130475,6.8339000955811695,2.7709697109399996e-89,HFFC6
ENSG00000254995,3.5270349511978534,5.154623918387461e-08,HFFC6
ENSG00000281398,2.612260953328472,1.2611643365590482e-61,HFFC6
ENSG00000250410,2.7171966672830097,0.0002017771210112258,HFFC6
ENSG00000239219,3.3149170516215345,0.00011676126141307951,HFFC6
ENSG00000269609,4.073968175038227,1.4547269327194083e-55,HFFC6
ENSG00000254328,2.74932293293111,0.02264945585905694,HFFC6
ENSG00000118557,5.924525194511418,1.8006045323064274e-07,HFFC6
ENSG00000254017,2.467406457680306,0.0028676284295534,HFFC6
ENSG00000128833,4.207636714245259,6.204644183165038e-11,HFFC6
ENSG00000166268,7.058013389666901,0.00462917180945874,HFFC6
ENSG00000272168,4.22385378241414,6.825475845541399e-24,HFFC6
ENSG00000250539,2.687483789933636,3.078884038458639e-11,HFFC6
ENSG00000260303,10.122533071294106,1.5908626983338722e-05,HFFC6
ENSG00000164078,2.455340331177088,6.706255093215018e-09,HFFC6
ENSG00000117676,5.398766482502579,4.9949824239806544e-104,HFFC6
ENSG00000128604,10.342059913476772,3.9927237643368827e-54,HFFC6
ENSG00000100288,2.1333635300637934,0.00038031409849093603,HFFC6
ENSG00000176208,2.103841212039105,3.6073996849046737e-14,HFFC6
ENSG00000271503,9.502720059505759,2.5726144025340808e-36,HFFC6
ENSG00000228727,2.479257647315463,0.00017898284680951672,HFFC6
ENSG00000147570,7.307941317903665,0.003129266089858405,HFFC6
ENSG00000272807,2.3985621525117327,4.226190843784061e-05,HFFC6
ENSG00000273691,2.838302829710149,0.007010680729599987,HFFC6
ENSG00000166676,6.439963254266126,1.6410647355204273e-05,HFFC6
ENSG00000103528,9.303071090746432,8.797712298126733e-05,HFFC6
ENSG00000280214,3.0964165742087792,0.00015104863712789686,HFFC6
ENSG00000151062,2.4338328786265393,0.0024032724828804996,HFFC6
ENSG00000204531,2.386130110338978,0.0006043450304131141,HFFC6
ENSG00000162896,3.6612357616268363,4.675504830690446e-25,HFFC6
ENSG00000164742,5.462232809077621,1.7898579460751978e-08,HFFC6
ENSG00000090661,10.576836475477574,1.0762570879900431e-13,HFFC6
ENSG00000154310,2.066408530339911,3.380416739160052e-21,HFFC6
ENSG00000205786,7.184931213963116,0.003807972482665612,HFFC6
ENSG00000100918,5.143567223864171,1.1044046033718538e-142,HFFC6
ENSG00000075240,2.014115399460619,1.1470636088435674e-22,HFFC6
ENSG00000224738,2.004871553187501,0.013712093609643736,HFFC6
ENSG00000156869,4.138403596766025,1.270007479262162e-40,HFFC6
ENSG00000179051,2.0011076057754633,6.023827778411486e-47,HFFC6
ENSG00000151690,2.450395416587401,5.6950738385955975e-09,HFFC6
ENSG00000213316,4.983257801525113,2.5319886069382034e-05,HFFC6
ENSG00000128886,4.988763674984523,0.001284124177695803,HFFC6
ENSG00000103316,6.262227566093681,1.651869245828776e-11,HFFC6
ENSG00000137193,2.1551483100698827,4.057552162266285e-21,HFFC6
ENSG00000284052,2.157608467743759,0.0037158537425047095,HFFC6
ENSG00000188277,2.1865146212522086,0.025843991661339293,HFFC6
ENSG00000141682,3.713045691813492,4.396526837078233e-51,HFFC6
ENSG00000226779,12.904486310130265,1.659665065167408e-08,HFFC6
ENSG00000204514,3.727455904168357,3.70391500103987e-52,HFFC6
ENSG00000156398,2.38601576330184,3.589248314928948e-36,HFFC6
ENSG00000158406,2.524030967418342,5.8439127797541114e-21,HFFC6
ENSG00000254783,2.086734076089117,0.00020373178954176567,HFFC6
ENSG00000269578,3.32778370968872,0.00017649540338934613,HFFC6
ENSG00000175040,3.251110675640466,4.82185864426608e-44,HFFC6
ENSG00000260193,3.220010200829575,4.204528317103235e-07,HFFC6
ENSG00000198673,2.1966881986056883,0.00034178096168386554,HFFC6
ENSG00000223969,3.318649574093161,4.205514528775194e-05,HFFC6
ENSG00000127561,3.1462141221361044,8.91175004179171e-31,HFFC6
ENSG00000170579,2.1442865891139102,4.2426163464644195e-05,HFFC6
ENSG00000235978,3.549102916338089,0.006964482745539747,HFFC6
ENSG00000105483,2.0515273040070947,1.05263800535749e-51,HFFC6
ENSG00000173077,4.585196253861219,0.00015565646591803145,HFFC6
ENSG00000105011,2.3107847318119137,1.1216127158509483e-16,HFFC6
ENSG00000147465,3.0108726947373197,0.00012682559443903365,HFFC6
ENSG00000273045,3.6110073210897093,0.003716009429300903,HFFC6
ENSG00000147813,2.982950229136324,8.437454424937641e-39,HFFC6
ENSG00000229677,3.2439881275642346,0.0035575332519366047,HFFC6
ENSG00000242114,2.5157522183517367,3.586890829321827e-05,HFFC6
ENSG00000180210,4.972026400722313,0.045831086960645515,HFFC6
ENSG00000234323,5.12812515086498,0.04045112420967539,HFFC6
ENSG00000184792,5.378378399414342,2.808367883315597e-50,HFFC6
ENSG00000213137,2.808337741435476,0.009822797327343034,HFFC6
ENSG00000008323,5.39477198654946,5.294883825036763e-06,HFFC6
ENSG00000285761,3.779819607903173,0.014241441991732858,HFFC6
ENSG00000253140,5.816383362454422,0.021580592660916244,HFFC6
ENSG00000234899,7.23328500748087,0.003500873443356092,HFFC6
ENSG00000137101,3.953313684555036,4.93107562059914e-27,HFFC6
ENSG00000173890,6.9022436862188465,6.976098101377271e-49,HFFC6
ENSG00000107242,10.144461352442407,1.106468460479738e-12,HFFC6
ENSG00000173200,11.651946096178818,2.377240453191767e-16,HFFC6
ENSG00000205702,2.303874641951598,0.00025583200791163033,HFFC6
ENSG00000140332,2.2745097131012297,8.521121648465098e-10,HFFC6
ENSG00000207547,2.47383405510962,4.9463661688075585e-05,HFFC6
ENSG00000197971,9.733651622893934,3.4655765742342595e-73,HFFC6
ENSG00000260261,3.354519620838112,8.16616948326648e-21,HFFC6
ENSG00000186451,5.716682166068687,0.023918990431218163,HFFC6
ENSG00000211455,3.0581435853928607,1.1071511528117499e-48,HFFC6
ENSG00000107551,3.6957544123813078,5.30918399153221e-13,HFFC6
ENSG00000233924,4.451367242387712,0.0002861195492702721,HFFC6
ENSG00000239920,2.1120362664477046,0.03213756699391396,HFFC6
ENSG00000235672,2.6253200615520775,0.003181079395310586,HFFC6
ENSG00000277232,3.64052741259505,1.5628211077762856e-05,HFFC6
ENSG00000262663,2.2636991867899354,0.0009131722919391555,HFFC6
ENSG00000257093,3.189840093552399,4.181414752403391e-127,HFFC6
ENSG00000224464,3.3592357955261773,0.0023208611237050735,HFFC6
ENSG00000130413,2.470159737216301,0.025691314873405237,HFFC6
ENSG00000279342,2.027342437352372,1.3936370479685285e-10,HFFC6
ENSG00000132589,2.029515801068945,4.257021677006661e-18,HFFC6
ENSG00000198055,2.0101708079655913,1.705176168025074e-37,HFFC6
ENSG00000282100,2.195448222531772,0.006374603216371629,HFFC6
ENSG00000261218,8.298129042250721,0.0005998980210181812,HFFC6
ENSG00000173578,6.2107432130624645,0.014157136782363636,HFFC6
ENSG00000133056,3.7611736725258322,1.6414295098325205e-61,HFFC6
ENSG00000247151,3.1916963456583805,0.0002433248972747646,HFFC6
ENSG00000110042,2.493792138320934,2.096519737449263e-54,HFFC6
ENSG00000187775,9.465472120610139,6.749330403158588e-05,HFFC6
ENSG00000129595,2.393385745114696,0.026893592824061306,HFFC6
ENSG00000163376,3.955096106690644,1.626972440787042e-100,HFFC6
ENSG00000141576,8.620113263336114,3.085726241834961e-43,HFFC6
ENSG00000196812,2.7359301153548192,2.8695128613020826e-15,HFFC6
ENSG00000283674,4.478127323578358,0.004235955279191275,HFFC6
ENSG00000165209,5.1461137496049245,8.7748543903332e-215,HFFC6
ENSG00000017427,2.87745649202997,3.1019563681898896e-05,HFFC6
ENSG00000110987,2.109210932785315,4.4791789762227636e-32,HFFC6
ENSG00000154359,2.3183176040100633,4.638114140716118e-24,HFFC6
ENSG00000104059,5.373074150800141,3.6463136504300446e-41,HFFC6
ENSG00000237499,3.6418868269724065,1.3493735520506252e-13,HFFC6
ENSG00000130940,4.9964141356088385,1.1294200753955494e-72,HFFC6
ENSG00000179598,2.291012681165161,3.226049041270625e-11,HFFC6
ENSG00000263412,2.1231130968679266,6.914611433185115e-05,HFFC6
ENSG00000117586,2.7064737033762523,2.1736894402929764e-09,HFFC6
ENSG00000006432,4.6505503311423935,2.263961229838743e-08,HFFC6
ENSG00000240823,2.251788565149277,0.028322022198554325,HFFC6
ENSG00000128918,5.468921524283508,0.030672304526457878,HFFC6
ENSG00000105173,2.481366559468282,1.4755774455113021e-50,HFFC6
ENSG00000125731,12.62413136884573,3.557195007526427e-08,HFFC6
ENSG00000076826,11.51261029435269,6.302970568082806e-07,HFFC6
ENSG00000136895,4.003475249259531,1.1749677493651622e-23,HFFC6
ENSG00000226950,2.11007688767056,6.251329705746179e-47,HFFC6
ENSG00000117009,8.522359656218478,0.0004099643512070885,HFFC6
ENSG00000228477,2.3945523565903843,0.0001329598735171788,HFFC6
ENSG00000233875,3.1791069435902677,0.012944846853339284,HFFC6
ENSG00000178445,9.283026489863765,2.48599275562481e-143,HFFC6
ENSG00000213613,2.821392338960907,3.668279314842141e-05,HFFC6
ENSG00000196208,4.248912645443931,5.956706687126292e-07,HFFC6
ENSG00000163694,4.860568524076913,4.562235844312928e-160,HFFC6
ENSG00000154217,2.5538118610455864,3.260136232271107e-50,HFFC6
ENSG00000183018,2.916569546077615,0.041046207874358955,HFFC6
ENSG00000168676,8.181214440197962,1.5181586280085103e-08,HFFC6
ENSG00000241641,2.7725587875724416,0.024319176653816284,HFFC6
ENSG00000213842,2.6381503318854436,0.0009644406752290472,HFFC6
ENSG00000260589,2.606919257682858,2.6415482392761902e-05,HFFC6
ENSG00000135604,5.408744590870613,4.340606979635603e-59,HFFC6
ENSG00000136449,2.178344881796915,1.9789246268241243e-05,HFFC6
ENSG00000132196,2.4724891508899454,6.338725346169527e-27,HFFC6
ENSG00000145703,8.931343481658557,3.174159890813658e-75,HFFC6
ENSG00000122971,2.931121268285343,3.269493616151579e-13,HFFC6
ENSG00000172671,2.3777033206796387,1.2711838413116034e-34,HFFC6
ENSG00000280063,2.0756289357320865,4.251694419470573e-10,HFFC6
ENSG00000237590,3.8621226318366366,0.0123813220779536,HFFC6
ENSG00000265692,3.447482642111842,0.005955203550125046,HFFC6
ENSG00000279369,4.864142477508617,2.8869159680526996e-39,HFFC6
ENSG00000279748,2.4726982066829195,4.293505388109259e-07,HFFC6
ENSG00000161243,3.8241771225862835,3.869134544927964e-11,HFFC6
ENSG00000236829,2.132163175483932,0.0003817382880148074,HFFC6
ENSG00000224083,3.13897519283018,0.00027471739177475246,HFFC6
ENSG00000142959,2.556766229755699,1.8594686769711546e-05,HFFC6
ENSG00000135439,7.256259140074195,5.34184310842736e-102,HFFC6
ENSG00000132819,4.152441278066398,7.327421137983219e-90,HFFC6
ENSG00000066032,8.047520343948039,4.126521773889492e-14,HFFC6
ENSG00000259735,3.278744013675967,4.6114165007218995e-05,HFFC6
ENSG00000261448,7.972712825969308,0.0010846698981167757,HFFC6
ENSG00000118137,4.2012090626585685,7.034708800372385e-05,HFFC6
ENSG00000005471,9.241172014761942,1.1123231615923367e-10,HFFC6
ENSG00000279476,2.0150373167954347,0.0001281638363892556,HFFC6
ENSG00000260942,2.2413648265190904,3.155944955775653e-14,HFFC6
ENSG00000161929,15.291304154023837,1.2518359788209813e-11,HFFC6
ENSG00000260517,6.881842735230309,0.005856091676325865,HFFC6
ENSG00000128203,2.396676884161602,6.68919140333506e-16,HFFC6
ENSG00000095015,2.0999000721736327,4.255039514529604e-42,HFFC6
ENSG00000164308,3.177647324996303,2.2764860888471625e-12,HFFC6
ENSG00000184992,2.120406444217925,3.583374130168725e-32,HFFC6
ENSG00000282989,4.436064296252233,0.004531678831281827,HFFC6
ENSG00000164985,2.1814147849760688,2.887884954991391e-19,HFFC6
ENSG00000069493,2.8414757574033875,1.403160537288377e-27,HFFC6
ENSG00000175265,5.285495932582824,3.248829874421103e-109,HFFC6
ENSG00000183439,9.012991730831933,0.00016453251513910534,HFFC6
ENSG00000254166,6.520195926764376,8.807208105686928e-13,HFFC6
ENSG00000140481,9.075567245616178,0.00013888804556894352,HFFC6
ENSG00000148200,6.094508588379147,4.033553252149537e-70,HFFC6
ENSG00000229981,3.568961264704587,0.00041342294749742003,HFFC6
ENSG00000092758,2.3986380150048205,0.005704286398260744,HFFC6
ENSG00000099194,3.7219181824889667,3.266719317778559e-117,HFFC6
ENSG00000156127,14.214762807658229,3.7417009265671884e-10,HFFC6
ENSG00000253981,7.0662908327539515,1.802933532192918e-06,HFFC6
ENSG00000132846,2.0792457090801566,8.522995518295537e-32,HFFC6
ENSG00000182179,2.0710326335040996,7.65078237914587e-10,HFFC6
ENSG00000197892,3.674713269574754,2.6383169016869142e-77,HFFC6
ENSG00000280311,2.662445217467257,0.004922386346722284,HFFC6
ENSG00000280388,2.468255558304994,6.397332298918548e-06,HFFC6
ENSG00000230709,7.57898888735831,2.0748869319592707e-07,HFFC6
ENSG00000103056,2.990856035019574,2.442249915048139e-07,HFFC6
ENSG00000187764,13.592543132052533,8.622675314366606e-22,HFFC6
ENSG00000241772,2.207483286494941,0.03739264096543104,HFFC6
ENSG00000283202,8.68532084081095,0.0002964822857314742,HFFC6
ENSG00000175175,5.148470907645346,0.000872783514538219,HFFC6
ENSG00000279361,2.854567389191409,0.0031179941682613877,HFFC6
ENSG00000163687,8.966254288469026,0.00017194990170966976,HFFC6
ENSG00000064787,4.780003390628196,6.265466557135268e-05,HFFC6
ENSG00000254556,2.2625740494548805,0.005696117022343355,HFFC6
ENSG00000270277,2.7117474629908305,0.00036260321064649474,HFFC6
ENSG00000144354,2.373058249839435,1.1215365964286528e-23,HFFC6
ENSG00000133424,2.355862941313204,1.6080763825355196e-55,HFFC6
ENSG00000135127,7.613705053763593,4.36925709033869e-23,HFFC6
ENSG00000177173,4.071843484893314,1.907773773811492e-29,HFFC6
ENSG00000260601,2.711638722292491,0.0012090649123370591,HFFC6
ENSG00000114541,6.435109720931778,5.998620214766312e-38,HFFC6
ENSG00000139116,3.79297891057478,5.721610966806568e-08,HFFC6
ENSG00000182866,15.664759766801447,3.6502192454205946e-12,HFFC6
ENSG00000226276,3.759705804104976,0.014641151936790296,HFFC6
ENSG00000177842,2.183545599246918,8.792621263594951e-10,HFFC6
ENSG00000145192,7.340759537051295,0.0030004234361036297,HFFC6
ENSG00000036828,3.1004396507258067,0.01474094300880452,HFFC6
ENSG00000124140,2.2262858294452728,0.012348857132733999,HFFC6
ENSG00000274259,2.825140165934161,0.02033971269815498,HFFC6
ENSG00000273373,3.5351504703691767,1.9833948089262557e-18,HFFC6
ENSG00000214050,9.550367220715115,5.457268335044012e-05,HFFC6
ENSG00000205268,3.1540288668317684,3.6745177830360596e-106,HFFC6
ENSG00000236519,2.5626430977616925,0.004406828467579408,HFFC6
ENSG00000279500,3.008988402352275,1.567064305566848e-13,HFFC6
ENSG00000163435,3.3290612822426033,8.544220998927416e-05,HFFC6
ENSG00000173212,3.6956873141320337,2.451980335393953e-07,HFFC6
ENSG00000100580,2.169157079364254,5.786235457692273e-54,HFFC6
ENSG00000138496,2.684716426479236,1.738152712012605e-22,HFFC6
ENSG00000232907,4.117052199217839,6.766068979582954e-09,HFFC6
ENSG00000071073,8.738764856629599,1.346087545510879e-44,HFFC6
ENSG00000213390,2.2036575873516204,3.9591809993104065e-20,HFFC6
ENSG00000274008,4.061394482915863,0.0012792682488568094,HFFC6
ENSG00000162510,2.6079862646135696,0.029038534467522886,HFFC6
ENSG00000158055,4.229642294169629,0.006731321477357361,HFFC6
ENSG00000284952,3.955565906760587,0.010760299163839665,HFFC6
ENSG00000155629,13.068366079020791,2.007717760841267e-36,HFFC6
ENSG00000007944,3.8277314591968445,2.1243299656571758e-46,HFFC6
ENSG00000273344,2.0792182268280763,1.9744450644720152e-14,HFFC6
ENSG00000263142,3.18093015214087,0.00031857403580479117,HFFC6
ENSG00000278829,2.315840758307534,0.00043637587731202394,HFFC6
ENSG00000283930,5.187905112409857,5.59337897333947e-11,HFFC6
ENSG00000206344,2.4895449792579454,5.456506782957795e-08,HFFC6
ENSG00000069812,3.2754429619039738,0.0011069223451628093,HFFC6
ENSG00000076554,9.955526542348258,9.155547714798625e-41,HFFC6
ENSG00000230426,6.143726760369795,4.639567059996001e-05,HFFC6
ENSG00000226450,2.0672012794793146,0.002965514908777662,HFFC6
ENSG00000019102,3.349350770390297,0.006892571700424296,HFFC6
ENSG00000079215,7.199763062868173,9.533078981530534e-07,HFFC6
ENSG00000121895,6.045255586987025,1.7290637567612075e-51,HFFC6
ENSG00000159314,3.9493211044152225,2.2161732301463348e-60,HFFC6
ENSG00000117643,2.0256442599989786,0.04310296834124472,HFFC6
ENSG00000001626,2.2873078554135273,0.046071286504841595,HFFC6
ENSG00000227388,4.018818249384753,7.081633769284629e-07,HFFC6
ENSG00000089041,3.1043352113055334,2.1103392827266118e-12,HFFC6
ENSG00000132185,6.014442252143184,5.670630583793135e-189,HFFC6
ENSG00000273243,2.1365502882388268,0.0018930397474938268,HFFC6
ENSG00000168060,6.197391342655688,3.969957071937697e-05,HFFC6
ENSG00000003147,8.840285090419822,0.00021880711259897727,HFFC6
ENSG00000239335,2.0274863385029724,0.009364796848721931,HFFC6
ENSG00000143226,5.032796495490379,8.679492792541555e-12,HFFC6
ENSG00000134107,3.0419275664084893,4.3461297498720077e-75,HFFC6
ENSG00000121858,5.710241669498841,5.774914736887512e-09,HFFC6
