,log2FoldChange,padj
ENSG00000144834,-5.241315673984013,2.7858837326578984e-13
ENSG00000183682,-2.0540405793264056,0.04077287559955964
ENSG00000121454,-4.108407857991874,6.578418269376234e-30
ENSG00000127152,-7.40027353951713,2.2163471123474818e-39
ENSG00000198885,-3.953102558468447,8.967578447308096e-51
ENSG00000121057,-2.956961585895416,4.26131733154734e-59
ENSG00000185033,-2.2449572230419235,1.0961909699323328e-41
ENSG00000276071,-3.634557182699208,2.931399629454051e-05
ENSG00000170684,-3.076372699921037,1.0810995066096277e-15
ENSG00000151572,-5.636693890338972,2.7588047882175135e-09
ENSG00000204257,-2.0903123596525908,4.174935488496545e-10
ENSG00000137193,-3.962731716201978,1.9517182161429657e-85
ENSG00000112218,-2.333498920535584,5.266791654071812e-29
ENSG00000056736,-8.684515770512933,1.0316084310880016e-09
ENSG00000144285,-9.064684604004892,9.333538212864408e-05
ENSG00000275185,-2.3780787820203058,1.2260526859732793e-05
ENSG00000253966,-2.4600147168966386,0.006369308743658122
ENSG00000125337,-6.985266133443776,1.5146546402530749e-06
ENSG00000259820,-2.2288335783138353,3.177166842061752e-11
ENSG00000181652,-2.266722409109877,6.984680893575351e-05
ENSG00000240291,-2.663672747993914,0.00015944927304199248
ENSG00000132196,-2.9014348222934854,5.920256400824787e-40
ENSG00000147724,-5.760108179338993,0.015277379677245973
ENSG00000260401,-4.428192302787711,0.0002826877608100035
ENSG00000169750,-3.9640273525159557,1.319365770366446e-130
ENSG00000105088,-3.980865616191359,1.2086359579290978e-17
ENSG00000113657,-2.5319628621225307,1.3612481947917078e-45
ENSG00000139269,-5.368297727861943,9.579370610261864e-27
ENSG00000047617,-4.493332195804098,3.0923236858401864e-08
ENSG00000257150,-3.9128824100112003,2.9290862009224384e-08
ENSG00000165238,-12.695945840366756,2.3163143917877757e-19
ENSG00000197977,-4.428776258071132,1.1105679444376075e-06
ENSG00000206120,-6.071197870902419,5.085068309256655e-08
ENSG00000143847,-2.822268424702153,8.936493249358863e-19
ENSG00000155189,-2.1586464411078987,3.120316400578712e-32
ENSG00000074660,-2.2322067410406925,1.4694754413860893e-06
ENSG00000140538,-5.653858295759442,6.919383197563277e-19
ENSG00000103067,-9.049464329027423,3.10343306248989e-62
ENSG00000167608,-3.0650985594035687,1.0746075903717803e-09
ENSG00000169071,-6.051323855947046,2.316925076288361e-23
ENSG00000138696,-6.285640940172111,1.8653442053932168e-05
ENSG00000168477,-3.143036069751807,1.613019802847335e-19
ENSG00000162687,-2.9384809049455436,5.8665359096705766e-08
ENSG00000143882,-2.2025526027565157,0.013521056757667963
ENSG00000153093,-12.280130305902881,5.6692963746684625e-08
ENSG00000105737,-7.910047625238423,3.467243168854076e-101
ENSG00000215417,-4.833905820926096,6.479623703173671e-49
ENSG00000113205,-2.826985780296065,3.814476851521298e-13
ENSG00000038427,-3.7870996263260923,1.481417026469181e-247
ENSG00000225914,-3.4747010010828907,7.240849253877081e-09
ENSG00000114854,-3.5069334796928664,3.664182181467286e-08
ENSG00000197077,-2.217057583466622,3.149843747166651e-07
ENSG00000228613,-6.012039841240326,8.585747509497051e-08
ENSG00000168060,-7.156456273531294,7.49947432717629e-07
ENSG00000168071,-4.695487457809076,4.0875904445851055e-19
ENSG00000136237,-3.9241941809718552,7.430538839385048e-21
ENSG00000168916,-5.9655471662232475,6.3992727097386886e-139
ENSG00000188883,-12.477304527768275,3.564659401668273e-08
ENSG00000197321,-4.80378660120215,1.986740792852567e-62
ENSG00000114739,-6.3842983162843145,3.4637763792744115e-219
ENSG00000009724,-4.004074486409249,1.5761518294250343e-05
ENSG00000165795,-6.953936931025916,1.0194727160567764e-45
ENSG00000128203,-2.1037366349343802,9.237282794093842e-12
ENSG00000166840,-5.415413821726143,6.901675566488436e-20
ENSG00000074219,-2.4943934586858743,3.222589931132464e-45
ENSG00000134398,-5.22989052241707,5.511186764934207e-06
ENSG00000139597,-2.5173276397814934,6.234316053739392e-05
ENSG00000152413,-3.0446107929627817,6.668128945127629e-21
ENSG00000134207,-13.990845756601665,4.532816756488569e-10
ENSG00000255595,-5.5572483668788735,0.01881338136175287
ENSG00000106772,-8.046754552936385,4.38245923996078e-65
ENSG00000151150,-11.554600395210057,7.700180176088572e-29
ENSG00000185737,-10.422098576862641,5.246857338155299e-06
ENSG00000168743,-6.458198462998557,0.006846590800477031
ENSG00000130775,-2.7160499961370532,1.3396309675273163e-07
ENSG00000087299,-2.6767832139168237,5.7991176433057866e-64
ENSG00000242182,-2.6224628694475314,0.03508795176286186
ENSG00000232445,-5.820474228379033,1.2896768371811619e-08
ENSG00000227811,-3.047613994239058,1.0512914339138231e-08
ENSG00000138944,-12.402622871556678,4.139827620846322e-08
ENSG00000130702,-6.247599764125726,3.560394714184234e-245
ENSG00000070601,-4.127334973444014,7.375760780464267e-05
ENSG00000048740,-2.037983374012466,2.5618013748050946e-19
ENSG00000169435,-4.5237946663754665,0.0026148461246823748
ENSG00000196376,-12.648522930978778,2.1722733812449713e-08
ENSG00000255236,-3.043299454042532,0.023758118274933765
ENSG00000136378,-6.217739250789378,1.3700616469166472e-175
ENSG00000140332,-2.1954518316489127,4.417615505097329e-09
ENSG00000171105,-3.036493553736355,1.4678382321307049e-18
ENSG00000167964,-3.4605369582770185,4.099035558463803e-11
ENSG00000267327,-2.848605306407879,0.0030785219185650867
ENSG00000179059,-16.489338182321408,1.299965053624876e-13
ENSG00000165548,-7.789656548052617,1.1885297476158792e-18
ENSG00000184672,-7.490069214896523,0.0015704772733705638
ENSG00000198838,-4.7562923058181426,1.530144058776228e-07
ENSG00000124440,-4.56061546253879,0.000280024819232208
ENSG00000163814,-3.882463529273174,6.4113896726621735e-22
ENSG00000005249,-2.214194796053954,6.893173000285016e-12
ENSG00000188818,-2.6787101221602088,1.595619038906693e-11
ENSG00000111266,-2.8146989410714163,3.969758024217702e-72
ENSG00000283403,-8.194641445080284,0.0004720699149236727
ENSG00000214455,-2.042130468358013,7.575672806601433e-06
ENSG00000157703,-6.783168843634036,0.004448266527784104
ENSG00000164199,-11.740459074649232,2.070650660790036e-43
ENSG00000101134,-6.712842986467012,9.390330654063163e-28
ENSG00000170421,-2.506903193219465,1.349639801060553e-69
ENSG00000109991,-4.713669971079123,0.03603939842043556
ENSG00000132470,-4.902412970111095,5.056137822083603e-27
ENSG00000196247,-3.0384856313735735,2.46418436738686e-73
ENSG00000124171,-6.19815358052701,7.935917052829629e-117
ENSG00000139146,-4.4502868660900425,4.757345488573407e-100
ENSG00000138821,-5.003462492999513,1.661110582535868e-08
ENSG00000156140,-6.256321528532575,6.003610983097478e-27
ENSG00000255389,-2.7089780085695687,1.7517399095719256e-05
ENSG00000157445,-3.605109008591073,3.367979411796452e-07
ENSG00000144550,-10.141931593425594,9.748818933535728e-06
ENSG00000187942,-2.47490799936239,0.0019501630879749043
ENSG00000097046,-2.1571376137631453,1.2980927549327732e-12
ENSG00000197892,-3.034278147159094,1.540963451744335e-44
ENSG00000239857,-2.2506453239873996,1.7659545739841377e-15
ENSG00000136286,-2.1934266604493224,0.017222350314069587
ENSG00000101198,-6.987620587568382,1.0104731242645228e-10
ENSG00000235109,-3.185782848464726,2.4370487021188947e-20
ENSG00000134247,-8.653252470580894,1.3926489812723462e-69
ENSG00000173227,-6.452539767448846,1.6896831715291464e-18
ENSG00000187595,-9.416638481355664,4.857869699198438e-05
ENSG00000273691,-2.293652390685861,0.016859011581351512
ENSG00000140557,-6.406562184525889,2.663730578523523e-12
ENSG00000204659,-2.290987413095899,0.030284213873147538
ENSG00000123612,-3.250692090250062,0.00011725593929851137
ENSG00000187605,-2.22533175137534,1.2543490216391444e-71
ENSG00000164985,-2.766376619997902,1.1813139051363045e-30
ENSG00000161267,-3.764692795525793,1.660533375169798e-45
ENSG00000159023,-3.372262070389171,1.3589603264700674e-16
ENSG00000170382,-9.650239778582621,2.8389498821633696e-05
ENSG00000258603,-4.4993856943678665,0.002623133306354255
ENSG00000272180,-6.001704238175426,0.01176112683632194
ENSG00000110076,-6.1912176326353325,2.3046071547237513e-43
ENSG00000204650,-2.3004084582144797,2.7234408118356042e-45
ENSG00000158486,-5.988399075077111,6.033291243524238e-05
ENSG00000182132,-5.907890863811952,0.012969364536116414
ENSG00000101017,-2.0539918092773344,0.0002382769616777199
ENSG00000198929,-3.87423443038924,6.675750700133612e-39
ENSG00000275216,-2.926823605723218,0.0012656562508951887
ENSG00000053438,-11.037466790049397,5.536102990307886e-15
ENSG00000197283,-2.3189850404561954,4.767091162377099e-81
ENSG00000082684,-13.32378844907211,3.319080727823935e-09
ENSG00000070759,-3.0022609844725423,6.001099980076409e-35
ENSG00000117479,-2.528311380672076,9.200056868365474e-50
ENSG00000147804,-3.202707004666406,2.8389498821633696e-05
ENSG00000196872,-4.250209394354223,0.047327556989259084
ENSG00000119782,-2.4622930519974573,2.1706989087734615e-15
ENSG00000108839,-6.116203528003564,3.472245267344763e-05
ENSG00000197299,-3.0997731698336426,7.931647279112833e-35
ENSG00000103044,-4.757907798353106,2.7345005920150248e-146
ENSG00000141447,-2.312329072981224,7.215228604599094e-15
ENSG00000261087,-2.4148856215039043,4.489899040022611e-05
ENSG00000274925,-2.4654054616187056,1.0986591433876194e-10
ENSG00000274750,-3.938823795901767,3.582110564298944e-27
ENSG00000189283,-3.242134783314887,6.95303715998573e-05
ENSG00000260971,-2.8614545753249288,0.013280827189131306
ENSG00000176092,-8.77311472504295,2.6691284378408043e-24
ENSG00000186409,-2.1347662177386093,0.0002751132100909726
ENSG00000135929,-4.223054016670522,1.0469035099167331e-16
ENSG00000172794,-5.548103570409411,2.1477483448943673e-15
ENSG00000125246,-3.7185897401821157,1.3073807274389991e-20
ENSG00000155846,-6.094762895868304,1.7974706844544066e-88
ENSG00000165646,-11.840385959200917,1.7667097261154144e-07
ENSG00000059915,-2.87906403162311,1.2060685085550174e-12
ENSG00000259005,-4.220634885592771,0.004453427438585691
ENSG00000163235,-3.7934063580752566,2.5679207797804802e-11
ENSG00000115687,-3.066416944813332,1.210126113910529e-34
ENSG00000148948,-7.343691738241759,0.0019720222235224062
ENSG00000104059,-5.710086834364544,2.3811665072889017e-48
ENSG00000166831,-10.235034664517174,5.160388150855676e-118
ENSG00000142065,-2.0073405548828966,3.5816793900224165e-27
ENSG00000176533,-5.436524105689055,2.0855486874877037e-35
ENSG00000182866,-14.355766801388146,1.5636960104776518e-10
ENSG00000095002,-3.0912867182763115,6.523262529494639e-57
ENSG00000231918,-8.123909109083936,0.0005450429676722258
ENSG00000181333,-4.50560673921812,0.04116104447587714
ENSG00000166257,-4.650682203884141,5.130791121663874e-06
ENSG00000262943,-10.515757378891953,4.224054202051493e-06
ENSG00000104112,-14.31813531527574,1.7702880448446577e-10
ENSG00000223802,-2.7839476398235283,1.3042064605015922e-10
ENSG00000166473,-2.3533445218272404,6.198749223621975e-08
ENSG00000237440,-2.5574257350383136,5.7630033035581326e-36
ENSG00000121380,-8.731084801410493,0.0001786822823757664
ENSG00000119139,-2.6777268865190256,5.624397183291857e-12
ENSG00000112599,-2.0580197968679452,0.006353173653812206
ENSG00000136982,-2.601700728999986,2.0106571350086934e-21
ENSG00000182263,-2.698904175256792,1.3261193888268243e-16
ENSG00000140451,-3.7732334398014813,6.931721961075169e-43
ENSG00000160229,-5.4326463778122305,1.5427209805927682e-82
ENSG00000105173,-2.324507363423239,9.367974622525274e-43
ENSG00000118557,-5.554497931191481,1.001078814450758e-06
ENSG00000235560,-3.3024818088467898,5.255344512449784e-10
ENSG00000183166,-13.347214191250847,3.1047263689015377e-09
ENSG00000113231,-2.3677469406962794,0.04344823225356929
ENSG00000113645,-2.493985713673036,4.693583891811714e-17
ENSG00000260903,-8.646630354011918,1.5782924067186964e-09
ENSG00000249550,-5.271251172316772,4.487825670890644e-06
ENSG00000196139,-3.6968999615644433,3.255450323232263e-05
ENSG00000112182,-11.90635825392626,1.4955249340477953e-07
ENSG00000196812,-2.6320142139297826,7.774331255002769e-13
ENSG00000163959,-9.975639289257805,1.3992990886217998e-05
ENSG00000132849,-2.6633479481779356,6.876993732130754e-20
ENSG00000068615,-4.02021457418771,5.148231152016617e-07
ENSG00000137642,-7.4594611842375675,9.430665873862293e-143
ENSG00000232258,-6.223361909946433,0.00936741659456049
ENSG00000173258,-6.7790945030409,6.987849342330623e-218
ENSG00000107518,-9.198103460787772,1.2728482625767794e-18
ENSG00000175707,-11.993841538020167,1.1953502047782668e-07
ENSG00000162409,-2.517529411896751,0.016299322527312882
ENSG00000253636,-5.536275650597899,7.16824801269099e-97
ENSG00000156966,-9.20685644329302,8.570263975424832e-101
ENSG00000171649,-3.3164420074429715,1.0020430765942408e-05
ENSG00000180035,-2.0023295673266546,1.530835321577282e-38
ENSG00000256229,-2.797159438066214,3.419950698584392e-48
ENSG00000270953,-3.3471016529230995,0.0014964730432707545
ENSG00000111319,-10.143150970909922,2.8782084526859827e-61
ENSG00000112320,-5.46037993102275,2.1849463164371377e-43
ENSG00000215910,-2.2189889201441333,0.0010240799598991183
ENSG00000159166,-10.806276498517802,1.9745688127304124e-14
ENSG00000164687,-2.1620275663949835,3.2568238088590344e-05
ENSG00000071073,-6.903487835838741,2.7459005866085035e-26
ENSG00000131746,-3.5573209537116783,0.001003233928539179
ENSG00000131771,-10.974177770408895,1.4767380473973667e-06
ENSG00000273786,-2.0269816405100687,0.016666296782452045
ENSG00000103550,-2.335456365102529,3.2738921065348476e-54
ENSG00000145536,-5.436962561574986,2.2983385510683875e-07
ENSG00000250320,-2.4223410676411663,0.00655802959236057
ENSG00000186472,-3.397588834215209,5.9105912865155416e-24
ENSG00000107443,-2.913629863537641,6.26882794879259e-74
ENSG00000114541,-5.370299162155155,1.2932418757745245e-23
ENSG00000162769,-3.512672624446965,2.1866509318260234e-101
ENSG00000162415,-6.467449502154892,2.6332931923607077e-19
ENSG00000117114,-3.4278621563700447,2.7466911574237743e-05
ENSG00000227838,-10.199312867476962,8.55621047272275e-06
ENSG00000133247,-2.1681290833928153,2.2139866703122896e-29
ENSG00000178078,-3.271960504397961,4.927374026962115e-09
ENSG00000136231,-2.4091932326486405,6.356275974793699e-51
ENSG00000112379,-7.2015495866024635,4.172385786218455e-103
ENSG00000134463,-3.7306292914524337,4.0304533820460686e-11
ENSG00000145020,-2.7761229825692157,0.0002787047751935562
ENSG00000179564,-2.0927878736601393,0.025222644177589557
ENSG00000143190,-3.2223348716994415,2.968321011216838e-55
ENSG00000229955,-3.8072678260900243,0.00022714346913447963
ENSG00000181211,-3.3630704815700025,0.00024925099170002035
ENSG00000164181,-6.1182216502545295,1.5107330585428682e-26
ENSG00000272168,-5.578546808595836,6.1292499210489106e-52
ENSG00000114378,-2.4944471386762337,3.207274638326366e-06
ENSG00000230002,-2.669916584200663,1.0783880869906331e-11
ENSG00000204634,-3.4488729687924864,2.461240744405863e-47
ENSG00000140479,-6.762604742175387,7.35471546317317e-10
ENSG00000160963,-15.024771066981083,1.917690915838594e-11
ENSG00000118407,-5.196838084427415,5.560165071799971e-33
ENSG00000143318,-2.5475295169291177,0.003203414244165401
ENSG00000198208,-3.439844776962894,2.271895852496427e-25
ENSG00000139890,-2.3257742175917135,0.0008625980165865971
ENSG00000275902,-2.311904767658774,0.009361092554277807
ENSG00000166922,-2.118311342150809,5.112485886305793e-10
ENSG00000154065,-5.135630740932933,1.0590325864417428e-12
ENSG00000006459,-2.4346779624373482,3.302861089813242e-26
ENSG00000145920,-7.028073869345865,0.003206041835577331
ENSG00000241697,-4.716580763103188,4.788643497554267e-49
ENSG00000138185,-6.421209814362502,5.2666558178566676e-09
ENSG00000112118,-2.1349787217255214,5.321196312892495e-18
ENSG00000144596,-6.640291977507675,2.8729505942663818e-24
ENSG00000088280,-2.076868166023559,1.1026037210701087e-13
ENSG00000239218,-3.166179157444025,7.538813673937219e-20
ENSG00000147481,-4.713669971079123,0.03603939842043556
ENSG00000174292,-3.6565648313532346,1.5146312766382943e-26
ENSG00000102981,-3.605815037294104,4.700254551714081e-24
ENSG00000215483,-5.589016091179518,0.00017286573313046364
ENSG00000244274,-2.236218528878308,3.8634591975953835e-05
ENSG00000120049,-2.316025865161548,2.3326008339481828e-08
ENSG00000207697,-2.5311250348739542,0.0063133257547989974
ENSG00000152953,-3.8544535745261683,5.299905970876677e-15
ENSG00000085831,-4.504914512883904,2.0179626600670695e-13
ENSG00000165061,-12.648192531222207,2.153577227219985e-08
ENSG00000144354,-3.044452746113396,1.5109451464419243e-38
ENSG00000248671,-3.152496056886791,0.02104815105206827
ENSG00000011258,-3.174777200134462,2.227144477666506e-130
ENSG00000205363,-3.1319480174430945,1.9816054104029805e-08
ENSG00000142347,-2.502167982921346,3.7990032061343035e-05
ENSG00000170615,-4.9104527066924355,0.03193665662937795
ENSG00000197961,-2.6507440635106327,1.5666743529491705e-68
ENSG00000182050,-10.613901837016016,3.3799987424187317e-06
ENSG00000199145,-10.039825699237772,1.2113992268139173e-05
ENSG00000028137,-2.465264184856386,1.0994501447422806e-08
ENSG00000183117,-10.580483883748503,3.7613387719001716e-06
ENSG00000104081,-5.315095774283435,3.75245905997118e-70
ENSG00000138606,-2.955299775310407,2.7111699243503205e-25
ENSG00000149922,-2.7587670209369075,5.944876047204193e-07
ENSG00000185055,-6.277944851320142,1.9610160302384062e-05
ENSG00000122986,-4.373211142417331,4.054329697117184e-13
ENSG00000147894,-2.5825649967731645,9.138579270191326e-22
ENSG00000077684,-2.544141079513063,3.8856866025919257e-125
ENSG00000225330,-2.3504325651714337,0.016473045459996217
ENSG00000185065,-2.0986921685936104,0.0001029750983396101
ENSG00000170745,-3.4972955206877216,1.2059127877421486e-23
ENSG00000213160,-5.082366943545693,4.821282625799411e-40
ENSG00000167434,-5.126060764374229,2.100393244268268e-07
ENSG00000160439,-2.9881523048782994,2.0929433532760502e-41
ENSG00000176387,-8.36591794271217,2.1792392185261506e-28
ENSG00000276916,-2.186631907930843,0.00802247553453811
ENSG00000276672,-2.346763999364446,1.0674974940353327e-09
ENSG00000070159,-11.54823866598974,3.6533837126169976e-07
ENSG00000187122,-6.8790594252667665,2.19798970162207e-06
ENSG00000072832,-11.745678036674168,1.7479668307928555e-43
ENSG00000164050,-2.4149431691283185,7.229741025685068e-45
ENSG00000139988,-7.436513363462705,0.0016967479503951124
ENSG00000104327,-12.758957451436588,1.5925032256347397e-08
ENSG00000248538,-3.0394088063626565,0.02396755380659534
ENSG00000214050,-10.009842602472153,1.2998430751228347e-05
ENSG00000110400,-3.936639982296566,1.0081008889523042e-134
ENSG00000230927,-3.8414556342755564,0.00862416362109745
ENSG00000152926,-2.841569203046659,9.436042777366146e-28
ENSG00000206535,-2.138915764058523,3.6119470945119724e-13
ENSG00000162552,-5.887678812545552,7.815247179778215e-05
ENSG00000203943,-2.458565702877648,0.0006311263895398834
ENSG00000092068,-3.2648074464144567,1.5200083819918218e-34
ENSG00000159212,-9.10106134600722,8.78770156581358e-05
ENSG00000128298,-6.009148326019264,8.260733087395184e-16
ENSG00000103316,-7.4080285429070125,6.38004344113886e-17
ENSG00000120685,-2.0778583020552217,2.6713434387149993e-72
ENSG00000155530,-5.249067637829216,2.0330281676157608e-15
ENSG00000211445,-4.485292637554049,2.898067635059222e-36
ENSG00000163449,-5.307114711269028,9.169142782644702e-12
ENSG00000101144,-11.252596856713083,7.594643290461333e-07
ENSG00000167588,-2.648824982122412,0.0019178659207103243
ENSG00000188770,-6.146569291002166,0.010184419852571298
ENSG00000197124,-2.9466022337687314,2.039372543712006e-23
ENSG00000091262,-4.271778451749317,0.0004364328369746036
ENSG00000134758,-2.32651191622212,2.757053107162977e-50
ENSG00000079215,-11.07454117352969,4.4796487648979604e-15
ENSG00000170561,-2.8348862640795645,2.8592211229658745e-29
ENSG00000136895,-4.5092884901697925,2.0810053356883447e-33
ENSG00000138336,-4.517836636852076,2.344594199254689e-226
ENSG00000163568,-6.028278363786583,4.500245612567445e-05
ENSG00000083307,-9.837298368741887,7.449313159235599e-40
ENSG00000099889,-3.84434223361523,2.3292823973004284e-74
ENSG00000081052,-5.156368602588324,3.1672346235167503e-12
ENSG00000280780,-10.187360912501395,5.726418845254181e-13
ENSG00000146021,-3.1238025279911907,5.986491686321188e-11
ENSG00000143850,-2.5860769897163314,2.151319458789315e-38
ENSG00000133740,-4.031429979331257,1.3311567273612265e-32
ENSG00000149927,-8.189321730175758,8.309940047141078e-15
ENSG00000148357,-8.938657579494032,2.055456619925079e-47
ENSG00000007402,-8.605194538318639,5.364294455330232e-37
ENSG00000223704,-3.100026241475819,0.022651793089056058
ENSG00000100105,-2.050873803767994,1.325459373164381e-43
ENSG00000186684,-3.396526810583304,5.836246854019076e-16
ENSG00000231793,-6.380273127189314,8.165610242559878e-09
ENSG00000121101,-2.899151357250011,6.320072588116005e-05
ENSG00000128833,-8.197392603394743,2.8764675385796774e-16
ENSG00000176920,-7.6692177272144315,9.330669291448909e-08
ENSG00000276136,-2.342267719682676,0.0032717465597702786
ENSG00000078114,-10.379260854538309,2.0689065422029784e-13
ENSG00000248740,-4.762644491432755,0.03491069944467052
ENSG00000271945,-4.722115562876245,0.03609672101636225
ENSG00000100473,-13.510369417841995,1.972809635299779e-09
ENSG00000163251,-5.589026862148253,6.2873781457750856e-83
ENSG00000186642,-4.140326424134991,3.815975391070829e-12
ENSG00000175513,-3.4752848584394407,8.386634360796508e-06
ENSG00000179761,-7.085312069581874,1.9047023597842442e-107
ENSG00000128849,-11.627839863529172,1.4333538812176946e-68
ENSG00000103710,-11.733628451584773,2.308211992917956e-07
ENSG00000172264,-3.044748036900268,3.6389815336156575e-07
ENSG00000057704,-10.639314945105353,3.184797651404402e-06
ENSG00000203867,-7.022555542171171,0.003327998113737834
ENSG00000131016,-3.561104103061366,6.217532973277057e-44
ENSG00000145103,-8.563515632428174,0.0002406140641631543
ENSG00000156869,-2.933119353055349,1.2670014989187602e-15
ENSG00000170500,-5.4577360976165545,1.4481681400494452e-08
ENSG00000259682,-2.2712952862468514,0.0044826022905764765
ENSG00000221887,-5.2530258586002985,7.59240907871701e-06
ENSG00000088448,-2.3865003920837924,2.1506251171437133e-76
ENSG00000185306,-7.588010568712008,0.00140745010633561
ENSG00000138316,-4.689781532707436,9.841361357469405e-23
ENSG00000088538,-4.22386776525798,2.892325445643679e-48
ENSG00000240668,-2.1404540826781053,0.00018347089499509142
ENSG00000196405,-3.7153438276241046,7.449278068005724e-20
ENSG00000108950,-5.513781102536082,3.283958473753515e-15
ENSG00000154975,-7.271372179698746,0.002190525339853559
ENSG00000161544,-3.2236408236987506,8.863245297042909e-08
ENSG00000131941,-2.403968481250707,1.7028138718823036e-22
ENSG00000164591,-7.49439898854891,8.882208557324463e-37
ENSG00000152939,-8.420999752771872,1.120276536617881e-59
ENSG00000234911,-2.4847848879805894,7.031664158342044e-07
ENSG00000138061,-7.195735336546707,2.4581065744315732e-20
ENSG00000124839,-8.751523506336188,6.981022778816084e-78
ENSG00000260648,-3.0874017590547562,0.0037671438088195575
ENSG00000167680,-7.88502036808173,1.9302301494275042e-24
ENSG00000188897,-5.12778532600936,1.4308893701575484e-35
ENSG00000213316,-3.373770761120516,0.004337605848610923
ENSG00000112759,-2.4989662535589945,5.685116197256697e-20
ENSG00000227704,-2.05786410090178,0.019348816855604047
ENSG00000181585,-2.4968855809910804,0.005256278181052403
ENSG00000231181,-2.13526452117708,0.005911750167940179
ENSG00000258904,-2.076695743115126,0.005404842518656808
ENSG00000249715,-6.851739815633096,2.507647982350296e-06
ENSG00000054219,-9.285510083844228,6.0790399513864325e-05
ENSG00000234899,-4.762644491432755,0.03491069944467052
ENSG00000155849,-9.057235813425661,6.492036198138988e-26
ENSG00000205838,-4.174931324822896,6.712783795732311e-05
ENSG00000170681,-2.8358483812074473,1.5167431801565637e-17
ENSG00000196345,-2.823157793766871,2.9379141197391856e-08
ENSG00000230426,-3.7508243462436694,0.009870703072509333
ENSG00000272033,-3.2842593799037254,4.836092606302612e-09
ENSG00000116985,-4.388970989988496,0.00023815049989544176
ENSG00000133958,-4.059362112841645,1.839581890444743e-29
ENSG00000131969,-12.372057722037853,4.5083242826293423e-08
ENSG00000104435,-6.415101077784841,6.6422615180819645e-09
ENSG00000146904,-10.665434895149444,4.488531722195989e-78
ENSG00000285825,-2.7988444147715508,0.00113882187209186
ENSG00000082269,-3.0142595036094604,3.0774069538966786e-76
ENSG00000100814,-2.5701031061835375,2.631171193767628e-74
ENSG00000015133,-9.717457076148857,1.8671433457336258e-89
ENSG00000185252,-2.3932513976442924,1.5437465628309233e-33
ENSG00000242114,-2.637389666707411,1.1662684641252246e-05
ENSG00000157992,-5.754323336096641,5.4594960931875717e-48
ENSG00000184261,-7.7110368320783085,1.1663921065586952e-28
ENSG00000105866,-2.8673188901572693,1.4772744801146717e-67
ENSG00000103089,-8.677234087751671,0.00020586794073848387
ENSG00000139725,-2.588751445482843,5.458758159359025e-34
ENSG00000136828,-4.569868789931639,5.058804744931758e-72
ENSG00000238038,-4.44239254090601,0.04268629501671049
ENSG00000189143,-6.237038700190842,5.0288932327777614e-57
ENSG00000124126,-2.111636445356969,2.5333149718442212e-17
ENSG00000249532,-17.00931811273428,1.9917851149083472e-14
ENSG00000183439,-7.885798538695247,0.0008253002379183366
ENSG00000284624,-2.5627777285348965,0.01302060211844854
ENSG00000240086,-5.251573484337757,0.024185640529040448
ENSG00000143494,-12.86446913246809,1.6304503408785955e-35
ENSG00000183914,-4.127537202667883,0.0055881913723392785
ENSG00000104044,-3.609435784145674,0.012353538119398958
ENSG00000196557,-9.319251932216526,1.882148479110607e-82
ENSG00000118898,-9.063811077542121,2.2318237663796466e-77
ENSG00000223784,-4.459240317269761,1.6260900036960078e-05
ENSG00000172020,-8.52819041283456,7.190190646011702e-23
ENSG00000233290,-6.720377885586821,0.005078659051499273
ENSG00000156097,-3.5769618385716946,0.012714706541638535
ENSG00000225087,-4.560309006937783,0.04007834437460881
ENSG00000117676,-4.207247054721625,3.568749045917196e-56
ENSG00000169946,-4.718628563016948,0.0016692345730613953
ENSG00000147485,-3.7509257352044343,0.00018943356733502976
ENSG00000072818,-4.7986385711544255,5.430440275620743e-82
ENSG00000266950,-5.417885841280285,0.020876371386135295
ENSG00000103037,-3.8800815507304534,9.011298881899153e-32
ENSG00000122574,-12.864395246478596,1.1999810350758113e-08
ENSG00000275481,-3.1592021047273566,3.884508113698219e-11
ENSG00000232466,-2.613066358319194,0.011829593302307723
ENSG00000144749,-4.93525947113567,1.2956944235528193e-128
ENSG00000135773,-5.4382159598872395,0.02045851509906438
ENSG00000165617,-2.132027718103965,3.5867906991154174e-31
ENSG00000276259,-3.314845564296534,0.0008694497336382079
ENSG00000128594,-2.9262962005630704,3.2071851890260173e-37
ENSG00000111704,-12.86260888422119,7.624824369074589e-20
ENSG00000230091,-3.8611766979691784,7.362141707074792e-11
ENSG00000189366,-3.5396879337093083,9.22949469349994e-06
ENSG00000197769,-3.272650806403578,0.00014317839672652003
ENSG00000273045,-5.838845117911048,1.9735747657336832e-07
ENSG00000225420,-4.0990222342566085,0.0056982151458273445
ENSG00000151364,-4.466038417171623,1.6343095045022607e-23
ENSG00000159314,-2.0174380170235278,2.2318901990288494e-13
ENSG00000137843,-9.76142013921033,2.2457829141506476e-05
ENSG00000188368,-2.0152155183761127,1.1430843917669622e-08
ENSG00000241644,-2.2971892447711584,0.01685514564322492
ENSG00000084453,-7.82504674546384,4.854220669574969e-08
ENSG00000246627,-6.89314078811953,0.003838747757932014
ENSG00000139194,-3.0074441998489827,0.005631757838243066
ENSG00000168824,-8.482913620743975,2.6813099745572244e-19
ENSG00000164100,-4.142917718052585,0.0006732394068250493
ENSG00000118513,-5.378104923026686,1.472670905998523e-34
ENSG00000130396,-2.9096746862254266,1.8262692537569111e-122
ENSG00000273373,-3.2252922017422674,8.234603960104185e-13
ENSG00000076554,-8.924043487632524,1.1795920166152581e-32
ENSG00000205268,-3.4583464117460925,8.939088400818662e-132
ENSG00000167992,-4.074696997191544,9.02489015805806e-34
ENSG00000007174,-7.765756657283402,0.0010496373216546348
ENSG00000160117,-3.5739953684186143,3.4698626481204075e-22
ENSG00000188517,-6.0741942773576,7.51047595202817e-29
ENSG00000230530,-3.6278887745762844,7.433095635133117e-07
ENSG00000163762,-3.4479926499153226,6.154806199918618e-09
ENSG00000100146,-9.876247510932046,1.7440087339226484e-05
ENSG00000183091,-8.447484102611629,1.853534823156067e-22
ENSG00000170962,-2.937451747948478,2.352390557417175e-14
ENSG00000170537,-2.0165228830976445,1.1021003430850745e-07
ENSG00000226636,-5.614380217889135,0.01836604440616125
ENSG00000274020,-9.953984675045843,1.5167091131498297e-05
ENSG00000176406,-4.146057990574529,4.542015893139206e-81
ENSG00000258526,-2.3538072493545132,0.01912169564346668
ENSG00000235529,-2.2566768392118255,0.001629443710953287
ENSG00000237515,-14.484867195801653,1.0535054783684768e-10
ENSG00000055163,-2.1816925178420363,1.4832355145932782e-13
ENSG00000164406,-2.231979046543724,0.0007885271419066091
ENSG00000125850,-10.975546904886627,1.465231933933217e-06
ENSG00000197261,-11.437446304594664,4.883819291421315e-07
ENSG00000204385,-5.048965458443465,4.109637883750687e-12
ENSG00000168490,-4.297163688474736,0.0002318785897434551
ENSG00000184012,-11.859481451152048,1.7782603857838327e-07
ENSG00000184949,-2.021903619097244,4.1240883891505695e-09
ENSG00000021300,-4.1552577621815425,5.502543143060847e-26
ENSG00000274751,-2.2364244326290286,0.006841160968119766
ENSG00000170579,-4.343292278328144,3.381281236291618e-23
ENSG00000254365,-10.541281065831209,3.98835626317652e-06
ENSG00000255240,-6.458198462998557,0.006846590800477031
ENSG00000232907,-3.646349367935624,1.4876687056186509e-06
ENSG00000154358,-4.676984404093628,6.696315757032381e-83
ENSG00000235501,-2.1072144355849454,6.181813874724623e-09
ENSG00000260007,-3.0529169311093343,2.3949356767422693e-11
ENSG00000129991,-9.227779700915836,6.652664921064831e-05
ENSG00000102935,-11.85323981440116,2.5536523539435013e-30
ENSG00000138658,-2.362393893331993,1.5625930121353142e-22
ENSG00000142765,-5.473205507806714,3.849666561665643e-18
ENSG00000135747,-4.909661986998724,1.74024483704732e-08
ENSG00000197181,-8.011870164330666,4.506508323091035e-20
ENSG00000246792,-4.744541748082511,2.1639457355859518e-10
ENSG00000144485,-4.991205918448821,9.170723443610636e-57
ENSG00000149294,-8.044188425416012,2.7977725553525847e-14
ENSG00000213889,-2.8270706151773863,1.3847629433016577e-15
ENSG00000214688,-5.066736217721683,1.3575833280821461e-05
ENSG00000164045,-2.3525366208787153,2.779153650958646e-19
ENSG00000116670,-2.5295626761446526,5.426838014418518e-41
ENSG00000155465,-2.526542054425153,2.0986381443637986e-11
ENSG00000160949,-2.1046619168751604,2.15550949597662e-16
ENSG00000232973,-2.3677469406962794,0.04344823225356929
ENSG00000262801,-7.63895091483242,0.0012228348885268234
ENSG00000113296,-5.467848880853901,2.410837175049112e-49
ENSG00000172348,-3.358673704899783,2.0151378408730855e-07
ENSG00000230438,-3.1660152344645787,0.003178900608346418
ENSG00000132780,-3.3422436236841726,5.060205454989558e-78
ENSG00000215845,-11.802560796935271,1.9470412040409176e-07
ENSG00000137672,-4.291275090726958,0.003983353111386578
ENSG00000265750,-2.159044517459269,0.021889775172254787
ENSG00000132938,-2.9050406080990157,2.236773320206932e-06
ENSG00000187775,-8.693579037919049,0.00019488538728595938
ENSG00000197020,-2.5767765203670394,1.1136414408692005e-42
ENSG00000251095,-7.23126245226527,1.557619484056088e-20
ENSG00000077522,-9.952113623789124,1.453298437396805e-05
ENSG00000133454,-4.773983996459392,0.001475500184485949
ENSG00000279744,-2.3122285793782535,0.00011778193596687156
ENSG00000074181,-2.947774783012887,0.0004927101658160134
ENSG00000204514,-5.7187506631485325,4.1984027906692715e-163
ENSG00000092758,-9.414062098906859,7.683991126974036e-61
ENSG00000224848,-8.03246827480563,0.0006727343004144451
ENSG00000232936,-3.3440104655849594,0.0018230568935882062
ENSG00000197410,-7.37897946031407,5.413633765758036e-12
ENSG00000114656,-8.96242582984431,0.00011245873581279442
ENSG00000158220,-6.19000993609747,7.779363483226734e-34
ENSG00000253438,-4.758424311574435,2.387645850994126e-06
ENSG00000103154,-5.114823884050168,2.8699521362172315e-09
ENSG00000134769,-4.627178328363793,1.656242854060144e-67
ENSG00000227354,-2.2308408257995787,3.0483953755473536e-07
ENSG00000127377,-4.99037863612334,0.0009025469275394917
ENSG00000224316,-2.497323664809581,0.024705679880848454
ENSG00000074706,-4.196668732465309,0.0007224874737770784
ENSG00000154556,-4.073145499307433,8.926101833590006e-06
ENSG00000155893,-2.1881342569705224,6.286788381808477e-17
ENSG00000141524,-8.754286757644307,2.7404248930700927e-65
ENSG00000178297,-5.444106409138078,0.02051198650895718
ENSG00000146216,-7.044713080532807,7.468856613923487e-11
ENSG00000172795,-3.454725109013119,1.753458331689862e-113
ENSG00000211455,-2.1722858874088367,1.2756866333989827e-23
ENSG00000179299,-10.642043987554665,4.9849696011415974e-14
ENSG00000153162,-2.0693590325447677,4.556518998518547e-05
ENSG00000228423,-2.4410086380620126,0.01642767389354664
ENSG00000124003,-5.787866911981655,0.014723088656086932
ENSG00000260103,-4.637084471290506,0.0019837152349383223
ENSG00000176371,-2.935306121791034,6.849735539483228e-59
ENSG00000148426,-2.5316576421272714,3.930673244109571e-16
ENSG00000151623,-4.2625512876526175,8.462226210785818e-22
ENSG00000268324,-5.416076575221286,0.00028952226326661116
ENSG00000181450,-3.224598157691131,3.065706736314406e-93
ENSG00000092200,-6.458561416142294,0.007061771425090768
ENSG00000153561,-2.6087529923178874,1.403783268351406e-31
ENSG00000276231,-4.267325405447983,0.046941071808326455
ENSG00000169758,-3.4348419392528653,8.542874701685549e-08
ENSG00000259240,-4.762644491432755,0.03491069944467052
ENSG00000099338,-2.017179402816865,0.00015364774594828958
ENSG00000101003,-2.2478470063883136,1.13193978923057e-15
ENSG00000135423,-8.489722002415194,7.758803031163488e-16
ENSG00000269609,-4.417620955288774,1.634482095543896e-71
ENSG00000100628,-6.980913368566679,0.0034638630244440186
ENSG00000029534,-2.3410964418243068,8.3476673238516e-10
ENSG00000255559,-2.8908150211143737,0.0007530457696682933
ENSG00000003987,-9.049707252110343,1.8557819358721513e-10
ENSG00000118242,-2.7881535459830653,3.5235957189540813e-29
ENSG00000214140,-3.1418897259277614,0.0016450928221654938
ENSG00000186806,-2.4382217512997397,9.784730721356439e-23
ENSG00000103528,-10.749552156754453,2.467795678865372e-06
ENSG00000133083,-12.292878659105572,3.006775914838166e-18
ENSG00000198554,-2.1669106735563037,4.244254249217618e-15
ENSG00000132622,-7.711220900435112,4.584539264661216e-13
ENSG00000175697,-2.094245099339265,9.981271787372242e-06
ENSG00000138032,-2.0389991034845503,1.2982437431227362e-40
ENSG00000136002,-3.6668377237644405,2.1205453360725293e-57
ENSG00000110723,-4.857148715496546,2.342342483124545e-56
ENSG00000182472,-3.297150949932203,2.1409261494639162e-11
ENSG00000198780,-9.971233205138628,6.426106716590381e-77
ENSG00000133687,-10.529353121083364,3.3054482227447523e-24
ENSG00000251271,-8.040349941376,0.0006275918853777949
ENSG00000163827,-4.035982783883706,5.758876672821781e-16
ENSG00000260495,-2.9252529208857885,6.0774852689883184e-05
ENSG00000152217,-3.708022859686529,9.442372720271264e-17
ENSG00000139835,-9.140294024456713,2.884522040801907e-34
ENSG00000221866,-3.3905322379553713,1.363679362574986e-07
ENSG00000145703,-9.922525644870152,1.060277899234305e-93
ENSG00000170381,-7.913589121755636,0.0007787653536901195
ENSG00000166860,-2.218922303771327,1.6326772904510446e-58
ENSG00000232082,-2.3310529028849296,0.004424486491134566
ENSG00000204644,-5.854933084892151,7.674543328303826e-05
ENSG00000197099,-5.1376321438250265,3.4876376751516452e-09
ENSG00000182183,-4.194997528488771,0.04868071484544302
ENSG00000185670,-2.4475778457146826,3.06256358993224e-66
ENSG00000149557,-2.009070256441232,2.1367057164325577e-33
ENSG00000182264,-6.205379675299407,2.4927339723598164e-05
ENSG00000145428,-10.560002866358625,3.82961099339792e-06
ENSG00000186510,-4.016727121022996,6.520996396631095e-07
ENSG00000242715,-3.977260044701873,2.938242841890946e-38
ENSG00000106070,-2.4181875975211047,6.61337013988271e-79
ENSG00000116329,-8.395549112829224,1.5167181503321442e-15
ENSG00000255306,-2.277368478734531,0.007567019152599195
ENSG00000167281,-9.64141501293311,1.0090772471372732e-11
ENSG00000006740,-4.813977788597068,1.605583954231959e-98
ENSG00000267040,-2.7863620961542903,3.9113156327511555e-07
ENSG00000050344,-3.0867129045510766,8.937576053994076e-17
ENSG00000235090,-3.5205823955741877,0.0003768016437839473
ENSG00000166863,-9.848072284609179,1.851215593069379e-05
ENSG00000171811,-2.0152914478174226,0.0031250360163037646
ENSG00000198075,-8.529531324854148,0.0002752261438849013
ENSG00000175274,-4.188231295140847,8.53222490551271e-21
ENSG00000069188,-8.563098539952126,4.529417252527486e-23
ENSG00000166206,-4.821608681055517,2.0707357283363596e-07
ENSG00000167642,-5.991722967391638,6.033372737022376e-59
ENSG00000280214,-2.607222258460049,0.0018297238737008076
ENSG00000143502,-2.145822865546874,7.924620895438925e-06
ENSG00000277270,-5.297723208890205,0.0231864697236346
ENSG00000257474,-10.96717319312312,1.485253169154782e-06
ENSG00000244627,-4.039552855922247,3.197143163533889e-29
ENSG00000185339,-2.8373289901867413,1.798111251807464e-47
ENSG00000279089,-2.1909749842912207,1.670594656942993e-11
ENSG00000108684,-8.12063754156606,0.0005510334009575095
ENSG00000169220,-3.457391427762221,7.1104563409677615e-40
ENSG00000123104,-2.09178032679859,4.5583889736171706e-42
ENSG00000178445,-8.799843783675788,2.5134830308021297e-127
ENSG00000244357,-2.136249903692547,0.03682380297829801
ENSG00000132854,-2.797360659217197,0.013799382485012893
ENSG00000143248,-3.4219874669269292,3.1249519013657953e-25
ENSG00000124374,-6.305605823514887,3.522137890113122e-96
ENSG00000227470,-2.9320967819295656,0.0005554900383279095
ENSG00000154914,-7.49040515201935,5.232431963295096e-27
ENSG00000263142,-2.476740711760196,0.003718189621688996
ENSG00000262358,-3.119443371039048,0.007475756528836947
ENSG00000088002,-2.905091999416205,0.0036532951218489896
ENSG00000127578,-5.740372720524134,9.245525813429464e-31
ENSG00000154864,-13.690169227342672,1.1474181621630209e-09
ENSG00000105767,-4.779694269120305,6.118578557412809e-66
ENSG00000076248,-2.266475078792983,5.3635874287487456e-39
ENSG00000185585,-4.0956677553405605,6.343696987428254e-64
ENSG00000182645,-8.102632552049934,0.0005591253095724922
ENSG00000171509,-3.0394088063626565,0.02396755380659534
ENSG00000261970,-2.3620987413575523,0.04342043520378122
ENSG00000146411,-2.4269510119780615,3.049363888603716e-12
ENSG00000177842,-4.71035154118257,2.9562745414069675e-70
ENSG00000242808,-5.453502735841534,9.06771497623419e-16
ENSG00000239213,-2.1602303982476605,8.304041667298441e-10
ENSG00000116761,-2.9544354188572592,5.502371802206367e-14
ENSG00000143674,-8.87914994627,2.245316510461567e-60
ENSG00000197119,-3.765260590800961,2.1495989864744224e-81
ENSG00000250366,-14.920287817183985,1.568611325108236e-11
ENSG00000183018,-5.853290625029581,7.674543328303826e-05
ENSG00000213096,-2.2560000793746533,2.756178296070043e-31
ENSG00000250056,-4.5852177003376875,0.0021835115863557543
ENSG00000118777,-3.671470304631523,3.6236932337052865e-15
ENSG00000272677,-2.1905458849905792,0.000495516740194017
ENSG00000111837,-4.514521886957171,0.0025380387513816087
ENSG00000114757,-5.178685512201708,1.7999096605794125e-17
ENSG00000152061,-2.784715442381075,5.623575487612249e-115
ENSG00000233924,-4.55485900622297,0.00011226160125049789
ENSG00000139946,-2.8657992669976626,0.00043997490894605155
ENSG00000189350,-3.120068224449304,3.5699426179192934e-05
ENSG00000075340,-16.924124702236988,2.752065688229559e-14
ENSG00000279246,-2.796016074742957,0.001604504228873957
ENSG00000263818,-3.0668897462623703,0.003923544353904853
ENSG00000260350,-2.2845522753071186,0.00040110418061115765
ENSG00000141441,-6.065836843107062,3.6434883150937638e-56
ENSG00000152822,-8.509932944081296,0.00027083723213667025
ENSG00000088179,-2.475945823817687,2.9012510210417768e-64
ENSG00000155974,-7.470615776945813,1.777778220287124e-36
ENSG00000107159,-2.2135326772824895,0.016280900973058857
ENSG00000156398,-2.104112503232791,7.567281261642402e-28
ENSG00000181577,-6.582705380373176,1.711615732789441e-09
ENSG00000151090,-5.981928896078598,7.120794706837753e-21
ENSG00000130940,-3.951256257853466,7.69913537112328e-37
ENSG00000165895,-4.055856937295453,2.6288150794241916e-54
ENSG00000175264,-4.655194491144403,5.38124647157781e-09
ENSG00000008323,-9.639918325703356,2.445477191118198e-20
ENSG00000145335,-4.818804201702114,1.4323631316009774e-27
ENSG00000205959,-6.244707810980457,2.153181659964145e-05
ENSG00000144554,-2.1961474503812384,6.588092203418237e-19
ENSG00000158055,-6.327366088370314,1.6113800009878167e-05
ENSG00000234690,-4.7983924926187855,4.0081372607869185e-05
ENSG00000188277,-2.368877680044617,0.010164843684350682
ENSG00000090661,-11.62503116039893,1.7513120534360575e-16
ENSG00000145819,-3.050270989879045,8.953026912196531e-80
ENSG00000124875,-5.602164123737455,2.3796982159192525e-20
ENSG00000135605,-5.39674618623373,2.3271414005105752e-10
ENSG00000249853,-12.366453836233763,4.586503281565257e-08
ENSG00000174640,-3.4109295368697747,3.685131147426477e-05
ENSG00000143126,-3.8308663754973376,1.4329826791021595e-58
ENSG00000184068,-2.142713555418868,0.018339024499540817
ENSG00000068976,-5.54197884955905,1.8464471028357238e-38
ENSG00000244748,-2.014414220252765,0.02499056647705511
ENSG00000175868,-8.209606253307546,0.0004613032655717454
ENSG00000163293,-2.9768418740840024,1.0512077482962355e-09
ENSG00000185477,-2.361686797982427,0.0002578843043539612
ENSG00000144868,-9.412580942043201,3.0846123416998885e-11
ENSG00000162522,-3.0309615777623353,9.18723526371771e-16
ENSG00000120949,-10.735747774026656,4.599245816926424e-25
ENSG00000139971,-2.284949054906405,8.628325071567591e-16
ENSG00000167525,-4.3979191278678185,2.274207210653809e-49
ENSG00000262979,-3.227024656720034,0.006096862325552355
ENSG00000186417,-4.889064441919672,0.0011661614295438807
ENSG00000105289,-8.5774424477932,3.8933503436875636e-23
ENSG00000105877,-2.3601148250044726,8.388837261707157e-18
ENSG00000227214,-2.191606417747685,0.003614462203676275
ENSG00000258649,-11.931646152490906,1.4071736026150224e-07
ENSG00000253553,-2.2810335651128026,0.02263155275349893
ENSG00000277232,-2.137973058588795,0.01469094099593157
ENSG00000233098,-5.975515331859636,4.153273536976954e-37
ENSG00000187260,-9.104833937261562,1.4144870147135347e-10
ENSG00000171759,-9.827255982673737,1.9230903925952017e-05
ENSG00000196092,-6.171671405482901,0.009769227525751111
ENSG00000183960,-10.456726484170067,4.831983687843379e-06
ENSG00000156675,-2.431459097368,1.661731374303949e-42
ENSG00000167861,-4.63056809306479,1.644604826263697e-42
ENSG00000140470,-9.017287456002858,0.0001005839019847086
ENSG00000143603,-8.575232395401901,1.7308462134503696e-09
ENSG00000100979,-3.2528215071284783,3.078948829222238e-73
ENSG00000096717,-2.082000113867756,3.0361520193346516e-45
ENSG00000183230,-5.285330303053694,5.754635877357433e-08
ENSG00000156959,-12.576222983424804,2.6989626868029854e-08
ENSG00000143033,-2.5669971229267934,1.2972714793840648e-75
ENSG00000168646,-5.896380676844884,1.6157976888682618e-70
ENSG00000125247,-2.51994260456312,1.5692187179712498e-31
ENSG00000253686,-4.531758996354299,0.040417472628487
ENSG00000118707,-2.42615109845206,7.96507870328322e-19
ENSG00000150625,-8.976906177913063,0.00011245873581279442
ENSG00000163352,-2.504165718701909,0.023797976378229536
ENSG00000175832,-4.141838961422172,3.9216391793033645e-71
ENSG00000262160,-7.425852359969397,5.782824662236921e-22
ENSG00000154040,-2.6058906259839483,3.4748397699355076e-09
ENSG00000188559,-2.605787428105703,4.203937504444814e-69
ENSG00000171988,-2.24323717820466,1.4958476135219417e-69
ENSG00000152583,-4.690790208997688,0.0019767655010807417
ENSG00000187955,-7.338859896861185,1.1890394072665241e-128
ENSG00000099958,-5.084391468282641,1.0181939916863626e-27
ENSG00000255234,-4.284653484133965,5.525976651414556e-06
ENSG00000198093,-3.083570497708464,9.313815406772344e-49
ENSG00000279407,-2.3129336198853507,1.1452716618051481e-14
ENSG00000140807,-7.001726091896112,2.7855870640779863e-27
ENSG00000109084,-2.0816100211485344,1.4364777826414685e-20
ENSG00000125508,-6.001704238175426,0.01176112683632194
ENSG00000162598,-5.060436916916609,0.028324696163337156
ENSG00000160716,-5.975636735144965,1.0669000367219748e-28
ENSG00000133067,-5.2980252749997065,0.000414793535715347
ENSG00000237356,-3.4240661394568055,0.015710808587601877
ENSG00000167105,-6.6159225791840965,1.1237006358881063e-23
ENSG00000233723,-3.8317908959960616,1.828176448085443e-06
ENSG00000164663,-2.944722101991565,1.512444667615815e-82
ENSG00000285730,-2.9170161102680687,8.203498397610539e-08
ENSG00000163879,-2.3620015492077817,1.4711965370784718e-13
ENSG00000117477,-9.33447834069641,5.421436911506696e-05
ENSG00000108960,-2.9867314138217136,2.593015524354735e-33
ENSG00000274712,-2.4205424442400902,5.510005239070474e-12
ENSG00000133026,-2.0978388240124715,7.210500977584425e-76
ENSG00000224729,-2.7691363895682666,7.206179982927224e-19
ENSG00000113100,-6.603635361368196,0.005727055370609203
ENSG00000250994,-2.4831456591774566,0.003604024346048863
ENSG00000196781,-2.8691039343568865,1.717219382133137e-20
ENSG00000228624,-5.20322026487765,5.705309661488098e-29
ENSG00000116667,-2.8741839148839565,9.258332395194606e-24
ENSG00000133962,-6.494519095050517,0.006932904904120424
ENSG00000270137,-2.6515779786023863,0.017489826257113556
ENSG00000163006,-2.7809865001754916,4.981449091157239e-45
ENSG00000011347,-7.993426564129467,1.6722913872977667e-31
ENSG00000285804,-2.6664536708036937,0.0008918645500209293
ENSG00000231064,-3.336629347245708,2.008796482230662e-16
ENSG00000137460,-5.357061690377649,1.8016490517111472e-54
ENSG00000144893,-7.809715614448428,4.9809852211735215e-87
ENSG00000157388,-5.192958120697982,2.021769724894679e-09
ENSG00000242396,-2.010646383021615,0.032154320202028915
ENSG00000155926,-2.615482585072784,0.0027501551629593294
ENSG00000183765,-2.2214651805215264,2.203151309179774e-42
ENSG00000179051,-3.0412527417897417,5.818492054293914e-110
ENSG00000256417,-5.817781003531953,0.014243673654105338
ENSG00000177736,-3.1290909921600845,0.0016521070609782649
ENSG00000157404,-4.179728690542029,1.685815766909048e-05
ENSG00000199169,-9.861478605471257,1.807047315682341e-05
ENSG00000116830,-2.003024850159711,5.335660519718071e-32
ENSG00000196705,-2.482037726482596,3.5959912914621756e-59
ENSG00000234465,-4.586433565257576,1.3128080224542247e-10
ENSG00000166924,-2.2489066064664094,6.8868579912157425e-06
ENSG00000226332,-2.4879570316081114,0.01103660003739654
ENSG00000284634,-4.329601554908817,4.0713008681798925e-06
ENSG00000235760,-4.936638155632265,2.2410963352840534e-05
ENSG00000254682,-2.1485304888067254,1.6357505375364234e-10
ENSG00000137880,-2.9007671264626222,3.1439681687132394e-17
ENSG00000173157,-11.837635640730289,1.7800165927404837e-07
ENSG00000172572,-6.740885309891132,2.4423594304388643e-05
ENSG00000272980,-2.0949045017183408,0.01247920946324899
ENSG00000124602,-4.497819087141303,4.710967970388183e-08
ENSG00000160796,-2.4250818597545662,4.5130287637225154e-57
ENSG00000173175,-5.942267639627637,7.741122508940352e-55
ENSG00000132698,-8.691984267495132,1.343428011949599e-16
ENSG00000179546,-4.183533912604755,8.935755991841141e-27
ENSG00000142611,-4.341485325458474,0.00034453653833416815
ENSG00000129422,-2.635673792754018,3.564659401668273e-08
ENSG00000233223,-2.310515007407326,1.8535711299376213e-11
ENSG00000131730,-6.724527222154878,0.004812378629319816
ENSG00000205078,-5.121354623266797,1.1208296058270418e-05
ENSG00000197457,-4.41208214346653,3.9011337249331734e-56
ENSG00000138795,-3.403075287740575,0.0013003160775335464
ENSG00000133477,-11.683370560935316,1.235541245779482e-16
ENSG00000161682,-3.0333378631654475,5.131431575589331e-57
ENSG00000129244,-8.753697436264124,2.7254576263228068e-31
ENSG00000106069,-6.854629531414727,0.004023652575459163
ENSG00000135083,-11.558819926971763,2.5942348853272557e-16
ENSG00000186451,-4.531758996354299,0.040417472628487
ENSG00000081181,-4.059435071145922,7.679775862910417e-95
ENSG00000006283,-5.465051208722728,1.1235642322168304e-38
ENSG00000140481,-7.259304244643157,0.002350834554773595
ENSG00000213988,-6.201943329933633,4.223988478936157e-178
ENSG00000167641,-5.933387325915514,8.686113635601595e-22
ENSG00000008311,-4.962913080440808,1.8673190267725683e-221
ENSG00000110944,-2.66906738764516,0.003214670326893818
ENSG00000151136,-8.279890673748596,6.77991210816369e-34
ENSG00000130433,-7.605820203296861,0.001297949675032629
ENSG00000276337,-2.2130956199321807,0.0008388122575195873
ENSG00000141446,-2.4664211293550444,7.855278243018574e-75
ENSG00000196584,-2.9084811840762868,1.4111573872796652e-21
ENSG00000226472,-2.3485224772362367,0.02013777673676632
ENSG00000135127,-8.70374583591449,6.065707439032582e-31
ENSG00000073849,-5.580613517821102,9.865691046566567e-143
ENSG00000158246,-4.368822797205307,2.6653249478917843e-85
ENSG00000245248,-2.128346408874391,0.00041607055249999193
ENSG00000142549,-13.680332816805578,1.210230860147282e-09
ENSG00000146757,-2.619557674922293,2.107755178123369e-52
ENSG00000108387,-6.682585982992026,3.459217499795863e-17
ENSG00000130584,-4.2364424130794,5.9354171478337335e-52
ENSG00000146386,-2.558991535940035,9.365289356294772e-47
ENSG00000114812,-11.268774817800805,7.434964445255871e-07
ENSG00000119686,-3.3985959128829353,2.2613066750752347e-13
ENSG00000140263,-2.009742361965277,6.71504789633596e-36
ENSG00000105639,-2.2665962108860613,9.818309115099311e-08
ENSG00000196218,-9.745566757476851,3.901728349544886e-39
ENSG00000105479,-4.7293328240094334,1.0430945308285605e-08
ENSG00000149926,-6.014783622045778,3.7635068696162703e-62
ENSG00000113269,-2.6466401458830093,0.004247302479232188
ENSG00000076555,-3.043676926223023,2.7225851899223387e-45
ENSG00000057294,-10.66535403262704,5.630339962547305e-36
ENSG00000165716,-13.208166353802664,4.647135606885377e-09
ENSG00000137266,-7.494552173376927,4.905943475491848e-134
ENSG00000155380,-2.09693768508479,1.7602619809798912e-29
ENSG00000235152,-9.635454483020341,2.8854785035014637e-05
ENSG00000163141,-3.170384219066146,3.268324565156483e-07
ENSG00000183570,-7.176437194615164,2.4273365408017973e-11
ENSG00000132749,-3.791942486673701,3.0801576090502915e-64
ENSG00000165323,-2.779408958632843,0.0016433536229682204
ENSG00000151952,-13.102945650376343,6.171267884157772e-09
ENSG00000065361,-5.9533061654605985,3.6116272353774143e-143
ENSG00000147852,-2.1879214425377187,6.844508620662654e-51
ENSG00000234814,-2.0741316120828266,0.017321793070121373
ENSG00000236409,-2.644735873059915,0.03481785182200495
ENSG00000203710,-2.093408609984353,0.03813478028967065
ENSG00000254726,-4.563830913625315,3.6823875578256555e-119
ENSG00000060656,-2.154887802853961,3.2308682868972053e-26
ENSG00000132681,-6.858358627742603,0.004020469955479134
ENSG00000126822,-3.3457928420398373,1.7250279738961879e-31
ENSG00000279159,-3.2752361925619655,0.00021207217476813795
ENSG00000266903,-2.453469154070501,0.002375695954441128
ENSG00000125730,-2.207672161848876,1.4222399480126051e-09
ENSG00000281344,-2.78631198006789,3.3713819283522194e-24
ENSG00000165863,-6.825818168930958,7.6541896748938545e-22
ENSG00000226950,-2.863158468655299,1.0298657980672634e-87
ENSG00000196353,-9.482894250070343,4.0081372607869185e-05
ENSG00000168309,-2.6791799853656317,0.004091519177286942
ENSG00000171045,-2.0479071398905275,1.140049707451029e-05
ENSG00000157542,-6.160086361578127,3.828007746063061e-11
ENSG00000115339,-4.752838005307462,1.310308899622994e-07
ENSG00000152402,-3.164606505310313,5.891029402097368e-13
ENSG00000166582,-3.112307174371744,6.914953830229602e-52
ENSG00000105717,-2.064348070666356,0.00018356584209387497
ENSG00000127561,-3.994210564793363,3.1256358309724326e-61
ENSG00000269994,-9.101782576138355,8.853873104396909e-05
ENSG00000166002,-2.0737386494627614,9.391313087763166e-23
ENSG00000113356,-3.729998969834137,1.7147115018682416e-49
ENSG00000139116,-3.581567975419608,3.186290481959493e-15
ENSG00000198825,-2.6121347520100158,4.2916214141823625e-66
ENSG00000140015,-4.912808717438482,2.4943811098136817e-05
ENSG00000099812,-2.8729511273290984,0.00910540256571696
ENSG00000151131,-2.443477024257409,4.088715097911587e-74
ENSG00000260912,-2.4357996140666756,2.718921832957897e-15
ENSG00000018625,-8.40209531751484,2.3529425210493245e-13
ENSG00000078900,-10.124268209233774,1.0190043862026208e-05
ENSG00000154359,-3.2734606747125956,3.2796547368425397e-53
ENSG00000149150,-2.3273517205458827,1.7169817291948649e-18
ENSG00000140403,-2.956401091332637,0.00012150310133677738
ENSG00000166532,-2.520556066659451,2.743570161364524e-66
ENSG00000228065,-3.2966634318742867,9.746532909883759e-09
ENSG00000086475,-3.9295291188811263,8.382397047688866e-124
ENSG00000054654,-2.7794548349755477,9.085129824632141e-15
ENSG00000250519,-7.445785101829735,0.0016717408428779446
ENSG00000259845,-2.336961285533434,0.004725436021510539
ENSG00000269343,-2.022466153748962,4.100235244166617e-28
ENSG00000175643,-2.541843163406787,8.66013699998873e-18
ENSG00000053918,-9.351324329478606,5.3253999797259746e-05
ENSG00000101349,-8.046712679536576,0.0006455259414794804
ENSG00000249378,-8.237371811150966,0.0004377311926659174
ENSG00000185565,-8.080178598380696,2.122230225886938e-14
ENSG00000114631,-8.053883008610189,1.497019946188815e-48
ENSG00000230863,-3.882870627769314,0.0012081003185147909
ENSG00000165804,-2.9648198831580763,2.7051630632713712e-34
ENSG00000272155,-4.831398293435125,0.0012742419480066623
ENSG00000116127,-2.1507316029965886,1.2087624378270994e-77
ENSG00000254951,-2.2755911918513116,0.004812378629319816
ENSG00000173262,-7.7269633871235355,7.071415477878652e-24
ENSG00000185664,-7.668508608893395,1.8470570593862416e-125
ENSG00000236673,-16.163039656776654,4.1897341557270085e-13
ENSG00000091844,-5.743429291881182,1.0304700298025302e-55
ENSG00000162551,-10.66438048792148,1.0741001551600728e-17
ENSG00000143341,-2.655149631444816,3.194031302745097e-63
ENSG00000256771,-3.7620782653068434,7.156047748918683e-127
ENSG00000015413,-8.478343129298684,0.0002819245177187021
ENSG00000236094,-6.235889440932561,2.111949247179432e-14
ENSG00000101057,-3.207347371741822,2.995070432238978e-24
ENSG00000186603,-6.1570692861818666,2.881372601486352e-58
ENSG00000142621,-3.405327354937334,0.00013326107212997191
ENSG00000122779,-3.655329923353235,5.433089516044454e-144
ENSG00000134917,-13.030290783705157,7.544224580238799e-09
ENSG00000156427,-2.809293580265375,0.000793038268482916
ENSG00000189180,-2.0012168582337075,5.52279909347593e-33
ENSG00000207927,-10.564328183260981,3.787677659611625e-06
ENSG00000157150,-3.868932909032259,2.0086574408378807e-10
ENSG00000048545,-9.715110172608718,2.4298575873474798e-05
ENSG00000132639,-6.458198462998557,0.006846590800477031
ENSG00000130762,-9.631311455089143,2.2025104560963296e-20
ENSG00000207547,-2.001221834515496,0.0014195059256488938
ENSG00000184363,-2.8250434912056863,2.0167699477621864e-54
ENSG00000173898,-9.676845534952333,2.167908188494154e-118
ENSG00000108984,-6.665314585492845,5.4555160550288586e-12
ENSG00000196081,-3.3495964433095797,5.8838814578357774e-34
ENSG00000164142,-6.2245471670851495,2.0317227107425483e-173
ENSG00000144668,-8.284901547877041,1.4395801017011338e-21
ENSG00000095203,-6.551328186540239,3.3648151514450117e-07
ENSG00000115008,-3.36599006563204,0.005745721331609926
ENSG00000172554,-7.925326872711792,1.2835738486544468e-19
ENSG00000115457,-10.408748110420149,4.489935408437614e-94
ENSG00000221066,-3.3623741910276617,0.016647240223104674
ENSG00000236404,-3.1301183980180407,1.001582602814374e-13
ENSG00000183049,-3.9587035229380416,1.3637740286327539e-14
ENSG00000271860,-5.258073633143322,0.00043684469315355943
ENSG00000267882,-2.54053213205205,1.2957817449434589e-05
ENSG00000110721,-3.105206014441231,1.1338795073981683e-79
ENSG00000141682,-3.009525613548032,8.695184951739578e-32
ENSG00000175322,-3.752982196010367,1.9191812334264552e-43
ENSG00000139287,-2.4531340006005338,0.009312606835420604
ENSG00000152779,-6.333168092542885,6.787519163951623e-12
ENSG00000168280,-6.239957834613414,5.4961667946113394e-114
ENSG00000080854,-11.684972371874768,1.2384695914983759e-16
ENSG00000176834,-2.0680968767114294,3.720063356714509e-58
ENSG00000139044,-9.984328825836442,7.614309524207675e-22
ENSG00000092929,-3.8413970922400686,3.5482692660832135e-18
ENSG00000269425,-5.927979721792812,0.012723026211969907
ENSG00000169918,-5.784024816158718,1.314479214252925e-21
ENSG00000179044,-3.55956010638213,2.6438227625504495e-05
ENSG00000124140,-3.6270840376995217,5.375016328512541e-06
ENSG00000224315,-2.4753953276830782,0.011941077765217025
ENSG00000132330,-2.9241491236225703,5.037807731361888e-37
ENSG00000115109,-3.626622914375887,1.5357548233808559e-18
ENSG00000128268,-12.543211782418233,2.8365913371513636e-08
ENSG00000182870,-9.00795861753438,0.00010487692811534653
ENSG00000198589,-2.0236054306643383,1.0628627247244376e-49
ENSG00000205269,-4.239797999112466,4.603249662159627e-46
ENSG00000172731,-3.377427639136078,1.4229675753715605e-51
ENSG00000053524,-8.995639576353792,7.956091725329472e-18
ENSG00000224592,-3.4157585188029356,0.0049233766258785045
ENSG00000188732,-8.760909474782846,6.566726032395593e-17
ENSG00000203635,-6.06881445992425,8.208701339524694e-13
ENSG00000127831,-7.224832554824083,7.190451528990558e-16
ENSG00000187398,-8.78372194876486,0.00015948273126479214
ENSG00000171219,-7.325019516712539,5.318829758579627e-55
ENSG00000035499,-3.2486069148123695,6.882446916453454e-27
ENSG00000240616,-2.1164879253853255,0.00020104708279337308
ENSG00000196408,-2.0829309447389437,0.0028916685262517132
ENSG00000006432,-6.219430827753242,6.087633954551328e-14
ENSG00000129007,-2.925689346461473,6.589318272517135e-05
ENSG00000244332,-4.062500275182051,1.0950387448582034e-05
ENSG00000144908,-3.7944394111484336,1.1310418198854943e-07
ENSG00000147601,-4.670469883202947,0.0
ENSG00000104213,-3.7303781327113654,8.339419505873083e-14
ENSG00000101004,-3.1197572665437656,3.7558821096773015e-83
ENSG00000168389,-2.117278106213476,2.0722012096011096e-29
ENSG00000087085,-5.321278665320644,8.729144590836667e-16
ENSG00000266777,-2.213058510898594,3.7041380961686163e-06
ENSG00000168671,-10.16008644149033,6.704096369502282e-13
ENSG00000199102,-10.928271621085662,1.6445569827873734e-06
ENSG00000118298,-13.487121579075533,2.070326108607545e-09
ENSG00000150907,-5.791703719846535,1.5302470651628652e-94
ENSG00000006625,-2.198817400274584,2.742908651899541e-26
ENSG00000197008,-2.7297002611554286,9.054688252519264e-39
ENSG00000158560,-2.5394518153875927,0.0020741535752128535
ENSG00000146700,-4.423405165123993,1.1601231159802271e-39
ENSG00000008277,-7.813890058386912,1.006848640584699e-65
ENSG00000272851,-5.490567350059107,1.688851847699692e-06
ENSG00000050767,-10.997541248924453,1.385727038133388e-06
ENSG00000053108,-8.151400294906127,1.18891030712395e-08
ENSG00000166289,-2.061514302473965,2.3710838474794957e-12
ENSG00000184792,-3.7531053212544445,3.7966069485815066e-17
ENSG00000103740,-7.994235375311614,2.3189269199764442e-08
ENSG00000173320,-8.992540915592036,8.03035081582119e-55
ENSG00000204531,-11.499865398789069,2.3066261253111545e-191
ENSG00000064225,-5.956413218481309,1.8271735982095893e-18
ENSG00000183638,-2.500759229741796,0.023933824362111656
ENSG00000184669,-8.929025514973599,0.00012846144282756757
ENSG00000036672,-3.2159925215664837,1.5559855804358443e-26
ENSG00000171877,-3.2985867526089083,2.0856790748582003e-40
ENSG00000168675,-4.873520504275782,1.0408584198679095e-06
ENSG00000100626,-4.546606170373226,1.7580831035334772e-27
ENSG00000245614,-3.967127548450606,1.991178610540228e-09
ENSG00000147647,-7.356670119064265,0.0019194668312478545
ENSG00000117643,-7.660140832703823,2.2068198834058148e-23
ENSG00000142235,-5.153409693043523,6.090488826751848e-26
ENSG00000185615,-3.3652295802547125,0.016528715775086644
ENSG00000111218,-6.017568484349276,0.011524320511503103
ENSG00000196730,-7.94312417207536,2.749526731992779e-243
ENSG00000174721,-7.675568663859189,4.536804112351672e-190
ENSG00000078177,-4.374175517391888,2.1009647281893567e-140
ENSG00000198513,-2.4277748707392828,1.1460043841948442e-11
ENSG00000248405,-6.190803586132342,0.009484356314399098
ENSG00000168959,-3.1213283898941837,0.003397913484368277
ENSG00000166341,-2.058600830619801,5.978758756057235e-15
ENSG00000254934,-12.122300910337191,1.0722598831827972e-31
ENSG00000281398,-2.965461340361617,3.7112103177431876e-100
ENSG00000269416,-3.5553058218303026,0.0043327868544916215
ENSG00000107551,-2.514658048122656,3.5774631380799772e-06
ENSG00000177853,-2.1337909084119238,8.659162020853536e-50
ENSG00000107719,-14.587350952924073,7.612186598659604e-11
ENSG00000108375,-3.6734607344309547,0.002744376040554245
ENSG00000137819,-2.26211909267958,9.833871498017689e-09
ENSG00000101680,-5.144253142961188,9.377207041942604e-10
ENSG00000137261,-6.0098520239074515,6.979955920598805e-08
ENSG00000177103,-4.94573209474459,0.030893059343548628
ENSG00000161243,-4.272168065213291,6.781655720645297e-14
ENSG00000184985,-3.4837099003398033,3.110550927185503e-07
ENSG00000253320,-2.666475209737751,1.6424975712181304e-13
ENSG00000016402,-6.639842373877671,5.4106996042003025e-06
ENSG00000125851,-8.29819004838622,0.0003934974772575868
ENSG00000184611,-8.458070770446172,0.0003168122249492189
ENSG00000013573,-2.2951312431130164,1.5640505682039255e-17
ENSG00000144847,-5.222630776138377,5.866978037890269e-06
ENSG00000144645,-3.0438942517467313,1.6606275376933567e-57
ENSG00000103811,-6.20570650560813,1.5438965145856867e-37
ENSG00000162437,-2.709437702489885,5.3416434714654605e-40
ENSG00000164707,-2.696984603708622,0.000886926489873121
ENSG00000178752,-2.6815739210693077,6.083053203788622e-05
ENSG00000138101,-3.065514071713855,3.219046104155909e-48
ENSG00000283341,-2.0139564800237952,0.00018563181286967336
ENSG00000078295,-16.055338673899655,5.969659021241708e-13
ENSG00000125731,-12.26328747807476,5.936786869355737e-08
ENSG00000105642,-7.519023861515317,1.9715185011093092e-17
ENSG00000188501,-3.227780471273804,8.76197412645228e-11
ENSG00000067715,-2.1491691788494363,4.462289185348102e-09
ENSG00000204711,-6.683229106327,1.5837585166263935e-13
ENSG00000116771,-7.160916742805838,9.020316079310652e-16
ENSG00000055118,-11.919899072041414,1.436174653977132e-07
ENSG00000197971,-7.889128231008793,1.0694231148481697e-46
ENSG00000173077,-2.63734737080102,0.018259952071260063
ENSG00000008083,-4.24635232517576,6.387836873708126e-109
ENSG00000164411,-7.005552419979612,0.0032717465597702786
ENSG00000230623,-12.983155639733496,8.622615106410455e-09
ENSG00000197329,-3.533738997080974,1.12517271609793e-31
ENSG00000091428,-3.106911402927345,6.386679869324439e-07
ENSG00000150672,-4.760101552681835,1.30883574113726e-46
ENSG00000110786,-11.48839673453131,4.3348789891428514e-07
ENSG00000072071,-5.231458898463634,6.712091462300151e-153
ENSG00000135549,-11.093572492856442,3.90406979227467e-15
ENSG00000215045,-6.443717489715912,6.243946148278181e-09
ENSG00000196668,-3.0105719199186476,2.3353842670142068e-06
ENSG00000169031,-3.210419310571503,0.007739712444411933
ENSG00000265800,-2.3711911388332263,0.0002293025941905128
ENSG00000147465,-4.498166227243081,5.8066247326627335e-12
ENSG00000151575,-2.6951427340718093,1.94496403134558e-15
ENSG00000140090,-7.356670119064265,0.0019194668312478545
ENSG00000231752,-7.134393672294419,8.234291556599164e-07
ENSG00000165495,-8.545721540571005,0.0002488580686564762
ENSG00000254560,-5.375308445129267,2.581013913347358e-06
ENSG00000131480,-2.2510949828648448,4.980725458520465e-10
ENSG00000197822,-6.453975035787069,3.832721125807523e-96
ENSG00000261175,-3.033500646995189,4.718828132200618e-07
ENSG00000153707,-11.711948070510333,1.1631223726938915e-29
ENSG00000107242,-8.768085397876648,7.061928373135986e-10
ENSG00000180592,-3.6201863702773447,1.495350132013097e-42
ENSG00000227583,-2.9340624054146063,0.00293759930858127
ENSG00000170011,-4.295444992509744,2.3998985386925837e-18
ENSG00000202229,-4.531758996354299,0.040417472628487
ENSG00000171517,-3.637859403454321,1.5709552370615768e-05
ENSG00000158769,-9.423568393309132,3.6203809421469125e-92
ENSG00000134873,-10.006424529288624,1.5659113978903521e-12
ENSG00000146966,-4.186737742330233,9.020649797267848e-54
ENSG00000019582,-7.827319591922049,1.0212822600429415e-45
ENSG00000167600,-7.329264731784262,1.0705028835158929e-149
ENSG00000104892,-6.893705695488837,2.09159170766228e-06
ENSG00000198521,-3.3025403455207862,6.065834527035611e-100
ENSG00000130035,-10.197592392068058,9.010121158705576e-06
ENSG00000099194,-5.156610584992368,3.114310630530915e-273
ENSG00000112159,-2.579130743443518,2.3061422139575804e-43
ENSG00000198221,-9.381785076796984,4.855537812066829e-05
ENSG00000168243,-5.594127374721587,1.9373802203604087e-165
ENSG00000128285,-2.3868592987087696,0.0012249705932159845
ENSG00000165995,-9.348630821180336,5.2573698754475186e-05
ENSG00000164048,-4.783680518127601,1.0733279111408989e-168
ENSG00000163376,-3.4552312945003427,9.607605876398997e-67
ENSG00000245904,-2.1937810611307547,0.002444043570323718
ENSG00000169129,-7.3662761904469285,1.903078487073382e-21
ENSG00000121904,-2.6465573100755955,2.53207960629888e-11
ENSG00000153094,-4.11310100395852,1.7218497257559448e-63
ENSG00000138413,-2.5613648250123484,1.6090970848143978e-45
ENSG00000160602,-2.114716657452303,9.816165679637183e-16
ENSG00000103534,-9.571702258589053,3.4674721130248615e-05
ENSG00000163694,-5.4363716359841705,6.84610531321065e-203
ENSG00000182902,-6.473329530874503,1.0615123340526582e-05
ENSG00000280311,-2.929970609304362,0.0013882948525181773
ENSG00000080298,-2.653173427445264,1.9692978030443347e-57
ENSG00000187672,-10.036555871705167,1.358535548039999e-12
ENSG00000137942,-3.7190241659729306,2.623868437802116e-05
ENSG00000196482,-5.591149101824097,5.982671920512448e-11
ENSG00000163219,-6.969104106523231,0.0034304831163994975
ENSG00000158089,-4.638876462679557,5.225397689048956e-31
ENSG00000265178,-4.250209394354223,0.047327556989259084
ENSG00000280239,-2.7393571394161484,1.5817042524186012e-12
ENSG00000259556,-2.459348698650995,0.010844846919015782
ENSG00000204991,-2.1981763936857184,1.8498929451552341e-22
ENSG00000164946,-5.422686647156407,1.4934232557237734e-18
ENSG00000135525,-7.448982554230617,2.32720927845391e-153
ENSG00000157152,-5.72073709921416,7.827855142111334e-38
ENSG00000173890,-6.246002483343861,1.1655263567112721e-37
ENSG00000166126,-4.127639819967958,7.426764550409828e-05
ENSG00000206579,-5.95590007250462,7.904585130437082e-13
ENSG00000145087,-6.346369630444754,1.2395538025693913e-21
ENSG00000085840,-2.6462314953090242,1.5919645100298938e-14
ENSG00000281103,-2.918400026685254,0.0038130991102589204
ENSG00000257086,-2.1328108577262523,3.404182587512964e-11
ENSG00000167524,-2.4570399556787526,5.337894031039614e-27
ENSG00000267041,-2.7610864785823415,1.0632334793566457e-69
ENSG00000162062,-2.535952592791785,9.646033791805495e-17
ENSG00000214338,-3.0917491026298873,0.008126283319330208
ENSG00000157087,-7.530402628376582,0.0014771425310578482
ENSG00000136367,-2.5321158725081108,0.0002848264234874388
ENSG00000124215,-3.2480557355633075,1.2184060503323279e-06
ENSG00000163435,-6.258094610283403,9.008389137521373e-21
ENSG00000260808,-7.11077166622289,0.002804718870819888
ENSG00000137709,-4.5026210826779725,1.2389833249017161e-05
ENSG00000181007,-2.1897856462854346,1.4855604819463665e-15
ENSG00000284428,-3.1786724091429135,9.715006491278207e-29
ENSG00000135643,-3.8811032432558377,5.373242812575374e-13
ENSG00000165209,-5.153943630017625,1.0646767610582326e-217
ENSG00000226648,-3.6206611885328086,0.011749075847368952
ENSG00000162669,-8.529366362498301,0.0002619693474653723
ENSG00000285793,-3.2405070642716223,1.8934529063574477e-08
ENSG00000155980,-3.406036500460363,3.665862743581833e-99
ENSG00000108018,-7.2295562475745365,1.5686821165307354e-20
ENSG00000121898,-6.099193014427116,5.486920509818667e-14
ENSG00000163412,-3.5554863711411087,7.143963762180193e-50
ENSG00000042062,-4.578093553197099,3.6408070695852624e-23
ENSG00000277462,-2.6367570993893024,1.179160048814413e-23
ENSG00000132932,-8.434941172009205,5.805690931797853e-29
ENSG00000106484,-7.635205693962561,5.380377256212139e-10
ENSG00000175874,-4.3079741084061585,3.0165316881642535e-05
ENSG00000146409,-2.183613450419431,2.2575977158854037e-25
ENSG00000100505,-7.1333386936646255,1.681877519607765e-19
ENSG00000235790,-3.7343759351113333,3.891505263981001e-05
ENSG00000170743,-10.218978265346312,8.419889414645435e-06
ENSG00000105357,-10.15488014038531,1.1768002896288907e-32
ENSG00000180061,-2.2222365947931113,0.03220258225177312
ENSG00000263551,-6.223361909946433,0.00936741659456049
ENSG00000156574,-10.389598884935141,5.626924058254242e-06
ENSG00000090534,-4.501246255037459,0.04113864197747241
ENSG00000115290,-8.170404902810237,1.0193154284720817e-14
ENSG00000129159,-6.530220687103866,0.006233764912002724
ENSG00000132016,-3.0036815198448052,2.8821344079015362e-11
ENSG00000181392,-5.541326062792523,4.748774362201072e-30
ENSG00000154118,-9.94960541214075,2.5085474999104635e-31
ENSG00000119514,-7.954493110141559,1.5841883598731894e-06
ENSG00000112499,-6.381746413222353,0.0075720271198092505
ENSG00000203799,-2.713468616329002,7.814843200381239e-05
ENSG00000010327,-4.2849545392482575,3.4895771776711417e-07
ENSG00000255639,-6.9633324550622095,0.003456872731797645
ENSG00000197279,-5.156288104432428,6.11793572758504e-31
ENSG00000163590,-3.319388358848892,7.96451186419413e-70
ENSG00000182795,-4.9438292052543575,1.8174472437836036e-27
ENSG00000197472,-4.232228579801794,1.145950154895788e-41
ENSG00000237872,-7.178701943026126,0.0026186125881579826
ENSG00000229152,-2.72169368738826,6.594301380828768e-22
ENSG00000137101,-2.314573447290118,3.008186846489611e-07
ENSG00000150627,-8.49919618344883,2.4308473793736093e-09
ENSG00000172139,-5.1149787773666056,0.027310446711425688
ENSG00000157890,-7.717446411192344,7.621266779281265e-08
ENSG00000177614,-10.02385056073213,6.961898335193476e-22
ENSG00000101638,-11.072353247860379,1.1586200755401513e-06
ENSG00000250510,-2.0552940405106317,2.646593665793744e-07
ENSG00000236924,-8.580543598430967,0.00023379119313552703
ENSG00000135063,-8.996592668907095,4.029092807629564e-33
ENSG00000244701,-2.6131439069966165,0.00026437164081854174
ENSG00000135636,-4.339924361231515,9.284116617392084e-05
ENSG00000204529,-5.3005908999500875,0.02321000670884167
ENSG00000205041,-2.4299720865060817,6.629020058775548e-10
ENSG00000247556,-2.1003077160379804,3.5710439756519405e-33
ENSG00000198673,-2.273631249832747,0.00011184705835158995
ENSG00000138759,-3.2674751648731495,0.00014879456705020096
ENSG00000138792,-5.5359490259317505,0.00020589638097855874
ENSG00000184465,-2.042340176928029,1.7199973537318588e-27
ENSG00000237686,-5.295226741224606,0.00039269033793360017
ENSG00000184156,-5.327317063387429,4.84883555787758e-26
ENSG00000229153,-6.610520179051586,1.5390581654061643e-09
ENSG00000130413,-2.1594275655116046,0.025729547793483295
ENSG00000179361,-5.689959582592847,7.895714210769709e-256
ENSG00000141384,-2.835734476356004,6.138399550790598e-40
ENSG00000121316,-11.533918000737854,3.8037350473530085e-07
ENSG00000283982,-8.24625092415618,0.0004302223571950266
ENSG00000165730,-5.697931118515999,1.2713001189190841e-11
ENSG00000243005,-2.281830865728833,0.02596799944287627
ENSG00000163995,-5.695565577659832,2.1214698313491465e-09
ENSG00000165929,-7.315131679868966,2.9978530926174986e-88
ENSG00000138346,-2.5710273335651874,6.256522426442305e-42
ENSG00000196562,-4.054823016100116,5.27748741957514e-05
ENSG00000279996,-3.9266690455622135,1.1842290708533922e-05
ENSG00000048028,-2.2792984630365267,3.1866125014624045e-70
ENSG00000073350,-7.149712642986675,1.1202353841520126e-122
ENSG00000164300,-2.231380937751222,2.255683439227156e-21
ENSG00000130477,-7.053422883220847,4.4956208916531165e-79
ENSG00000232677,-3.2947341698817896,5.522262033300942e-66
ENSG00000242220,-2.0146604845226594,0.031570002890119984
ENSG00000103034,-2.41343763761122,0.0047556947965723085
ENSG00000146276,-5.948237062055787,0.013270942189367163
ENSG00000139832,-4.521933526082284,6.426350324434101e-52
ENSG00000083067,-6.773479337811478,2.4740839889422526e-28
ENSG00000153157,-9.15453923144834,7.68487805764743e-05
ENSG00000203685,-7.649046335280716,1.0604454192168398e-07
ENSG00000255666,-14.80385287361771,4.0094052454440964e-11
ENSG00000108309,-6.192636067940091,2.6197847353349707e-11
ENSG00000129354,-9.624251319722811,2.708973268897894e-63
ENSG00000172687,-3.547069192006215,1.2269117346746254e-87
ENSG00000179046,-4.6369079807789975,3.0095155058804593e-29
ENSG00000111879,-9.706382628035113,7.166529061335326e-12
ENSG00000274825,-2.1822792657686865,0.004885803253861315
ENSG00000229021,-2.7784347015512094,0.03085843867226183
ENSG00000234678,-9.283861640691235,6.012313274232289e-05
ENSG00000225234,-5.927979721792812,0.012723026211969907
ENSG00000159374,-3.64922521237361,1.818136151859739e-12
ENSG00000144401,-2.58960097255362,2.56805964506696e-22
ENSG00000268218,-3.7518640511289285,6.19260316226872e-05
ENSG00000169026,-3.799414145683939,5.2891362477463535e-15
ENSG00000008226,-2.9994003698831455,3.897525274461331e-05
ENSG00000104728,-2.417796041613496,2.0298615818390086e-22
ENSG00000166676,-7.223282208343059,5.740880691069981e-07
ENSG00000256995,-6.507526863100196,0.0068648901049454345
ENSG00000100767,-2.5714661277761546,2.2432832983939172e-20
ENSG00000066248,-5.871754901677108,2.1459371853581075e-12
ENSG00000142273,-9.438607583701394,2.731864133751469e-11
ENSG00000182511,-2.8490142115675035,7.449420925324695e-16
ENSG00000197943,-4.6757443538457535,8.431994251704187e-32
ENSG00000273284,-2.253033966838044,1.486224134032263e-05
ENSG00000171435,-5.197274367955358,3.1588914490686573e-06
ENSG00000165997,-2.1431755536966004,4.2570808355430915e-40
ENSG00000131389,-2.1791562663595507,2.0313939520321313e-29
ENSG00000177380,-3.6130673202248627,1.7622176577357956e-57
ENSG00000154639,-11.700003898721064,3.115689886309996e-82
ENSG00000140832,-11.112097232769104,3.4992133632429284e-15
ENSG00000047662,-3.690456732095038,5.397955315790131e-06
ENSG00000272379,-2.000261445466712,0.010062491573654422
ENSG00000187105,-3.474988682478536,0.000248040422214817
ENSG00000084444,-2.2293305282768605,7.985593898110032e-32
ENSG00000175730,-2.843180689619226,0.02883078720589317
ENSG00000157193,-2.3257081922922507,7.919913126590752e-25
ENSG00000121769,-3.044250698316923,6.790402568464604e-24
ENSG00000120332,-6.458198462998557,0.006846590800477031
ENSG00000186205,-4.706675780024792,1.6845481657032847e-80
ENSG00000197959,-4.393129326564898,1.904829151506235e-40
ENSG00000155657,-6.9978495267600875,3.6414213721378063e-208
ENSG00000197847,-3.8016036714889605,1.8843542292973894e-25
ENSG00000019505,-13.085847081157112,6.60917989621073e-09
ENSG00000261775,-2.4462022311877116,0.016494318117026025
ENSG00000167216,-3.051224522682586,2.3765709007692383e-12
ENSG00000123329,-3.314135174087393,1.3746022668316613e-07
ENSG00000274191,-2.5627777285348965,0.01302060211844854
ENSG00000136014,-13.934801752710024,5.2581976041352944e-23
ENSG00000122735,-3.4932366369275263,0.014125958277612724
ENSG00000148488,-3.625058763377989,6.415374896655365e-05
ENSG00000187607,-2.2299279419618223,9.602597124808295e-46
ENSG00000175175,-10.70511048078149,3.527324735218259e-14
ENSG00000157368,-4.5089736177914785,1.2354642244469058e-09
ENSG00000261732,-2.4669371909589968,9.117995443380468e-05
ENSG00000267284,-6.701155930950149,0.0050316716792084895
ENSG00000111058,-4.1911473269905954,4.2054859683924906e-76
ENSG00000234026,-4.881291985618518,0.0011234937630742842
ENSG00000155792,-3.785899382256173,5.251593211756249e-15
ENSG00000140459,-4.207930809266916,1.5050719784926175e-08
ENSG00000007516,-4.921522936144915,1.891682403790292e-31
ENSG00000139132,-3.46403344004874,5.765175824471536e-27
ENSG00000143578,-2.460300308966217,2.0694798774710797e-30
ENSG00000106633,-3.9471974199565962,1.8250540915912484e-11
ENSG00000108352,-2.602682992571344,1.507214811025108e-30
ENSG00000105538,-6.73516466671136,8.992395079433155e-25
ENSG00000169181,-5.69341753788488,0.016450950695854283
ENSG00000212694,-2.163601724209262,2.3955969242406922e-17
ENSG00000188613,-4.105130676776811,1.9369924976964487e-17
ENSG00000238266,-2.691320144102896,4.1038814873399774e-07
ENSG00000185008,-3.58532389831788,2.0527413658557043e-16
ENSG00000215866,-9.72518666542483,9.9302200741056e-21
ENSG00000074370,-7.836926964898514,1.1411527496275773e-89
ENSG00000167840,-2.7483893067669336,2.968289120160821e-43
ENSG00000261183,-6.840812927699111,2.7669242323353865e-06
ENSG00000157782,-3.239828239408699,2.2200867231939345e-05
ENSG00000152782,-2.791928531573942,1.3294806293905983e-51
ENSG00000189157,-2.073553376225711,0.016094973296246637
ENSG00000135248,-5.031441843215093,3.5151280898442405e-23
ENSG00000141401,-5.514523973428708,2.199040946477299e-109
ENSG00000253284,-2.6678119563611973,4.442525225696009e-10
ENSG00000198771,-7.222570243289212,0.002358051236412941
ENSG00000184349,-8.54266061760544,2.7400760426591845e-36
ENSG00000225051,-2.429798160612375,0.0063845277759526815
ENSG00000166268,-8.171125504677413,0.0004951097031818358
ENSG00000254275,-5.565180077574429,0.018226819381992068
ENSG00000087301,-2.704340121149786,9.462981885604135e-27
ENSG00000144120,-2.0800947398962792,4.309923617383594e-19
ENSG00000144395,-3.129220946461609,2.936028012124379e-28
ENSG00000149403,-7.0640890195832995,6.401552253113571e-11
ENSG00000142405,-5.987567682613849,1.4998633919122692e-10
ENSG00000206052,-7.252835540113127,0.0022706835470778894
ENSG00000148082,-2.1026426940557648,5.3490288378427455e-06
ENSG00000180385,-2.6162007216856566,4.657154380476442e-20
ENSG00000156687,-16.058146534094256,5.910791847691818e-13
ENSG00000265817,-2.407969011887389,0.00011585642497185408
ENSG00000185052,-11.685055557058606,2.591852700072402e-07
ENSG00000058085,-2.203853488554662,1.0948273351446372e-25
ENSG00000227258,-3.0021123175046904,0.0034040744877588004
ENSG00000224063,-2.4326451210491347,0.016630623524744648
ENSG00000196208,-9.538737427756814,4.2979982435264517e-54
ENSG00000196950,-2.7148865815117764,1.0537782663608871e-152
ENSG00000087258,-8.029087834870463,3.413745526586456e-17
ENSG00000165185,-2.004733288046725,4.3866421904753295e-08
ENSG00000112394,-12.752105217747053,1.6258897354975117e-08
ENSG00000155897,-12.631314072359404,2.2457100096748553e-08
ENSG00000171766,-6.307674409002238,2.5889638459374193e-27
ENSG00000183032,-3.8754521713127796,1.2725752486829555e-18
ENSG00000006555,-7.9674608113919,0.0007026457465453385
ENSG00000106278,-12.184602206358479,9.551093415313548e-13
ENSG00000077616,-4.213973629658634,1.1500855699374342e-16
ENSG00000141314,-7.148127561716613,6.180179602799498e-45
ENSG00000153902,-3.892445706078197,3.0391216944071995e-11
ENSG00000180448,-7.210825106364853,8.473497457875597e-98
ENSG00000103942,-5.246905906081906,1.7053272811685574e-75
ENSG00000111728,-9.441829187037184,4.305476478871156e-05
ENSG00000163630,-6.453485235668603,0.006861315402038828
ENSG00000234261,-11.038296000153426,1.2565941280165233e-06
ENSG00000121741,-2.0669005855141362,3.730742724498748e-55
ENSG00000183850,-4.385078006842617,1.576710014049645e-26
ENSG00000140534,-2.555847760317817,6.953236133676931e-16
ENSG00000236829,-2.400535809746438,3.017256596768415e-05
ENSG00000156049,-6.154911152695358,3.133433018125795e-11
ENSG00000138772,-2.9576200220642344,1.368466335305711e-23
ENSG00000152661,-2.6439500121446486,5.235618577748111e-86
ENSG00000143842,-3.4797876600078386,8.305581689421516e-122
ENSG00000144229,-4.53807416467968,5.511084291859101e-15
ENSG00000152284,-3.743825938579776,4.035487427047694e-06
ENSG00000272416,-3.6072208616282553,0.01208363817706369
ENSG00000144649,-7.207274639897342,8.743911722431762e-16
ENSG00000145192,-6.798776990464152,0.004424293368736958
ENSG00000131242,-8.522439301890083,2.78174767343707e-140
ENSG00000263786,-2.1814112707833146,3.726922034087694e-07
ENSG00000064692,-3.711780169791768,3.309702534061119e-10
ENSG00000160352,-2.943391660601475,1.8356939933575653e-49
ENSG00000183655,-2.0478815249122215,2.500740713747115e-34
ENSG00000257084,-5.703548406315277,0.01612122125776821
ENSG00000139292,-4.713669971079123,0.03603939842043556
ENSG00000224843,-2.8864216297982437,0.0006805428624145852
ENSG00000046889,-15.175206911476561,6.347557333374861e-12
ENSG00000131951,-8.145852231006794,0.0005414264473325197
ENSG00000101470,-4.35970593094619,3.702449227077662e-06
ENSG00000234219,-2.5337491593339365,0.0006360334086492464
ENSG00000116133,-2.5715445886520323,1.614256088366863e-26
ENSG00000166106,-2.4351384575004493,3.668369166978877e-05
ENSG00000178150,-6.388403869208279,1.5759541650991186e-43
ENSG00000104177,-2.7292073839899715,1.4241289658275686e-30
ENSG00000206073,-2.868649936402041,0.014243673654105338
ENSG00000134533,-6.124276152837277,0.010247363131818012
ENSG00000118507,-2.726039522290711,1.1498446826621313e-16
ENSG00000161551,-2.8090187541573153,8.534606092244662e-35
ENSG00000154548,-10.587310200467348,3.6583197880649212e-06
ENSG00000249459,-2.3977688998696656,3.2461829804733263e-18
ENSG00000152503,-5.090392158891037,2.359250880772257e-41
ENSG00000183421,-5.093683526927053,2.5574475832594323e-30
ENSG00000153208,-6.321094113421006,2.4725839006316505e-30
ENSG00000166450,-2.84456637737848,3.192638472129346e-05
ENSG00000250616,-6.528705921692364,3.0215936637878656e-59
ENSG00000270000,-2.344153890744208,0.043974592120259275
ENSG00000130307,-7.697044133425889,4.5189354351686076e-13
ENSG00000178917,-2.2449688347915164,2.716480086730264e-20
ENSG00000047457,-4.246085999883411,7.00926833552765e-06
ENSG00000198626,-8.59902154555943,3.8137030372043165e-43
ENSG00000143375,-8.202946094623647,7.287888330170225e-22
ENSG00000119866,-4.132003368245667,1.934954679669259e-32
ENSG00000196323,-3.239010213618972,5.028216902975022e-97
ENSG00000108370,-4.090664084623045,1.249258494380979e-27
ENSG00000269404,-7.867391667520124,4.020924866413663e-08
ENSG00000207751,-3.027864570516327,0.000270788304202231
ENSG00000263968,-2.176372047565263,0.0004239898921733663
ENSG00000095777,-10.494704171750843,4.443152827042051e-06
ENSG00000128052,-12.977790927121518,3.958254428478569e-36
ENSG00000140398,-2.2251970194528963,9.332821211803224e-05
ENSG00000117598,-7.363373909069296,1.0582159520788338e-16
ENSG00000129595,-7.286301888242994,2.2304274024882997e-16
ENSG00000164398,-7.945596230091461,0.0007462249413920877
ENSG00000137135,-2.60984004423901,1.9361124965693346e-10
ENSG00000176769,-8.00089585303851,4.451468981980112e-14
ENSG00000178233,-13.410626712808503,2.590956138284382e-09
ENSG00000259151,-4.623854936678833,1.1484996409290028e-05
ENSG00000138161,-4.369542129344964,6.16888173707988e-42
ENSG00000184305,-7.484864802180177,0.0015697051858452073
ENSG00000259048,-3.240787361050424,0.001999597691479758
ENSG00000027869,-3.5646349350860467,2.267311832489077e-08
ENSG00000138100,-9.473824633417811,4.0368858147128895e-05
ENSG00000184635,-3.6596555691245016,6.135077530464548e-56
ENSG00000232871,-4.219285342462098,0.004843236101644681
ENSG00000095587,-2.1645152888250454,4.968206537642778e-05
ENSG00000246263,-3.8056519485499707,6.661780684882142e-09
ENSG00000169174,-10.766192812553395,3.1637629439199977e-25
ENSG00000228204,-4.21396329497902,0.004547992051466541
ENSG00000119888,-8.424758823915065,8.123233473419187e-147
ENSG00000279837,-2.1638645703459196,0.015330405890514468
ENSG00000166342,-12.410136354162656,4.0715168123595386e-08
ENSG00000007944,-4.352442405955592,7.771463743998106e-64
ENSG00000204740,-4.24943087496933,0.047327556989259084
ENSG00000227372,-2.3122195382859627,4.781369175746707e-58
ENSG00000166292,-2.068221043055775,0.02281714172291213
ENSG00000113319,-5.61980000879589,1.2012513563539814e-54
ENSG00000259692,-5.655236955546889,0.016865002852898853
ENSG00000005187,-3.6566508657204073,1.5893561708059716e-10
ENSG00000185920,-2.4244010580001616,1.2117386660425602e-41
ENSG00000152580,-5.202290940580343,3.754455117573336e-15
ENSG00000155066,-4.450733342030076,1.8991273494398583e-18
ENSG00000267940,-3.1733989447468267,0.00035544306533244615
ENSG00000136040,-2.5842510203009668,2.108098328058785e-10
ENSG00000150510,-12.310232397417883,2.6150485749248526e-18
ENSG00000171243,-3.195714818154013,0.02045851509906438
ENSG00000225889,-7.041262037268274,1.292330125776717e-06
ENSG00000183778,-5.970999150432117,1.4523043792907832e-156
ENSG00000255836,-2.2696567287559866,0.023278313301912202
ENSG00000227885,-2.0357085818185374,0.004951362958801935
ENSG00000161999,-2.029154452394161,5.304881438913349e-29
ENSG00000167103,-2.013341392167942,5.228067346498334e-12
ENSG00000181218,-2.9084407216539487,4.095702439370328e-48
ENSG00000280069,-2.9152020257891595,2.7672018187299005e-11
ENSG00000167676,-6.094020439826565,3.7146946802637824e-05
ENSG00000205702,-2.06144065704131,0.0010483169542796896
ENSG00000187764,-12.516351576917506,7.232812708557087e-19
ENSG00000137078,-10.038852764762694,1.2144497741304903e-05
ENSG00000121207,-12.6681075944419,2.0403450767964233e-08
ENSG00000145416,-7.4484441235287155,0.0016718883883364095
ENSG00000240666,-3.210888915682088,0.01974890008890614
ENSG00000196220,-4.938793927305411,9.55433303999541e-40
ENSG00000182568,-2.4619836472513814,1.9156516929698593e-15
ENSG00000176208,-2.5710275369969158,1.1846576551159605e-20
ENSG00000154153,-3.3977077044006867,6.845746951672662e-07
ENSG00000268677,-2.6120399549348763,0.03537067062532039
ENSG00000159307,-11.538650891698579,3.831723129725683e-07
ENSG00000156970,-2.1508902322474297,2.8821344079015362e-11
ENSG00000059804,-3.632324711590368,3.2183381828241293e-82
ENSG00000154274,-3.7928115233034125,0.00034493448667409835
ENSG00000164061,-4.596519714588009,6.60943117526601e-57
ENSG00000067606,-5.1406484983203935,1.1394054206126449e-64
ENSG00000257093,-2.621886467721478,1.1891114755369088e-88
ENSG00000113161,-2.603170444265649,5.12543754343327e-91
ENSG00000140675,-2.688159257539086,0.00265273146218591
ENSG00000178409,-3.6968489370447637,8.648690494655976e-149
ENSG00000163666,-5.5195942001392755,4.5753749594593226e-15
ENSG00000136425,-4.76934477013805,2.0588592873458303e-67
ENSG00000249242,-8.890926235072827,0.00013086474182920376
ENSG00000198185,-3.0741479514923773,5.823871611011761e-49
ENSG00000163050,-2.1585990914516104,1.3085127076118889e-24
ENSG00000188037,-6.212339344462169,0.009233780702646454
ENSG00000149735,-5.4382159598872395,0.02045851509906438
ENSG00000130475,-5.950780559295252,7.056589581690004e-58
ENSG00000260834,-15.367079804860339,6.333562942136715e-12
ENSG00000156219,-3.9576142919079933,0.0070980741188379545
ENSG00000259959,-2.1454711034384073,4.772486095801047e-25
ENSG00000125966,-4.112671299357664,3.347349692731935e-42
ENSG00000270605,-3.4630200913748594,0.0011261354710378005
ENSG00000228437,-6.910245894470052,0.0037282302743561367
ENSG00000091536,-2.99358671067386,7.761743592389219e-07
ENSG00000121104,-4.9478800203569895,7.94228135865989e-75
ENSG00000233056,-12.681425189945513,1.9924838444442495e-08
ENSG00000182389,-6.2951539910777194,5.0973110155158475e-17
ENSG00000166822,-2.251447374065169,2.398743928490629e-66
ENSG00000248360,-3.359698170026121,0.01713240845518718
ENSG00000120278,-4.878314961544532,1.222873605510938e-12
ENSG00000169282,-9.127291173920126,8.181494148669846e-05
ENSG00000151322,-4.458373170696503,0.0028699992565650277
ENSG00000184005,-3.962607161418004,2.084794032658309e-48
ENSG00000143858,-11.070740721618957,4.433208008205159e-15
ENSG00000273489,-5.511091287141884,6.033694464828556e-19
ENSG00000066032,-8.725918855528427,1.064900390182433e-16
ENSG00000152527,-4.128030000003829,4.473773988121626e-21
ENSG00000264895,-2.4215674040226376,2.3632470378388998e-07
ENSG00000185527,-2.7848160427067787,2.129278635058164e-05
ENSG00000159217,-3.449937056317125,7.477230104217652e-30
ENSG00000151468,-4.545539131167433,2.2007171632581527e-14
ENSG00000087128,-6.731525797044882,0.004767221260873015
ENSG00000117407,-4.676273674182761,5.154328407572259e-34
ENSG00000106078,-11.390466879315985,3.8297425569957857e-28
ENSG00000144339,-3.7243274804384217,2.339813724823537e-07
ENSG00000089486,-2.9583316048321824,2.9200255739654002e-39
ENSG00000120549,-2.73322359626449,9.316594824379967e-29
ENSG00000258559,-2.6612984293303965,1.4481681400494452e-08
ENSG00000242085,-2.2626094476536998,0.00012053305496237121
ENSG00000129194,-4.200506223162222,7.625595047231782e-26
ENSG00000104341,-2.2423785483641288,8.88791104337365e-44
ENSG00000001626,-5.704643752006275,5.04253786979732e-07
ENSG00000007171,-6.637033371584092,1.1848312293731061e-09
ENSG00000181350,-4.162668346805899,2.9353008232258244e-28
ENSG00000268357,-3.434418629639883,6.612481896893036e-14
ENSG00000196684,-4.654803173432511,0.0019227190244026392
ENSG00000157423,-7.228684731426276,0.0023572810096612494
ENSG00000145247,-5.092837803779056,1.8307367619224878e-88
ENSG00000237923,-11.237849332426494,7.792888770628106e-07
ENSG00000119698,-7.1530460198666805,1.4259411431820888e-28
ENSG00000088305,-9.313258513942687,0.0
ENSG00000085514,-5.017196835276719,1.1749848721538144e-08
ENSG00000070669,-2.255371578499999,1.368363120199236e-07
ENSG00000141736,-2.276428408393587,4.676814004389436e-75
ENSG00000196361,-5.147253352905799,8.384372332233836e-06
ENSG00000225783,-5.3632510451495525,2.8808184496101978e-133
ENSG00000101489,-9.314314662926261,5.588988853322454e-05
ENSG00000144644,-4.0990222342566085,0.0056982151458273445
ENSG00000167306,-6.625844983358978,1.563695308504602e-41
ENSG00000184454,-6.115025663363154,0.010726902241310954
ENSG00000085999,-2.0625155719754718,3.324559473065244e-09
ENSG00000133056,-3.536859521653198,2.6851146579328077e-51
ENSG00000178568,-5.318911526711146,0.0003713391518932345
ENSG00000173801,-3.382936839402563,5.755301918603693e-06
ENSG00000154655,-6.746869726536884,3.7753271081446514e-06
ENSG00000111752,-5.165928999494577,3.811107360040418e-273
ENSG00000235823,-4.68217955389321,1.1690271229366125e-55
ENSG00000182010,-2.39580820907779,3.185880551112333e-23
ENSG00000171757,-2.168126135703007,1.3200446240277977e-05
ENSG00000129521,-8.555585159660342,1.720951854235018e-36
ENSG00000118418,-2.005169460052164,3.348435179873345e-23
ENSG00000162433,-6.298058280882619,5.639553314861292e-09
ENSG00000204060,-5.377225207189863,1.557098811212015e-11
ENSG00000243709,-7.207618825610052,6.611434213350836e-07
ENSG00000162944,-2.965508076799511,7.880883179731791e-07
ENSG00000174871,-2.8321778355577845,1.9821234985164943e-14
ENSG00000176485,-3.2834049470443283,1.3153010061316822e-71
ENSG00000248309,-4.021595688035232,0.006494621778372422
ENSG00000275097,-3.63714369610015,0.01199234449022683
ENSG00000185942,-5.1037988454510765,0.027218566588070127
ENSG00000111885,-3.083662707795622,7.309129782988809e-11
ENSG00000132182,-4.1160840572648505,0.00029290312336915334
ENSG00000158296,-2.3558349470053273,2.0183429117840725e-20
ENSG00000003147,-12.899760664583182,1.078142888674745e-08
ENSG00000134824,-2.439443870618056,3.6776612489666523e-23
ENSG00000223756,-3.7205064271220887,9.63891141327978e-08
ENSG00000265692,-3.2489435301482104,0.0065990177600845175
ENSG00000215158,-2.3217325102509467,9.504907220811032e-15
ENSG00000156475,-13.50859027241278,1.949894661823834e-09
ENSG00000113396,-5.212458254307166,4.7368012026390944e-17
ENSG00000105675,-5.978847776460609,0.012150355226791176
ENSG00000062038,-9.661758720878504,1.3395288579750433e-08
ENSG00000078328,-8.931694778521951,0.00011911531982642436
ENSG00000081913,-3.3593308290448816,1.5155227287940937e-96
ENSG00000167315,-2.4018601196228304,1.8062602804229444e-08
ENSG00000185046,-4.3522196347183355,1.0330203676726331e-20
ENSG00000120156,-2.0602913356457284,0.0020226578283676785
ENSG00000242759,-3.5012226970922273,3.601313517515125e-20
ENSG00000092345,-9.189576980530251,7.216462221889298e-05
ENSG00000175130,-5.3358234168323175,1.9893650939642574e-132
ENSG00000115392,-2.301578262753214,4.018633062498036e-21
ENSG00000166689,-8.747501836329866,2.6811600447229452e-45
ENSG00000180336,-6.257683736497039,1.463398027211377e-20
ENSG00000135424,-5.1880451881129375,1.3094933287390021e-126
ENSG00000197859,-2.670245702253577,0.0041361979362205085
ENSG00000145808,-14.058721711770431,3.6626396389682113e-10
ENSG00000257246,-2.1924166171032393,0.005800074713214987
ENSG00000166348,-2.0975637264950717,2.1667307811711813e-47
ENSG00000114790,-9.125031426546663,2.604189481882338e-26
ENSG00000182732,-7.89857653329476,0.0008331059366437643
ENSG00000125872,-4.640728685912921,8.424434842918359e-05
ENSG00000141068,-3.1605232416926916,7.839372785064767e-23
ENSG00000198346,-3.0541888211314716,2.8906005126197047e-53
ENSG00000184602,-2.9043981594969797,1.7147237523041897e-41
ENSG00000229271,-5.574292473075151,0.01830386257379874
ENSG00000185513,-2.461051174623378,3.5872270949542085e-28
ENSG00000124092,-7.504175167572029,0.0015421106809569102
ENSG00000180233,-2.2406949256008772,1.0196433666687546e-23
ENSG00000179603,-9.004746181422515,0.0001046298702126548
ENSG00000128564,-3.5467182735154523,4.892447064365969e-16
ENSG00000146083,-3.2915020066188974,3.3180745396666388e-77
ENSG00000089094,-2.410179282722951,4.4692959162192397e-38
ENSG00000148200,-10.580997971266385,4.685469662608981e-246
ENSG00000112041,-6.330398226302641,1.3510468311137787e-08
ENSG00000100784,-3.14113088584002,3.9707475256538897e-20
ENSG00000147324,-2.5927613839885137,5.388332990790199e-25
ENSG00000134569,-2.983358066502473,9.551395828690836e-77
ENSG00000153395,-2.058652810561361,8.914983554052384e-46
ENSG00000250682,-7.749405080131894,0.0010237029678255556
ENSG00000167670,-2.303849283310664,4.729643049314998e-20
ENSG00000261367,-8.112937773486182,0.0005452413810151524
ENSG00000250486,-2.7954542211812208,0.015791447532009478
ENSG00000172771,-3.4720812758963717,9.450650673726743e-05
ENSG00000197024,-2.0707634229108334,8.05044931490864e-67
ENSG00000101463,-4.512557979089064,3.175182890084869e-17
ENSG00000132819,-3.045215556146915,5.779945894451035e-44
ENSG00000266970,-5.259830059974695,6.72299544718826e-10
ENSG00000236714,-6.880496475366965,2.0333060552464767e-14
ENSG00000267383,-6.132231760556819,1.6747065462019437e-10
ENSG00000261251,-2.0069445175712035,0.002938350251309324
ENSG00000150722,-2.3414010297557692,0.008963384456271626
ENSG00000237886,-2.080265908018311,4.494401341690928e-06
ENSG00000241163,-7.189487814702901,0.0025389554123997843
ENSG00000014257,-5.005487868961167,1.578450553342096e-05
ENSG00000238344,-3.0132331436597557,0.0038522062374408113
ENSG00000057935,-2.2687182799668455,2.160721833221714e-65
ENSG00000141738,-7.987651228896886,1.5523647991769317e-42
ENSG00000272578,-2.7463813130911476,5.438364696908322e-10
ENSG00000136383,-7.250728235803739,4.659482006252884e-133
ENSG00000135299,-9.67616649049207,8.414602159448463e-12
ENSG00000203875,-2.576005660265722,4.0129270864825605e-91
ENSG00000104147,-2.076629725814982,5.986491686321188e-11
ENSG00000163618,-12.702933253058704,1.8563408566287632e-08
ENSG00000197852,-2.4330584418965597,0.016623789727705052
ENSG00000100346,-7.454062413550349,3.0757850316641137e-12
ENSG00000102890,-2.027682321432219,5.640395965221168e-15
ENSG00000107736,-4.962858545900701,3.3200880884552904e-10
ENSG00000095637,-7.542993035493061,2.695183251556376e-113
ENSG00000131979,-3.6654077922043196,2.0539173268180927e-26
ENSG00000173406,-3.98113489179458,1.2313730476997653e-18
ENSG00000284691,-2.831450491840233,7.963332011103055e-39
ENSG00000091129,-3.7296276145836096,1.1305914515412956e-21
ENSG00000224789,-4.250209394354223,0.047327556989259084
ENSG00000170175,-2.4578020101849183,7.940815660227699e-22
ENSG00000264538,-2.00461878741085,2.1054356159270767e-27
ENSG00000112972,-3.742334511964892,9.141899158010993e-164
ENSG00000283269,-7.713643040289823,0.001083880874020135
ENSG00000100122,-7.764088906510317,0.0011700319349135775
ENSG00000112293,-3.79620190543153,1.7281154616569648e-17
ENSG00000021645,-3.9985053018589345,3.8666098397945035e-11
ENSG00000253361,-5.697538704392358,0.01607146786538487
ENSG00000196476,-2.2419215754989286,2.503785419086191e-24
ENSG00000081985,-8.045707625816153,0.0006178914721945436
ENSG00000231907,-4.652520023417579,0.0376206557666239
ENSG00000183196,-8.205499924997415,3.74079684212212e-82
ENSG00000185015,-2.838078025017949,2.2565078233872578e-09
ENSG00000020633,-5.080476761260885,0.0006913904035343541
ENSG00000198468,-4.380736680311776,3.111726879824686e-27
ENSG00000236253,-4.835289444368266,0.03349983935330285
ENSG00000158966,-2.8453924350158606,8.321150479224137e-82
ENSG00000198039,-3.6778559652966045,1.557926530657098e-47
ENSG00000174469,-10.159049102086493,1.147844556180972e-06
ENSG00000135912,-2.209100354434442,5.089678667420359e-61
ENSG00000163492,-9.266625347502682,3.490030557859201e-35
ENSG00000182141,-2.5924538804498254,5.88702720146524e-57
ENSG00000181896,-2.333186465754553,4.144317561727304e-58
ENSG00000173401,-3.210888915682088,0.01974890008890614
ENSG00000148143,-3.1709358997973345,1.6249331349915607e-100
ENSG00000119969,-2.9032142527765514,4.902528861900375e-35
ENSG00000188112,-2.8451474039028253,6.38693465587849e-68
ENSG00000184507,-5.657865245634238,0.0001465931495995376
ENSG00000184828,-4.526608608091488,0.0026540240774952386
ENSG00000101336,-6.287160887102981,0.008767436280877137
ENSG00000138439,-4.133366752509769,5.713436253996468e-77
ENSG00000157570,-9.308834976285798,5.131426907900644e-11
ENSG00000100027,-5.269043011249576,3.752016643938827e-39
ENSG00000135049,-2.292644893460502,4.464912441559501e-67
ENSG00000248592,-2.017075577224717,0.007821154642383272
ENSG00000181804,-4.211403153590333,7.098217656744281e-08
ENSG00000119688,-2.0798417285501416,1.5337091929757683e-38
ENSG00000027075,-4.178447275067635,1.961705634125806e-22
ENSG00000279347,-3.7848153501662285,9.250577379006464e-10
ENSG00000170703,-6.809662166743583,4.122944190062319e-10
ENSG00000131459,-5.07079835213858,9.326409991801636e-11
ENSG00000103742,-4.938956262280894,7.405840966714645e-29
ENSG00000175183,-2.702466199735939,1.213880246281513e-31
ENSG00000177076,-2.1216428808812515,6.304699829723013e-15
ENSG00000214773,-2.781963336108688,0.00010358808696919726
ENSG00000213983,-3.0861072938557994,3.5652606606802844e-05
ENSG00000116833,-4.0063718200761365,0.0002978086844952944
ENSG00000196189,-2.5183276913540773,1.6756668448474744e-18
ENSG00000228808,-2.843180689619226,0.02883078720589317
ENSG00000122025,-4.403738053558104,1.7641567409896967e-05
ENSG00000214595,-2.2775106513713146,1.1154140377897112e-06
ENSG00000124920,-3.490150402985007,2.2055168755551973e-09
ENSG00000275084,-2.6259778289333817,0.0018373405009863121
ENSG00000204519,-2.5936257058211405,8.485195006798989e-43
ENSG00000070388,-3.4934550993735516,4.72128418784688e-05
ENSG00000159263,-3.857911647601621,0.008520610879977786
ENSG00000111679,-7.376760108825865,4.362212201784921e-35
ENSG00000247708,-2.17930880332382,3.663827537680532e-10
ENSG00000151725,-2.6365704235417855,8.51779507988982e-18
ENSG00000273247,-2.267844829787915,5.249681802688028e-14
ENSG00000026652,-2.768165402770084,3.542551261112747e-32
ENSG00000277399,-2.2315412728559063,0.03181667216168597
ENSG00000065320,-10.664566290962252,3.00587616582224e-06
ENSG00000174718,-3.477694514600576,1.9390696281608494e-171
ENSG00000178882,-7.747200911748561,3.5974189591639407e-13
ENSG00000130038,-3.7736116114810367,1.8232404988837657e-10
ENSG00000144962,-9.4661421584219,4.0931162598987516e-05
ENSG00000100918,-3.384357146806868,7.960553947189478e-47
ENSG00000160191,-10.934080561222068,9.63531184916282e-15
ENSG00000116254,-3.2858826311358067,1.1237870128436598e-10
ENSG00000141576,-8.323630717787525,1.90979744672278e-40
ENSG00000167037,-9.47307590063361,2.4004791681615185e-11
ENSG00000183454,-5.132432062447685,1.0736260216366726e-17
ENSG00000166123,-2.0056915714362815,2.755230630059522e-25
ENSG00000176383,-3.5887797441755316,4.7583796075141146e-05
ENSG00000160323,-2.291118754229841,1.105216950465835e-12
ENSG00000163032,-14.92898965366366,2.5936030204879437e-11
ENSG00000165434,-3.5160363659304026,2.1197680675186823e-27
ENSG00000162105,-4.917486735601268,4.051819712106275e-09
ENSG00000089847,-4.276659796375104,5.685116197256697e-20
ENSG00000196268,-2.8388482898755836,5.190021588824799e-65
ENSG00000157554,-9.839498448886454,1.8961407576983824e-05
ENSG00000135097,-14.20742572753308,2.38960999408157e-10
ENSG00000095370,-7.251660678650382,3.334807254854793e-16
ENSG00000168152,-2.660877998550599,5.53432593674828e-26
ENSG00000072201,-4.237621880882336,1.7648820865499819e-09
ENSG00000137225,-5.250205539996705,6.7462261803608915e-06
ENSG00000199476,-3.6958252816236667,0.0019523055998178726
ENSG00000145794,-14.831999591295771,3.549279805301849e-11
ENSG00000111816,-3.1167690599087274,3.272537510602484e-05
ENSG00000254995,-2.9295907203790175,2.331013146079193e-05
ENSG00000127423,-2.409645525783896,2.1479956072775944e-19
ENSG00000186047,-8.756477253038392,0.00016785178482955858
ENSG00000137731,-2.33815465068417,0.04394013225150084
ENSG00000137474,-6.034698425643557,2.2513096165670115e-13
ENSG00000268889,-2.631068531521377,0.020798275662369112
ENSG00000105523,-2.793232486315543,9.90818586351822e-10
ENSG00000133424,-3.1610130058576495,1.5959441583968586e-117
ENSG00000179776,-7.073290032983103,0.003120008171968806
ENSG00000186469,-2.0402366224792265,2.172732945811039e-11
ENSG00000128512,-2.3135196648758005,6.832528313064714e-40
ENSG00000250802,-3.97630397242981,4.543878213474883e-20
ENSG00000182256,-6.294597788486641,0.008369625281308656
ENSG00000039068,-8.601232194714164,3.249015943354725e-214
ENSG00000262001,-2.919508651539282,9.843857518261442e-29
ENSG00000126803,-3.030671919435237,1.4425431413828752e-33
ENSG00000159409,-6.192943790673533,0.00988730466970551
ENSG00000117569,-2.450953267223292,7.18646247395079e-54
ENSG00000224699,-2.184613068362997,1.4838624181214135e-11
ENSG00000230042,-2.696462808775206,3.315524865722688e-05
ENSG00000231134,-2.631379732593568,0.0056163369610682905
ENSG00000086967,-10.077361517064743,1.1217646196350569e-05
ENSG00000141404,-6.848658963617413,2.180839338865387e-78
ENSG00000204055,-3.6364650090327455,2.2298655405273723e-13
ENSG00000146267,-3.352988457913417,3.073401563756197e-38
ENSG00000114805,-10.09061904838655,3.215498900567842e-32
ENSG00000169851,-2.42521470114119,1.8368869700762786e-05
ENSG00000164742,-11.019908903962246,2.4787081488073263e-38
ENSG00000189292,-10.311215941632021,6.670045367042952e-06
ENSG00000255621,-4.560309006937783,0.04007834437460881
ENSG00000245213,-2.3560064949719286,3.2375374534243097e-07
ENSG00000124749,-7.2601546567392345,1.553591496220047e-11
ENSG00000206557,-19.119341169608763,5.106423356098982e-18
ENSG00000120885,-2.9435524200517094,7.585547341875666e-101
ENSG00000177807,-7.545504242228007,1.545519155008619e-07
ENSG00000135951,-3.1616858960923206,1.450564575295288e-16
ENSG00000144331,-3.4322605584517647,6.90062307080972e-08
ENSG00000165905,-11.49522771849727,1.1895228072223014e-28
ENSG00000262655,-8.283682481582334,4.064748831648726e-15
ENSG00000076826,-14.041888185010487,3.7634281702668255e-10
ENSG00000102934,-4.4585711347893575,3.742666423586394e-07
ENSG00000275371,-8.71302455597898,0.00018414949550539297
ENSG00000274290,-3.2675903914282616,1.5683610177403657e-06
ENSG00000283674,-8.165961389909873,1.1982265843846268e-08
ENSG00000148680,-5.615514496804047,7.753560159575173e-82
ENSG00000205189,-2.2050878586029263,7.851364378038733e-21
ENSG00000273274,-9.99705059123447,1.5671467524095545e-12
ENSG00000162772,-2.157867127658636,1.6025890849847335e-09
ENSG00000255710,-4.117738379983226,2.970975819910345e-07
ENSG00000175591,-2.456634338911776,0.0025856899267915805
ENSG00000133401,-6.254907545522757,2.0379291434357987e-69
ENSG00000203326,-3.9878981120081276,1.5232062773314557e-70
ENSG00000132003,-2.0602700369928506,9.20800199454987e-49
ENSG00000040608,-4.629648811575335,3.2393078727704095e-44
ENSG00000198056,-2.1927516395692654,8.001185033110192e-14
ENSG00000120756,-4.64727140056389,4.466634217793264e-67
ENSG00000084710,-4.004022862917294,9.33312378924272e-34
ENSG00000092621,-2.708635059941751,2.0477462759559614e-54
ENSG00000185483,-2.9782529370268693,2.475587599878667e-90
ENSG00000274317,-10.327342436752541,6.761999238625288e-06
ENSG00000158528,-11.282598875390034,1.2597288073692517e-15
ENSG00000128567,-5.756340734037428,2.2866281902505343e-80
ENSG00000157734,-4.16430431168738,2.0577389338831727e-23
ENSG00000145198,-6.980913368566679,0.0034638630244440186
ENSG00000284606,-7.649893667956001,0.001225930447402019
ENSG00000161835,-2.302010924157677,0.0002677878322199889
ENSG00000203809,-7.7288878821965366,0.0010640631732159204
ENSG00000186517,-3.0288061473962427,0.00902626179346934
ENSG00000004864,-2.77125455802237,7.339841271563396e-37
ENSG00000196456,-2.039033447387583,1.1275832324956359e-19
ENSG00000243004,-10.858839275652906,1.4672185391081246e-14
ENSG00000108924,-3.2950972207669813,0.0017266057498089111
ENSG00000267260,-4.486620806781617,1.06330142523604e-06
ENSG00000185666,-7.5749655478019795,9.151006729139941e-33
ENSG00000254413,-2.907763475419827,0.006444708011199681
ENSG00000278987,-2.393412418968473,1.9588850981913616e-07
ENSG00000262583,-6.848296949317728,0.004058147187103142
ENSG00000183971,-2.427515927144322,1.537022463291418e-08
ENSG00000280058,-12.787126047293327,1.4821025511951394e-08
ENSG00000104313,-5.905034310075354,1.3203929006168555e-07
ENSG00000247134,-6.497395123612899,3.4541028192614727e-29
ENSG00000123119,-7.624236203798439,9.031682380096728e-13
