,log2FoldChange,padj
ENSG00000088367,6.011779395122232,3.5442143132157847e-115
ENSG00000157827,5.713413706882085,1.844564713911938e-287
ENSG00000166482,3.47191221103845,1.0864685008567652e-09
ENSG00000233237,3.2419131468139124,0.00015172495217831186
ENSG00000185670,2.8836098886018378,4.697838389203677e-130
ENSG00000124225,6.155719403274591,1.7472833815969533e-67
ENSG00000004399,6.7714875028500865,1.526001754257347e-201
ENSG00000242808,6.214443053254935,2.2403527250946324e-12
ENSG00000143514,2.06682641356539,1.346448105961275e-88
ENSG00000116106,4.812858593996548,3.8055722150419337e-25
ENSG00000137877,2.4041070892733805,6.292718958291403e-09
ENSG00000105278,5.340960618943943,2.5523944329738745e-22
ENSG00000077063,10.257365441229057,1.2667133021803879e-23
ENSG00000183844,4.335750865039104,0.00016249254721389567
ENSG00000166402,9.408055302447185,6.671791583067604e-56
ENSG00000172296,2.5768881055324933,0.005344370271790946
ENSG00000073792,8.309866846142786,5.152011275091442e-31
ENSG00000183960,3.5445453879959685,2.2990173058020167e-17
ENSG00000134243,6.27909464165505,1.2405770798199519e-98
ENSG00000159733,3.0827467839415865,2.5941630595580543e-15
ENSG00000199145,9.55146838082248,0.00024097507514791484
ENSG00000112309,5.683402786381425,1.4250273158458627e-15
ENSG00000128595,2.110212635425637,9.739601865021803e-234
ENSG00000198324,2.602808286873723,9.46056628693882e-33
ENSG00000132694,2.962613126308745,2.6972974020659537e-186
ENSG00000187824,6.401943779895215,1.0725365345900776e-05
ENSG00000173894,3.2534210343900574,0.0
ENSG00000167281,9.243579992025621,1.2016671544319857e-10
ENSG00000167971,3.242633134178669,7.007225457219425e-33
ENSG00000189129,6.914361986346517,1.7672262811040046e-06
ENSG00000166405,3.059855406516273,6.423176761386493e-39
ENSG00000110400,3.2959384430287417,0.0
ENSG00000139324,2.6599482478729355,3.8563355913682815e-167
ENSG00000187105,4.720362101001831,0.0012405625737531463
ENSG00000127831,4.164471811588389,6.743148890625135e-24
ENSG00000223802,6.587884580424984,5.516102640399229e-10
ENSG00000183230,3.147015709025681,4.6950365836857495e-07
ENSG00000205959,3.622244321005009,2.2328697343034643e-06
ENSG00000148200,4.4137383955187515,0.0
ENSG00000163827,11.527694512166049,9.91606966617112e-06
ENSG00000114854,4.074522289766443,5.64339830379888e-08
ENSG00000163235,5.3435094579654985,1.6609393296971705e-15
ENSG00000137834,5.218016817114587,1.3382346831168834e-41
ENSG00000115266,3.2823559815772545,3.1149534983988974e-21
ENSG00000186019,3.767560716123859,7.116395676006836e-16
ENSG00000181392,3.7414076388507356,1.3674523017538776e-28
ENSG00000268218,3.3332678158400073,0.00027355190353788635
ENSG00000175894,4.949328744531876,0.0007515447757180331
ENSG00000163462,2.227615763575902,3.977973086995626e-34
ENSG00000103184,10.625669664193058,4.578403234476194e-05
ENSG00000106070,8.232556643499905,1.0369976084268082e-179
ENSG00000019144,8.08061630703069,1.1935318053176082e-122
ENSG00000214063,2.584313922951859,2.9165639022447433e-86
ENSG00000136014,11.176418766032011,4.475404986845408e-79
ENSG00000106723,2.3618941681572787,4.1317981153195255e-242
ENSG00000186994,2.3866085164788875,4.653341166245462e-06
ENSG00000268006,2.9936744793351124,6.364311499472336e-11
ENSG00000266916,3.902244592662524,1.3716905037877192e-05
ENSG00000141431,4.98135921928854,1.6393933735882936e-09
ENSG00000228624,4.507649114945664,1.4488742991236897e-28
ENSG00000132640,6.682811298389539,1.2447786333630103e-141
ENSG00000136859,2.3969729519489515,3.2804931302010586e-27
ENSG00000130720,3.816932714087557,4.6425990408186705e-10
ENSG00000183023,4.824120045619636,3.923081819323063e-22
ENSG00000003436,2.978582297433253,5.711866122102459e-15
ENSG00000256229,6.800332949472778,1.2025315382588646e-65
ENSG00000260350,3.1506632472953413,7.792195637801049e-05
ENSG00000136928,4.651001856140714,1.0326122371082188e-09
ENSG00000165029,3.757324046602771,6.544115788873307e-101
ENSG00000053524,2.046693086010169,3.672981050796899e-27
ENSG00000144677,7.579976416258682,1.2766257070179715e-95
ENSG00000180287,10.653248620484456,4.391589972452853e-05
ENSG00000136367,3.303902882438036,7.217602514273375e-172
ENSG00000196437,2.2278254650727085,6.208830006310394e-31
ENSG00000161298,2.5375167221455652,8.59804759902168e-11
ENSG00000130182,10.897704373095259,3.4847441770559287e-75
ENSG00000260136,2.090129620475525,0.00021809538803181303
ENSG00000196503,2.4499387770791463,0.02128739239813912
ENSG00000241404,2.5954968975294386,0.00020966805660602592
ENSG00000237686,4.896618910896464,0.0008182644964576193
ENSG00000172250,6.513111951934147,0.010363208270778756
ENSG00000235449,2.151240776647185,0.022888281015955202
ENSG00000160716,6.84743228367198,1.456363704492464e-19
ENSG00000118298,10.51650465463278,2.37429696456879e-13
ENSG00000170873,3.807177126015918,2.6657885704649064e-17
ENSG00000077782,8.01268046301389,0.0
ENSG00000206579,4.639296753074569,5.0075533711033096e-14
ENSG00000153048,2.1442128716407414,3.275263359519272e-187
ENSG00000141622,7.322601231808897,1.250531379207612e-22
ENSG00000267270,2.2524713723046,1.1083131612263607e-06
ENSG00000189143,6.076512306924072,3.870006806460555e-59
ENSG00000136802,2.3210075472350447,7.162478659399719e-227
ENSG00000147647,2.496463118854032,0.0014888622831853225
ENSG00000124003,2.6982537341381523,0.014043365679920731
ENSG00000187867,7.71759637289606,4.794117418102816e-31
ENSG00000074219,9.462183913823425,2.1948095113065158e-101
ENSG00000183971,2.8687064327438323,8.68051264403251e-10
ENSG00000214688,3.24781164321915,4.2483945624944356e-05
ENSG00000152953,6.513892463019845,8.402174209953938e-10
ENSG00000185252,2.041496653649742,5.28985818874327e-80
ENSG00000221968,2.344551808838479,3.095995047967454e-52
ENSG00000168890,2.4877950426009736,2.2954375842130272e-29
ENSG00000131409,8.190773844598981,2.3007855105329896e-15
ENSG00000141655,4.4543336698880776,6.546127934934024e-59
ENSG00000181982,8.421055637965525,4.628528902266123e-09
ENSG00000151623,4.859200231908316,9.024798090386105e-21
ENSG00000163995,4.179796033382109,1.0295578024767244e-09
ENSG00000146776,4.036022503814575,2.9706269146959475e-157
ENSG00000125508,2.4212209215928864,0.013257848286208754
ENSG00000182175,8.506444240472268,1.5937222489666115e-52
ENSG00000205726,3.6431304890652534,0.0
ENSG00000166840,10.092944255955466,0.00010631872672711954
ENSG00000084234,3.2840950751779654,0.0
ENSG00000163879,7.04267025499871,3.8517707668821264e-16
ENSG00000163393,4.0045518565393765,3.4836358655546276e-18
ENSG00000279668,3.00309534789661,9.302875609652804e-05
ENSG00000158486,4.304880643022115,1.1053525201787817e-05
ENSG00000164300,4.185049708767306,0.0
ENSG00000151136,9.110292812032368,7.462137693168672e-19
ENSG00000106976,6.756598461797515,4.684933498866787e-125
ENSG00000172164,3.5994340480369056,8.823775467842128e-123
ENSG00000126351,2.374499122829999,2.5266221770383585e-38
ENSG00000187720,5.7493612764450805,8.237113653985039e-38
ENSG00000132000,2.959101065526935,0.00819750140947536
ENSG00000232936,2.268109431750596,0.008989149078286185
ENSG00000128596,4.1429836915469584,3.3946930421267095e-114
ENSG00000176834,5.915547933257521,1.0792111684305278e-99
ENSG00000114450,3.3120464558030527,1.4439391456358055e-155
ENSG00000230623,7.5311159149147775,2.258448365946541e-40
ENSG00000125430,6.3853794447407966,5.739243211517646e-60
ENSG00000203326,2.2381736417095786,3.860384405086992e-109
ENSG00000140859,2.7517670415145767,5.447428455362717e-15
ENSG00000246334,2.0228567060809044,0.0064317537952552385
ENSG00000110888,2.4493555518113994,3.792621278296562e-115
ENSG00000148180,2.2607958196789215,9.828009936603718e-74
ENSG00000147862,5.4868464986018,1.4251605723183114e-63
ENSG00000186007,4.942296930374018,3.3803299413607206e-11
ENSG00000078018,6.079116293112576,2.917197054918607e-21
ENSG00000108309,9.298622077608972,0.00034853016807589955
ENSG00000159788,3.751228780221221,2.1229979316742543e-63
ENSG00000082014,2.309954438416634,1.2957319185274783e-05
ENSG00000151364,5.145184020134148,5.062902549208773e-42
ENSG00000174695,2.117157903306994,7.879449975693753e-194
ENSG00000132622,6.803500730216113,5.573347394493422e-15
ENSG00000157152,8.994642154450661,3.732640329222311e-10
ENSG00000227110,4.225666700827603,0.003542116066143684
ENSG00000119698,7.320480670000988,1.3010844769316437e-22
ENSG00000173334,2.3026310019981437,2.304441642015175e-136
ENSG00000198838,4.087764100883402,2.8374288066787345e-07
ENSG00000130545,4.091350611980049,1.019816388350197e-32
ENSG00000141837,2.2220917871966916,4.776229838320904e-63
ENSG00000198453,2.320161507329499,1.6439060404460927e-08
ENSG00000081923,4.156121051203141,3.281110332383503e-27
ENSG00000142156,6.09458033308618,0.0
ENSG00000183570,4.075667625005127,3.978437788650449e-17
ENSG00000183307,6.00489317329447,3.12372988031063e-39
ENSG00000198732,4.735564004979325,4.487623937208975e-10
ENSG00000175866,4.210824450227657,7.091200821833252e-46
ENSG00000236609,5.0962249426508555,2.030001731407525e-31
ENSG00000255367,6.013365806916829,0.016471822362627567
ENSG00000144712,2.6196334431213155,5.762062406889388e-34
ENSG00000177674,2.183249738730519,6.613332543054649e-51
ENSG00000161381,5.7447385070607355,2.0286144350321933e-10
ENSG00000267060,2.127340827517061,0.0011432815849532851
ENSG00000157890,2.2002943486546083,1.0730459278266398e-08
ENSG00000166780,5.8097566890832155,4.095501920205091e-44
ENSG00000175029,8.802971386261735,4.904623843719831e-208
ENSG00000170743,9.732146669252662,0.0001849607928521111
ENSG00000196562,2.833700848979427,4.76074737540019e-62
ENSG00000065534,5.013989742318724,1.0008056530784193e-121
ENSG00000236253,4.523101511432556,0.04709783051603468
ENSG00000161682,3.4705264507639595,6.039273730667042e-82
ENSG00000246889,2.808996426885194,0.0012341336387236724
ENSG00000167771,7.963572934551266,1.5409598299870986e-124
ENSG00000008283,2.4387983529739654,3.3747116170714234e-59
ENSG00000108684,7.645851815179316,0.003062495012343722
ENSG00000119950,4.033478202188641,1.7739677639515463e-32
ENSG00000155974,7.549488185084997,1.1810064420987004e-29
ENSG00000151276,7.667088926394304,1.418114729964344e-233
ENSG00000163958,5.740178049473283,8.461429846739483e-05
ENSG00000143147,4.690560901284049,1.7892550714924437e-96
ENSG00000143494,2.181275578475547,2.675965994387964e-206
ENSG00000258777,2.774905196993748,0.02798498723540972
ENSG00000182871,8.37491692410036,0.0
ENSG00000157613,3.306217202361223,1.339479684794239e-41
ENSG00000241316,2.94885281379853,4.822662443448834e-05
ENSG00000225077,3.0739464831999017,4.3500776578089815e-11
ENSG00000152104,5.497406449834257,0.0
ENSG00000029534,2.7362838010753965,2.8785750305365928e-46
ENSG00000214189,3.6514225059901304,9.350962454827444e-94
ENSG00000248329,6.305061503994814,6.352873948693075e-125
ENSG00000109991,2.5525969711439904,0.034471649343248756
ENSG00000111305,6.406735773218146,0.011499390683550532
ENSG00000257084,2.084778944786927,0.026882312337796217
ENSG00000160345,3.9986077487468146,3.4859667878827864e-15
ENSG00000161714,4.298259080985186,1.9675835074476304e-83
ENSG00000181588,3.25558860344172,3.6949566196980315e-216
ENSG00000170579,2.0309946122875764,1.6074756017763538e-32
ENSG00000130340,4.7572824454366955,6.209225408609037e-136
ENSG00000165895,2.4351198633906264,9.485995239995509e-102
ENSG00000039560,5.838280123987462,0.0
ENSG00000185664,6.690231000626839,1.436481135388485e-164
ENSG00000144724,4.5368706431166315,0.0
ENSG00000177469,4.98858790592438,1.0153723406186315e-213
ENSG00000178531,5.392672922731921,1.8385650633609872e-96
ENSG00000070388,4.5650326832281065,5.4107242460218124e-05
ENSG00000136267,6.410866263853745,1.662110436300081e-09
ENSG00000165912,5.751261366977477,6.227159168631103e-92
ENSG00000101004,6.608429396358801,3.432513678568892e-107
ENSG00000148357,9.495640158577684,1.3943672676291775e-29
ENSG00000172159,2.0151923397893206,6.221439847612116e-05
ENSG00000068697,2.4017694411076373,2.8457088496283964e-202
ENSG00000142530,3.724903780244934,1.644385048292067e-10
ENSG00000182010,8.67597034671469,3.627255991470606e-62
ENSG00000164411,6.551360446550073,0.009989762959183706
ENSG00000106128,5.738386012731944,8.496171357598173e-05
ENSG00000100320,8.193823247839646,2.8875832677894816e-46
ENSG00000175229,8.278596791772834,1.6580649704893204e-22
ENSG00000067798,3.8985064378054775,2.175771526979297e-30
ENSG00000070018,2.675530796715006,4.2907864757029363e-280
ENSG00000197816,2.87781561342837,7.560284804771159e-07
ENSG00000162599,3.226231674889894,8.085800923970775e-16
ENSG00000198010,3.26342763794235,0.0025394238373538515
ENSG00000167880,4.228001622425729,5.79181386603142e-09
ENSG00000128833,4.00520356106161,2.6501867242102725e-171
ENSG00000117906,3.5982508763417376,4.2871830804733933e-265
ENSG00000275234,4.864352979619378,3.0798073290879614e-19
ENSG00000138771,7.336860236809381,1.0599568793043212e-201
ENSG00000172348,7.655987667246022,3.3386656869850033e-19
ENSG00000185250,2.068539037435884,0.012102232582514978
ENSG00000157077,2.067296181062498,2.287336816407599e-84
ENSG00000140022,7.438383711625984,1.6640436767695433e-91
ENSG00000139915,7.104419579184024,0.005638578470676859
ENSG00000135919,6.554766281179831,7.208201021344405e-161
ENSG00000277200,9.528779843812607,3.158224598711308e-11
ENSG00000183196,3.288844509745115,1.532760502787622e-144
ENSG00000112164,6.182247154512149,3.371310674815474e-12
ENSG00000128594,7.485317309078774,5.670046669358886e-29
ENSG00000106025,3.1946844219217008,4.20566424206907e-44
ENSG00000019485,2.836375092630464,1.2404747421313036e-55
ENSG00000282556,3.8911866312966668,0.0006755641638072946
ENSG00000113645,2.862097688687949,3.4387508839107424e-131
ENSG00000183688,2.9518989159313302,1.957740562907666e-190
ENSG00000105538,5.391870279407246,1.8114736559049353e-29
ENSG00000176383,5.48906670299512,0.00017985061643706685
ENSG00000169174,7.212984995532935,2.543926273059739e-99
ENSG00000087303,5.331319670056081,2.470451393152502e-35
ENSG00000246379,4.739041571404196,0.04168517532562948
ENSG00000205832,3.963253181430825,1.9853703066084127e-09
ENSG00000231185,2.4529733828905895,0.007383949204386548
ENSG00000163590,6.234573700750233,8.512714537740987e-103
ENSG00000009724,3.9740079482037465,5.7533151682462366e-05
ENSG00000089723,2.0790870768007075,4.120573844678092e-11
ENSG00000189292,6.792847652297095,1.1589467851249504e-10
ENSG00000261210,2.1749397114392903,0.04684913378291454
ENSG00000183655,2.267626080971572,1.4580437991027138e-50
ENSG00000197013,2.9178016083349485,2.055830922570987e-31
ENSG00000179242,9.781971867439566,9.432449961729457e-12
ENSG00000106789,2.0699320497709173,4.042036430229771e-91
ENSG00000144596,8.53378080715012,2.8415686919795606e-09
ENSG00000280099,2.3706260510613117,1.3848543487072578e-07
ENSG00000188501,7.155867847816493,8.326432285690561e-12
ENSG00000257591,2.494436352318504,1.34762582921623e-05
ENSG00000154556,5.7717299526187515,2.8215726719993978e-118
ENSG00000010278,3.9154251058077545,6.466232080380532e-229
ENSG00000111752,7.471687546457078,0.0
ENSG00000162374,6.979017583115569,0.0064362781782608776
ENSG00000143590,2.9359532243985407,1.6982288315369407e-08
ENSG00000155897,9.729731461192314,1.2049945666618466e-11
ENSG00000152128,5.179386754497218,2.2047359328662092e-08
ENSG00000108828,3.769522525822739,0.0
ENSG00000108387,4.573990544428088,1.4164064299459867e-21
ENSG00000213762,2.094054158449166,1.048715901478696e-111
ENSG00000126603,4.607479487583607,9.541821218630873e-95
ENSG00000261744,2.8110990155975863,0.011906076276373734
ENSG00000196284,2.6076426151414895,6.300428425096664e-30
ENSG00000122779,2.748563313238626,0.0
ENSG00000171943,2.035343905328443,1.4281029504110561e-13
ENSG00000116661,6.813683411782639,3.3313838693124882e-74
ENSG00000084731,5.536027291073757,1.4238902731791639e-266
ENSG00000140416,7.737312677019297,0.0
ENSG00000072071,4.401527481469074,0.0
ENSG00000178980,2.3141278802550365,5.222647584372868e-161
ENSG00000076826,2.2082726727086985,4.033270564746416e-72
ENSG00000161082,7.77067894614479,8.636758153710831e-20
ENSG00000047662,4.71795397657636,2.7758399305004275e-05
ENSG00000106069,2.812140141922274,0.0023268132241807257
ENSG00000085733,3.582593013140503,0.0
ENSG00000135362,2.5805341423131756,2.387232453804823e-15
ENSG00000164171,5.362469172052868,1.390021889257729e-64
ENSG00000121440,7.417419052797914,1.7420518677295043e-49
ENSG00000166813,5.65885554733387,1.4413266728939353e-79
ENSG00000182022,4.973861021174024,1.1551834300206577e-50
ENSG00000154274,2.737644064730623,0.0015671928700852979
ENSG00000199169,9.3757771526534,0.00031188183734817324
ENSG00000118515,2.3617404219514224,3.026302299732295e-26
ENSG00000261115,7.942215971931518,6.143705927248539e-82
ENSG00000157570,3.1545837734674316,2.1636306652992695e-32
ENSG00000237978,2.402837537427511,0.00011218031675186634
ENSG00000162415,2.156823252699518,2.564682245160353e-13
ENSG00000130751,4.402818310688732,1.7413390029511474e-24
ENSG00000063180,3.741677885154725,2.3234122511069673e-93
ENSG00000150093,4.363042614576861,0.0
ENSG00000181274,3.6070956153970166,5.165789468486948e-202
ENSG00000183762,2.711467763965021,2.6310473696675025e-16
ENSG00000101331,10.193503455191086,9.109799082810287e-05
ENSG00000162551,8.406701187596902,2.386742364800158e-214
ENSG00000138101,2.114510288150448,2.3209165094394555e-49
ENSG00000129951,11.356895683538497,2.683511006914648e-15
ENSG00000105479,2.354250418274774,9.011759771720661e-06
ENSG00000107854,2.3134548919061513,5.605287048461112e-240
ENSG00000168143,7.117038333899038,1.7528910857097026e-16
ENSG00000164542,2.353196572951311,0.00424184830822643
ENSG00000164708,2.5049406176317914,0.011919988891697954
ENSG00000002746,6.27347335739395,1.7565137250703212e-43
ENSG00000078814,2.0401869590542354,0.02159210126892792
ENSG00000145087,10.504818846101672,5.564817077314483e-05
ENSG00000196517,3.378956809088423,7.829754000989097e-74
ENSG00000020181,4.450058779492275,1.2089781329357338e-30
ENSG00000136378,7.123637557108186,5.413288959116688e-48
ENSG00000062038,10.44813573606273,2.8815348870524806e-91
ENSG00000184949,3.0988400227423565,1.0430148044867405e-17
ENSG00000149294,5.133354638345252,5.04547917009181e-28
ENSG00000137486,2.915789231630089,6.640225147340352e-65
ENSG00000245614,3.3369623008719205,1.6712136267356475e-08
ENSG00000111261,4.682703693775351,2.3644824429557457e-23
ENSG00000130584,4.304146623828403,2.4708754422001685e-121
ENSG00000279489,3.388303820017367,0.00318182345539233
ENSG00000171812,5.483976425345553,1.068845058439529e-16
ENSG00000224063,5.150795034795428,0.03212711559935941
ENSG00000181045,2.955988711580401,1.4270631176861735e-42
ENSG00000138738,7.574931549155367,2.230898527032887e-46
ENSG00000109794,4.430228275984458,1.0386827015837824e-27
ENSG00000005108,5.096319652129449,6.17782847326119e-12
ENSG00000241832,6.063698324445419,0.015782198645378546
ENSG00000182985,6.537870017302121,3.867866380414456e-71
ENSG00000160746,4.285884615616588,2.6406815585736202e-135
ENSG00000121454,8.244065155614086,1.4838733548913817e-15
ENSG00000136531,5.832313228941253,6.527658354817104e-05
ENSG00000161544,6.886811973428617,1.9831213038440963e-06
ENSG00000109654,8.137397851109188,1.6872271488318606e-130
ENSG00000176884,2.9593661955376533,1.7521727523603117e-06
ENSG00000259416,3.1029438495011568,0.005999055907019501
ENSG00000149115,3.000270841893278,0.0
ENSG00000145919,2.212120331228184,1.2784921161096007e-133
ENSG00000133703,2.4492303113736664,2.513091237727624e-195
ENSG00000143545,2.336575733058506,6.969007347963606e-24
ENSG00000104067,9.009146404493194,9.684480388135714e-304
ENSG00000186806,3.4181293122852705,4.0370423847312256e-35
ENSG00000167600,10.49839907424556,3.1035608334790548e-114
ENSG00000231205,5.143080289297792,2.2791752079579602e-197
ENSG00000007866,7.240462247289394,1.0187349294442257e-10
ENSG00000267055,6.02476637548937,0.016331070281042925
ENSG00000213420,3.4454466156687356,4.693927109868576e-104
ENSG00000173898,6.4818304414686585,0.0
ENSG00000139174,4.44226543595288,4.228633590271042e-127
ENSG00000139146,2.1264682599484717,2.089165279650644e-258
ENSG00000205116,6.9944869272136785,0.00639850230446569
ENSG00000116774,8.271737218616718,1.6336297129368464e-49
ENSG00000121653,6.1741529705273335,1.5486082185493421e-127
ENSG00000148143,5.971392474357621,0.0
ENSG00000259153,2.2218842206432505,4.1985940566869575e-13
ENSG00000075461,6.472437403134106,5.046988061695062e-21
ENSG00000145391,2.4747877377800322,7.899588229071242e-22
ENSG00000223891,2.0366892129483607,8.831025679569848e-07
ENSG00000073711,8.167009698358925,3.565756343370164e-48
ENSG00000162430,3.812693316301412,3.523893358960562e-297
ENSG00000215866,9.336716784336616,9.438573836451173e-20
ENSG00000129422,4.17940929265989,8.271382409995173e-51
ENSG00000262943,3.7205636804767,1.5315790216168752e-18
ENSG00000167371,4.917600964687882,5.9838438062751384e-36
ENSG00000198780,3.591761916038471,2.645108971596642e-281
ENSG00000111728,5.5000970852406965,1.7775267578724497e-09
ENSG00000124171,2.850202272645595,6.195009882787728e-120
ENSG00000182752,3.8739238587427587,4.675026781375618e-09
ENSG00000114923,6.361668292633578,5.573738339974136e-31
ENSG00000204611,2.956174959264476,2.2894585339209256e-120
ENSG00000197410,5.152693575241634,2.2339254206713023e-18
ENSG00000151150,7.154080318495014,2.584490238711836e-169
ENSG00000143382,4.291910207566772,6.583790115646121e-23
ENSG00000131899,2.640436419139356,1.8263469335177776e-226
ENSG00000067141,6.613635816196636,4.636499651332565e-263
ENSG00000226510,5.381757082262952,0.027304648478328433
ENSG00000279619,5.748636564716522,8.778346392011446e-05
ENSG00000188487,4.925921330668563,0.03719795702760448
ENSG00000172818,6.589154443227959,4.990205878082657e-10
ENSG00000136830,5.995730992430002,2.5476563472491765e-240
ENSG00000142627,5.7934000747504575,1.8080824797248686e-140
ENSG00000092969,2.830128434852658,0.00030488995825858725
ENSG00000058085,3.2220045608891206,1.9160226113723714e-72
ENSG00000104313,4.999250799748527,9.917849193141977e-08
ENSG00000144339,8.002392383712278,0.001981411822882418
ENSG00000176490,6.249265367225757,8.076411931568589e-77
ENSG00000039068,2.391980651366213,3.497568329068546e-189
ENSG00000172987,6.268119236287779,0.013098702779743484
ENSG00000109458,2.024781574717881,1.1470876435727548e-49
ENSG00000138760,2.0548969422522694,2.847683225551836e-84
ENSG00000135549,7.193938571592339,2.7244256924415927e-70
ENSG00000235217,3.6198791717171983,1.841004664481234e-36
ENSG00000204055,9.262230669950005,0.00036669689937170635
ENSG00000206417,3.151819161763602,5.194027035577495e-21
ENSG00000279207,3.074823478736638,9.901522068737296e-52
ENSG00000065618,3.4313806033224443,0.00021803542635278155
ENSG00000271978,3.1547998242894013,0.001967423904148339
ENSG00000204366,2.965880981896689,3.3626340166331377e-81
ENSG00000070371,6.228248990354298,3.5553368366841255e-69
ENSG00000154127,2.8382352984300026,1.5055819723783686e-33
ENSG00000185187,2.537070157999432,6.949545362236367e-55
ENSG00000134253,4.796042517848854,4.612786146448415e-62
ENSG00000272267,2.4300581381645534,9.20357927888518e-05
ENSG00000073670,3.921266785115281,4.054809894225793e-17
ENSG00000141756,5.337552992575202,0.0
ENSG00000091622,2.0721997717974276,8.439660814587164e-10
ENSG00000001626,2.1977223145589058,9.633611725155915e-05
ENSG00000196411,6.926914241238824,0.0
ENSG00000078295,10.145993415635317,5.539166865592055e-86
ENSG00000139194,2.6589922618572164,0.00813102774478123
ENSG00000198722,7.808896646553833,1.0104470947413476e-187
ENSG00000091986,4.761370620945639,1.3277456491235692e-38
ENSG00000133980,10.293914578461202,8.852829357551962e-110
ENSG00000112293,2.0758994888287687,6.657527841356432e-11
ENSG00000128512,5.453822296710086,1.3490573505131714e-133
ENSG00000250421,5.878870758654491,0.01860383085042434
ENSG00000139132,7.912386382150552,1.1194560006449486e-152
ENSG00000123836,3.1210507267959495,2.034220169680187e-79
ENSG00000168140,6.694969092962186,8.36063727703539e-27
ENSG00000224846,2.219417585347956,0.03001444489253307
ENSG00000162105,8.042430236082758,4.1613332232287376e-140
ENSG00000253953,6.220246680490121,1.6569168812593576e-22
ENSG00000255794,7.519224711914571,5.207239069991846e-13
ENSG00000185920,2.8151716319975506,4.127359857508508e-141
ENSG00000196369,2.132635203374136,9.937518697897712e-08
ENSG00000249715,5.6529257182671095,2.017496562231538e-07
ENSG00000160325,2.191777262298367,2.395191931807882e-27
ENSG00000116833,5.116043106933461,7.632839237849978e-72
ENSG00000128655,2.576614341159168,0.03372109814908486
ENSG00000006016,4.915548408304418,1.6926633019002398e-14
ENSG00000154118,9.177853026779806,3.7449497675153685e-36
ENSG00000167216,2.098034642867673,5.691853320665489e-12
ENSG00000237742,8.635849841599672,0.0008745659347081944
ENSG00000135083,8.43615191337846,1.1767527693137197e-58
ENSG00000101349,7.582042970538452,0.0033182688567932788
ENSG00000185008,2.4153706040050067,7.415034926712774e-11
ENSG00000268650,2.5047357704604893,0.0195712317415687
ENSG00000230091,3.4754301765552493,1.1666330688577647e-09
ENSG00000185737,3.6368303507970094,4.410819198087623e-17
ENSG00000128567,10.022370436590215,0.0
ENSG00000166833,3.9337625029267276,0.0
ENSG00000187678,7.74516224531948,1.3412205016827496e-287
ENSG00000139946,8.247076123130507,1.687772475792869e-62
ENSG00000003987,10.95704183377494,2.6245737705241502e-05
ENSG00000253636,5.749356288543907,5.223228114450499e-106
ENSG00000087076,2.69334057437104,1.196553325329479e-12
ENSG00000280152,2.7822433520240306,5.817430619255634e-17
ENSG00000052344,8.476161241588422,2.1134816213931986e-73
ENSG00000149926,6.080595012801976,4.326135767093876e-16
ENSG00000100344,9.39341335945136,5.415256133253851e-20
ENSG00000174516,2.4672207364467202,4.552364370913731e-17
ENSG00000042062,6.274181811555938,4.4322763024033065e-16
ENSG00000085552,9.317877995482993,2.9370371769294075e-37
ENSG00000183032,4.992442376450306,9.299861082313065e-19
ENSG00000231312,5.248830885734863,1.1445998597549532e-10
ENSG00000168754,2.551488932645263,0.034471649343248756
ENSG00000132359,5.240806578907176,0.0
ENSG00000196218,4.598290253955375,1.0516499320186727e-156
ENSG00000228010,3.081525777583781,0.002403706681068487
ENSG00000162174,2.2383718785627886,1.345771605755905e-27
ENSG00000143776,6.178592189122641,3.28839312672169e-239
ENSG00000233723,5.661323026649918,0.0001063040735799379
ENSG00000073350,3.2308463263258975,2.991547542204835e-158
ENSG00000105655,2.1183580862887,8.71790107458778e-141
ENSG00000095066,3.0333352041973,1.4122992336111993e-107
ENSG00000150764,3.7062139500988516,1.5133400348620334e-81
ENSG00000148204,3.051628217758614,5.117805536178774e-53
ENSG00000081377,2.6144464166120325,1.1778228622274212e-154
ENSG00000114739,5.159395969540535,0.0
ENSG00000134222,3.121661216889544,3.815794444894892e-106
ENSG00000227051,8.618700359592735,2.0954002817086796e-83
ENSG00000115380,5.314306690634374,2.75813293553133e-37
ENSG00000071575,2.5149676059215844,4.118521328443335e-148
ENSG00000140398,2.460264104486723,1.0877524222935832e-12
ENSG00000164099,6.416447113441565,2.8426101316213183e-24
ENSG00000164626,3.0771917928629273,8.803982762950764e-171
ENSG00000185046,7.019220732686847,2.41206099629454e-11
ENSG00000187672,7.3395057013295375,6.985631625146895e-33
ENSG00000259005,3.8158371604690844,0.007261710962315784
ENSG00000198933,3.3204394093525664,6.630071501001312e-60
ENSG00000196361,4.23586109008169,1.5985227644005534e-05
ENSG00000160469,6.728608863268999,3.732141816437226e-68
ENSG00000247033,3.9855031347482552,0.005473887436442189
ENSG00000207927,10.073108371781935,0.00010971996805322303
ENSG00000213949,4.769012106420183,3.274978763735892e-50
ENSG00000251027,5.04666922337377,0.034395223639888416
ENSG00000008226,2.5890187631952184,0.00028417796485869125
ENSG00000141314,6.7664672868618565,3.4176174773998557e-44
ENSG00000174939,6.811451326779189,1.1963325112495876e-23
ENSG00000225761,2.5768881055324933,0.005344370271790946
ENSG00000138685,6.691315711916119,0.0
ENSG00000124813,2.298591545507605,8.777097079038453e-06
ENSG00000177679,6.453010604516572,3.37601231768737e-43
ENSG00000168916,5.3471198169495695,9.669668628707897e-206
ENSG00000114529,5.345188254735928,3.2775267646185663e-42
ENSG00000085449,2.8207707313800463,3.704594737659391e-273
ENSG00000108821,3.6165058929287484,0.0
ENSG00000154229,2.695953766982866,5.915583807316974e-82
ENSG00000072832,9.565011586601882,7.911068917510369e-104
ENSG00000146426,3.2067472208017707,4.093453587931983e-75
ENSG00000184304,6.532000835820985,2.5144232212042754e-25
ENSG00000184156,8.608355435178892,2.0573531176197034e-09
ENSG00000103196,4.364718791851775,4.65699343508269e-26
ENSG00000199102,10.437287393594447,6.209923088202714e-05
ENSG00000230269,2.7212385796352425,0.013882632328811782
ENSG00000003147,3.4072254010169822,2.0516706428765615e-67
ENSG00000075275,3.5872067197246356,5.186136245085893e-155
ENSG00000170271,3.297140501026646,1.538911849843453e-13
ENSG00000165238,9.739052887693896,1.6579662810846895e-69
ENSG00000114107,2.867537709037139,5.5986799443378044e-45
ENSG00000116191,4.248924530121552,2.588354861261382e-218
ENSG00000253361,5.29122493494105,0.029141162503230608
ENSG00000164142,7.8623358985037735,1.2249700766569396e-150
ENSG00000105993,2.1843912339725473,2.310676090483206e-218
ENSG00000146966,7.746082304590009,1.6389921472893569e-25
ENSG00000106538,7.16665024786135,6.362221167633056e-149
ENSG00000147852,5.386296747291703,2.1517729635835605e-234
ENSG00000196220,3.5671846507088762,2.497217055427303e-36
ENSG00000144893,7.920789443138225,1.7482095996663393e-75
ENSG00000243709,5.493113433460961,1.8750886096089005e-09
ENSG00000143891,3.2525941190311745,8.957678761973514e-39
ENSG00000167105,4.416950117083341,1.122315645989178e-29
ENSG00000153446,4.868114812156348,3.3959445083163705e-07
ENSG00000197321,3.2436213519658432,1.6525672648901377e-110
ENSG00000052795,4.213928708953325,2.7252920016404336e-72
ENSG00000146411,6.986917098733549,1.909439783605827e-20
ENSG00000079215,3.6203623771371043,1.3236341720320379e-105
ENSG00000185483,9.124108739049555,2.6121797534249543e-135
ENSG00000247134,4.251442426632631,3.0965649144200185e-34
ENSG00000118257,5.324104882331236,1.5460898425280704e-173
ENSG00000166348,2.523797178338413,7.686893430634562e-129
ENSG00000271860,2.872482993192022,0.0009334301337285298
ENSG00000135540,3.603318676636766,1.0538654581079657e-183
ENSG00000146700,4.605520226532123,3.3341054251688056e-40
ENSG00000067715,9.496675883872332,7.509713262605164e-48
ENSG00000157087,5.093550689203338,0.0005057994481683952
ENSG00000172139,4.782838887055596,0.04066662551393731
ENSG00000142235,4.678627234673491,1.3014211823371424e-61
ENSG00000176105,3.5235349829377283,0.0
ENSG00000196526,6.3996515059581425,1.4962765034205912e-108
ENSG00000124493,7.181803623809492,9.611288039499551e-70
ENSG00000182240,5.890784402313872,1.5202834605654084e-31
ENSG00000272787,5.492571722501994,0.025130281683629546
ENSG00000110786,7.854215454505315,3.8882326789597605e-14
ENSG00000250056,4.1819012795997486,0.0038125082621772322
ENSG00000111077,3.3847134650017363,8.445887466266017e-20
ENSG00000198768,9.795960810949733,0.00016741698073649805
ENSG00000177707,8.969699069915423,1.0733054833242866e-58
ENSG00000115170,6.495950798215987,1.2269017585146962e-47
ENSG00000167772,4.079113197142278,3.2762159053396446e-05
ENSG00000099822,2.3769681173982953,1.6973279816986902e-12
ENSG00000256771,3.425591163359459,2.9633969505942704e-173
ENSG00000130203,7.140784938981509,0.0
ENSG00000160963,9.848167709640789,1.8353105336827287e-51
ENSG00000166444,3.5174556346954544,3.960012178106952e-78
ENSG00000149257,4.160563134277955,0.0
ENSG00000151067,5.42256234363142,3.4618082886913016e-16
ENSG00000267882,5.987070792289676,3.9902795302202e-05
ENSG00000165152,8.383851510655635,5.229600517656858e-37
ENSG00000145012,6.611924981566372,6.70421057557687e-294
ENSG00000158125,4.819361044762858,1.664872652858373e-10
ENSG00000185869,2.8813211826942235,7.72334485538932e-15
ENSG00000130844,2.5994114736268368,1.2715991337078348e-103
ENSG00000035403,2.57413770621109,0.0
ENSG00000099954,10.33481933386992,4.289245575067478e-217
ENSG00000177425,2.499240520713594,0.0
ENSG00000158828,2.580681500236287,9.046956069794696e-46
ENSG00000142733,2.519583206678717,7.246678728547093e-22
ENSG00000180336,6.803590374006577,6.055731328823009e-15
ENSG00000171119,5.2160356878282625,1.652632939213833e-08
ENSG00000164638,4.138391079160697,5.144498116177557e-32
ENSG00000176928,8.5961075602515,4.928035561022464e-39
ENSG00000113356,3.078509268521142,0.0
ENSG00000101333,7.857784761961552,2.9088604300509345e-32
ENSG00000154027,6.157076113446432,1.9582794532282098e-15
ENSG00000142065,3.211671282150833,1.7451807815042125e-53
ENSG00000128564,5.063376609648357,7.120390277763201e-27
ENSG00000011105,7.5333543237680365,1.86103051311325e-67
ENSG00000158296,5.816408430613089,1.8564601805972856e-30
ENSG00000171517,7.213962622067613,3.640590081972758e-56
ENSG00000213799,2.0206841531754707,5.079863488008351e-67
ENSG00000099365,2.5045967289245614,2.6601215822233407e-52
ENSG00000140945,4.882014717407014,3.664246454153419e-09
ENSG00000170542,3.046275595441114,9.221634398595191e-232
ENSG00000186976,2.5142068118174543,1.4435580417883714e-05
ENSG00000056487,8.083690184148153,7.849735279405671e-60
ENSG00000133687,4.223417400033302,6.937442823889435e-141
ENSG00000061273,2.0785655710936464,6.690184542652967e-112
ENSG00000155893,5.232953304939208,3.1210069094695875e-62
ENSG00000169213,6.806999859574959,0.0
ENSG00000169764,3.277992679919729,0.0
ENSG00000117971,6.063235286521326,1.6100644945577626e-08
ENSG00000149927,6.138707694829878,3.681275196504903e-25
ENSG00000152208,11.033562050848648,1.1791939965169543e-39
ENSG00000006704,3.573199964880233,1.714335434104896e-120
ENSG00000053918,3.230238224348491,2.8380167010683404e-09
ENSG00000125872,4.243706971673266,0.0001963378197658022
ENSG00000181585,5.872829261865658,0.018586464508219765
ENSG00000121753,6.859660272836432,1.8977327064197142e-88
ENSG00000225420,5.569870581797803,0.023719249432841077
ENSG00000196169,4.4609405674527425,0.002200974323701282
ENSG00000050820,2.72977045519195,4.3241254133141303e-193
ENSG00000262001,5.004718831981758,9.789255637411873e-39
ENSG00000166033,6.393112861287554,1.1035843941016483e-27
ENSG00000146216,6.657236358703821,3.0288488200754994e-10
ENSG00000171435,4.953926188469784,5.840100584477316e-57
ENSG00000197457,4.586801765649808,1.477595527294069e-161
ENSG00000165716,6.57582609447882,4.043123940796409e-64
ENSG00000158258,2.1219318390547697,0.00017191131307695714
ENSG00000108950,6.051976079182854,1.1624212862282147e-11
ENSG00000166863,5.485167684601513,8.519990843626135e-12
ENSG00000106772,5.904126824931011,1.3769736210661667e-111
ENSG00000140090,3.637252796072866,0.000275035411069771
ENSG00000128849,9.093763427336384,6.504389460214566e-191
ENSG00000185532,7.794486364525741,1.5467189536210908e-43
ENSG00000109625,8.91334678917575,0.0005995464059651925
ENSG00000257086,2.498628592690224,2.1005252531016428e-12
ENSG00000082684,12.821944080587334,8.916126380675002e-07
ENSG00000259820,2.7535406678811833,7.847254396086978e-13
ENSG00000179761,5.566198959985749,5.067237697152707e-150
ENSG00000198346,2.7546557400676623,1.6870432625164662e-111
ENSG00000164181,2.6219710339518603,4.734454924136062e-22
ENSG00000144749,2.7331099465657,5.224645212506694e-262
ENSG00000235169,2.3793273609623826,0.0006519881122329121
ENSG00000022567,2.231809658157675,1.3166532058046429e-68
ENSG00000259345,3.439517648001456,0.013079746840879113
ENSG00000138814,4.004593090220324,3.4575265458568165e-192
ENSG00000113657,8.884679899114587,0.0
ENSG00000064692,5.436172384698189,2.4634019288447936e-37
ENSG00000120896,5.476741917438301,1.0819231613177009e-166
ENSG00000162944,8.247916650617364,0.001457655273029763
ENSG00000133026,7.11969285714047,0.0
ENSG00000040608,4.344587110477293,1.8248237640957712e-58
ENSG00000111664,4.691120379365217,2.0446990658322023e-26
ENSG00000169282,5.733489836760306,1.2961910743970527e-07
ENSG00000163517,3.958943653652582,6.835040193657869e-23
ENSG00000185842,2.8136145544766658,6.315405848246564e-43
ENSG00000116396,2.7000708034712675,3.0706311392357668e-61
ENSG00000153093,4.011730720627955,7.883693819759232e-52
ENSG00000065717,4.557029079112623,1.279816194478607e-28
ENSG00000142449,8.651890035245675,8.072731142913832e-99
ENSG00000198342,2.4017309118409345,1.734746506408465e-07
ENSG00000177426,4.682543148784035,0.0
ENSG00000008300,3.764765434564539,5.088755525518499e-297
ENSG00000162618,6.259475434689966,0.013217282653368786
ENSG00000100558,6.768471906654055,0.008026333691620658
ENSG00000153976,7.7841820055418385,6.41874471760034e-08
ENSG00000138119,2.0110126393639773,4.540887559002229e-10
ENSG00000105889,9.573321349125447,0.00023374919087496647
ENSG00000048028,2.1197537691455555,1.0024421982832722e-160
ENSG00000107130,8.371324248950483,4.2056370892261977e-85
ENSG00000177736,2.192896490623795,0.008491593307699686
ENSG00000189366,3.3926137181947946,3.811149603277844e-06
ENSG00000075391,6.732339084771274,9.782598268000563e-206
ENSG00000138670,3.849085350566472,8.780828834806681e-13
ENSG00000155511,4.197387168405271,1.1468215657445189e-08
ENSG00000241852,2.282633568801776,5.4217668927996e-20
ENSG00000137843,3.5929726924300995,3.614175230321968e-12
ENSG00000105289,5.888805368289163,9.965765269233476e-49
ENSG00000141401,2.583873409513278,1.0548156548126878e-133
ENSG00000148680,10.554326391089285,2.0151404339387919e-13
ENSG00000112419,2.6569595956621823,7.534824873129654e-277
ENSG00000134986,2.64668468390399,2.571171704665572e-301
ENSG00000157933,2.2793528922668376,4.1690257257657676e-216
ENSG00000278570,5.751621377928109,0.020539556464255284
ENSG00000140948,7.098590705287199,1.2443917979911916e-145
ENSG00000103160,2.8531579612790927,2.5998322676701237e-123
ENSG00000181004,2.132674528444509,2.1251115740118194e-07
ENSG00000135299,4.244066431180712,3.16113335806777e-48
ENSG00000232533,3.1562880330439596,3.7093902125732045e-17
ENSG00000143434,3.352048980835752,5.458701876291834e-71
ENSG00000145721,2.5622974777678635,0.017359047589526763
ENSG00000185052,8.864886462060197,6.672163463559524e-10
ENSG00000165702,2.1777623751069344,0.030942194065099755
ENSG00000134072,2.5081038180756026,4.8328517403170217e-08
ENSG00000104447,2.8033216219653467,1.0247161750002293e-49
ENSG00000061337,12.265816460260412,2.4481883318760407e-06
ENSG00000115414,4.268125294835709,0.0
ENSG00000188368,2.2795767967418192,1.421077799961376e-09
ENSG00000141404,9.69341156472428,3.2312609283126004e-21
ENSG00000197467,7.1597010974159065,7.980362678498129e-12
ENSG00000122547,3.2439511791152937,2.3066335076710784e-28
ENSG00000174669,2.0897980089348938,2.261806852423299e-58
ENSG00000169860,2.6772335462942474,3.432623482479084e-141
ENSG00000014914,2.3345111477564036,6.220013001338999e-09
ENSG00000121769,6.719930531728054,9.239993360674244e-19
ENSG00000160229,3.2490736218022005,1.2344743058579698e-103
ENSG00000155269,9.02197009794317,0.0005149415967279344
ENSG00000164050,2.7901184394847784,3.841751554998872e-289
ENSG00000114656,8.480553749713778,0.0010763569632106557
ENSG00000171680,3.6115289710984837,1.392936879921919e-70
ENSG00000172380,6.014034413458371,8.169576178112118e-175
ENSG00000264164,4.002658793268623,8.750058778054636e-08
ENSG00000182963,5.816895145436276,0.0
ENSG00000130477,8.223076763660304,2.2489485413932106e-198
ENSG00000165886,3.745819425651482,1.0123504267806525e-50
ENSG00000243004,5.582213376275431,1.5732609701242838e-93
ENSG00000187260,11.022587405976548,2.375494131851412e-05
ENSG00000133812,6.169497730102728,3.023931520327652e-243
ENSG00000257150,8.21210475341113,0.001524247438533677
ENSG00000178233,9.597645594411336,8.117450505115797e-21
ENSG00000196569,4.24231454087016,8.348546906489175e-41
ENSG00000008323,3.917058549003193,1.78609464831063e-74
ENSG00000143858,13.163969871522637,4.5895289471754663e-07
ENSG00000185942,2.899901165273185,0.024650782795747096
ENSG00000035862,5.790990759510722,1.0424452157713351e-163
ENSG00000170412,4.325608932497036,6.442739992979416e-33
ENSG00000176387,6.151631431275363,2.6154118720260398e-51
ENSG00000180592,4.907360952481732,6.64927860002855e-57
ENSG00000107614,2.1016782263056633,3.3584907314815665e-39
ENSG00000122863,5.016933593175469,3.985385147574691e-57
ENSG00000146267,8.674146407466344,3.7871081329546585e-17
ENSG00000164707,9.087810583180442,0.00046896882791673636
ENSG00000182902,6.082657007946298,3.0430826450119828e-05
ENSG00000132698,6.287698664049219,1.9522300869651803e-33
ENSG00000117020,5.808136666633931,5.687382981276071e-144
ENSG00000091428,4.812246410789509,4.0924318603829615e-07
ENSG00000178752,4.798378385226936,1.8019941812222867e-05
ENSG00000169918,3.9180637876223203,8.722251363195899e-22
ENSG00000122507,2.514604602085645,3.172278531443446e-48
ENSG00000149054,2.584954595552017,3.657969092622662e-44
ENSG00000139364,6.596221355746279,0.0
ENSG00000183150,2.5808019348671625,3.962953340289304e-29
ENSG00000116544,5.646643480437057,2.346082180330529e-61
ENSG00000168280,7.082740001490163,2.3147251778833653e-306
ENSG00000080644,5.894868014897471,4.7824010990008676e-08
ENSG00000166123,3.4763112664232994,2.7640892461194647e-272
ENSG00000224557,3.6049389774178073,5.521156560622311e-64
ENSG00000279159,4.02014222537788,0.0004629415614935926
ENSG00000166250,7.738416967499687,2.3054453217000926e-54
ENSG00000089250,5.267639594847696,0.0006546844573034706
ENSG00000232650,3.333719913911527,0.014799038749046532
ENSG00000254339,10.320082432460937,1.9575705065886478e-67
ENSG00000152284,10.10114195017643,7.312276378788031e-75
ENSG00000068615,3.8875102745559116,2.18262289561141e-07
ENSG00000140470,3.0288737176653657,1.067444003431404e-07
ENSG00000166341,3.67258354541022,3.7823221909683986e-143
ENSG00000077616,6.728161602498741,1.871736420322594e-10
ENSG00000181790,4.556737655195682,3.59900134173818e-39
ENSG00000147799,7.8390951501164805,3.71518125232578e-32
ENSG00000151693,7.1656886182255155,1.1203313206260274e-69
ENSG00000130208,4.462053584863996,7.387449127646834e-32
ENSG00000130307,4.79116508103542,2.276101925481269e-23
ENSG00000257446,3.0986163942065565,2.2014817327423172e-17
ENSG00000100146,9.389592690286019,0.0003055151500248239
ENSG00000174871,3.03133949161015,2.4336416765493426e-19
ENSG00000172020,8.666544416396821,3.986876907688172e-17
ENSG00000160113,2.679916783984321,5.288966407731902e-169
ENSG00000021300,2.9444792345083135,6.693146964793484e-20
ENSG00000211445,5.7924379259345065,2.6446954468629986e-52
ENSG00000196781,8.78971465341356,2.333886024068153e-117
ENSG00000170293,7.0081604676677705,2.6145584776992823e-11
ENSG00000117114,8.667126206929147,6.173476019551358e-251
ENSG00000232070,3.704775561063507,0.000206608178429576
ENSG00000186567,3.2785586420538997,3.139200406527202e-08
ENSG00000108018,5.022121202114277,8.988813620889582e-30
ENSG00000129116,3.141991555655704,3.8050627105344736e-101
ENSG00000146122,5.864432334033531,1.0175377288618981e-16
ENSG00000204531,8.76441028504367,7.132337913098988e-205
ENSG00000064652,2.2327488112448175,4.870709486456044e-21
ENSG00000179403,4.419879338858765,1.0286628956776205e-123
ENSG00000177807,9.315767716331857,0.00033915562419221593
ENSG00000165548,3.513960331301234,3.788461261959888e-30
ENSG00000104635,2.3842915206781448,0.0
ENSG00000137177,6.637695686794104,3.5010233781155573e-178
ENSG00000179603,2.4418677508690982,3.161055081186139e-06
ENSG00000248587,7.213208673660032,0.005023417116692696
ENSG00000113658,2.095662916980003,2.2157988168349706e-118
ENSG00000050767,6.211409700107294,3.903357922689852e-19
ENSG00000053438,9.261829615630573,3.872777897339089e-28
ENSG00000136828,2.519057542893893,7.767486798045413e-66
ENSG00000196353,2.740580257765515,1.063004011381878e-08
ENSG00000116729,2.643393335301102,1.8455375826960145e-05
ENSG00000175707,6.294877080793318,1.0851755588167194e-33
ENSG00000149591,4.848249389163089,0.0
ENSG00000182132,5.492571722501994,0.025130281683629546
ENSG00000266028,2.2266778214527334,3.162487453621351e-81
ENSG00000143847,2.9804030647130664,2.5597912764441725e-33
ENSG00000165617,3.930514424302795,3.66596983085566e-104
ENSG00000169181,5.311523943244072,0.02877836321499191
ENSG00000077684,3.0124312042796553,0.0
ENSG00000172403,2.6115094290248364,7.866817570317197e-24
ENSG00000168477,2.162000233809051,5.142029981199376e-21
ENSG00000230042,3.0289944250991097,1.5188738293234077e-05
ENSG00000156299,3.915337297562084,1.0375623772054656e-160
ENSG00000166016,2.056261330190027,1.0504235228861342e-35
ENSG00000183715,8.722437677625154,0.0007778497150593914
ENSG00000163513,3.258649647329587,2.3704437459876595e-41
ENSG00000001460,4.708764419809804,7.291973044079751e-30
ENSG00000198513,2.488077708123337,5.0575990278564364e-12
ENSG00000103742,4.452078158068399,7.773302245738551e-67
ENSG00000102935,7.130539553685021,1.114232163233541e-208
ENSG00000154080,10.11373556379551,5.348285786534668e-23
ENSG00000151468,4.534557711998066,2.3143369051779148e-17
ENSG00000122574,7.88597663389421,1.5344095907859665e-32
ENSG00000053108,6.040503444574411,8.846211537841275e-15
ENSG00000154917,6.790377181896683,4.4175535411133246e-07
ENSG00000233098,5.49829989499353,3.112989652944756e-38
ENSG00000104112,11.262657804093694,4.044980021908197e-15
ENSG00000105711,3.0344358269434295,2.0433440582570922e-10
ENSG00000196724,4.012155916583601,4.388671878699124e-59
ENSG00000050165,6.517489194562259,4.099444370075295e-55
ENSG00000171385,4.522912775885985,2.400489860894599e-06
ENSG00000112902,5.113833742441273,1.9625055761946687e-88
ENSG00000176593,2.2798976149283283,5.491525809757344e-33
ENSG00000181894,4.056924539439209,8.807219260275993e-51
ENSG00000182621,4.648578569932264,5.184070714447689e-33
ENSG00000151322,3.269856122151862,0.00404822166145077
ENSG00000173065,2.0134545481523696,7.216669637511e-125
ENSG00000107779,2.0416087169054995,2.3792749903124536e-134
ENSG00000138759,7.142126888285981,0.0
ENSG00000225914,3.4507701030606124,4.107202309174147e-08
ENSG00000244041,3.5874747671188216,1.4447353533496223e-08
ENSG00000026652,3.427656188951152,5.514741704197968e-111
ENSG00000196268,2.2714914859270583,5.567656137583923e-66
ENSG00000262583,2.0568622123648987,0.00861895839456023
ENSG00000121316,4.834974322523751,1.3765691046730025e-33
ENSG00000178882,8.182330279839094,1.28340476625746e-08
ENSG00000173068,5.395484085458725,5.197397237594639e-123
ENSG00000196422,6.071132003933028,1.0317288499052561e-169
ENSG00000083307,8.186127937145026,4.3564432627875314e-68
ENSG00000104435,8.977780359710403,0.0005486721521573075
ENSG00000147596,10.21682241151866,8.814274289650037e-45
ENSG00000068078,6.5575980601770505,7.755616109062945e-68
ENSG00000183317,4.527132543337418,3.916085624052076e-09
ENSG00000092621,3.830432505107379,0.0
ENSG00000184611,7.991726466163718,0.002033341007841259
ENSG00000132563,3.4813488943333404,9.240923131614677e-90
ENSG00000157110,8.819384655426955,9.1927048012508e-179
ENSG00000167693,8.06183814168046,1.0273850664981367e-140
ENSG00000182903,2.3985452773062543,2.262213592701982e-178
ENSG00000126458,3.0964690245550672,7.008520935154266e-21
ENSG00000262160,6.741397721497867,4.314287370477621e-23
ENSG00000175832,5.564558290595805,0.0
ENSG00000163435,2.579842154239481,1.1665918460698906e-16
ENSG00000178662,4.181152184205137,8.023896229634858e-39
ENSG00000105613,4.965643617173809,3.4159293414036585e-95
ENSG00000088002,2.501800524373802,0.0074476516783621
ENSG00000105088,8.467517700206427,4.80821983921905e-59
ENSG00000145198,2.9338057271302214,0.0015412483518819197
ENSG00000166450,7.387585052878997,8.484919525999941e-18
ENSG00000205090,3.74662103003689,2.5844961367429335e-07
ENSG00000106299,2.1091095911789135,9.374985758424978e-104
ENSG00000136274,8.87732774218676,6.575109203214976e-10
ENSG00000164855,3.3768611813803306,3.897010886647428e-07
ENSG00000249310,2.268217018496499,0.02798290577171151
ENSG00000260808,3.9158229555998023,0.0006647426953464578
ENSG00000103067,7.605965025167635,1.6074210325773367e-95
ENSG00000125850,10.484753311969232,5.7533151682462366e-05
ENSG00000134294,2.183937169533124,3.3057873788205323e-283
ENSG00000187848,7.07510911195067,0.005904716624877028
ENSG00000139880,3.9894888315606787,1.0948962454436368e-84
ENSG00000187595,5.995399612683843,2.959556156654989e-08
ENSG00000242498,6.9640773522849075,2.838879432402484e-20
ENSG00000118689,2.280761103538553,8.506148793407003e-57
ENSG00000133216,2.2986835831647836,1.3885165538702495e-48
ENSG00000184005,6.457512919804066,1.3173989981613464e-50
ENSG00000182667,9.476300421299976,4.052015903470357e-11
ENSG00000104870,5.853080155768104,2.7773968975969776e-89
ENSG00000141447,8.592547924946969,7.516499747105836e-83
ENSG00000170421,5.375820634435825,0.0
ENSG00000244274,4.6937190290906114,8.893173864352025e-07
ENSG00000124092,2.0211280008534542,0.003343389645382277
ENSG00000111344,6.7892768831336765,6.361345194368598e-15
ENSG00000169814,2.0030470478341837,1.0173657066426857e-27
ENSG00000139998,4.03381741450869,8.549673893715859e-235
ENSG00000065675,4.072461293626324,1.7537473983994182e-101
ENSG00000181450,2.4029680126322903,6.212709572131606e-97
ENSG00000186094,5.3952776034374015,0.027014847790116706
ENSG00000164742,5.312576197744032,4.269433207812306e-262
ENSG00000185055,4.198258333365115,1.4022596669801866e-06
ENSG00000130176,5.689055958790853,1.69053053628645e-52
ENSG00000124104,3.7906135568921213,5.567756685602813e-50
ENSG00000125864,4.033697903592209,6.257741056190768e-10
ENSG00000182809,2.967612080417447,2.5149555118867056e-07
ENSG00000138131,2.644319641648721,0.015638370200284572
ENSG00000197977,5.718225211841826,9.211367996807192e-05
ENSG00000197121,2.484347563178431,6.869664344368698e-125
ENSG00000267422,2.1227415078106384,0.024289944562355982
ENSG00000134853,2.0369412718747744,0.00018088467409634967
ENSG00000117245,6.715609538786397,3.825229281827354e-31
ENSG00000106484,4.407948198728315,0.0
ENSG00000170615,2.768123564031109,0.028178768008476844
ENSG00000175274,7.079882430520048,2.3564882294226772e-108
ENSG00000172247,6.586031644195561,5.709029821351017e-06
ENSG00000140807,3.8776400367964095,6.078859138500203e-36
ENSG00000134042,5.205779454960122,2.3792096081494553e-06
ENSG00000203499,3.1030515091648487,3.5896978043312205e-13
ENSG00000161653,2.7059692362187615,4.2315548130796823e-13
ENSG00000011028,4.595090974485804,9.610679520604841e-141
ENSG00000140511,4.294012155265347,1.7320318120245865e-180
ENSG00000188613,2.9745873362001576,9.268203936991053e-13
ENSG00000173267,3.391422763752371,1.4044024451835294e-05
ENSG00000131016,7.537007541835603,0.0
ENSG00000143248,5.386081330425983,2.4791455509288925e-197
ENSG00000105426,5.793704296368348,0.0
ENSG00000269019,6.102629433391565,0.015369203601566161
ENSG00000139209,6.339006932896588,6.5639087105979776e-52
ENSG00000166086,8.50450719949907,1.268632872463085e-59
ENSG00000228956,4.534504718615724,1.0069132201128707e-07
ENSG00000273033,2.1587807810954667,4.0039749537235876e-09
ENSG00000234511,5.04666922337377,0.034395223639888416
ENSG00000233622,2.2238027733416192,0.006700318978378951
ENSG00000166068,5.26604205219371,6.759307631033056e-237
ENSG00000148426,5.572711092051404,7.903721443382646e-30
ENSG00000067208,2.04490148870605,3.629465925844076e-35
ENSG00000267272,2.2719169682033864,0.0012532312088801047
ENSG00000106624,7.2341472822532165,8.16783648462341e-115
ENSG00000005249,7.573847718028626,1.9317299130496468e-95
ENSG00000262655,4.83470570521984,1.2741181560692671e-33
ENSG00000188818,4.538398725104243,4.824935187175046e-31
ENSG00000105641,4.013590444655398,6.944426155484994e-09
ENSG00000018869,2.292147660409991,2.662974079730687e-07
ENSG00000088970,2.0885253068657295,1.9248648328882545e-52
ENSG00000179564,3.421494614274035,0.013144016110617312
ENSG00000157557,2.0012443623281326,2.0357542271221432e-83
ENSG00000214595,2.87869744650227,1.0316346063739135e-09
ENSG00000249042,4.580042425068825,3.3688825447036287e-12
ENSG00000141441,7.227036291533255,9.179455160679644e-37
ENSG00000135424,4.501062487946765,8.604921441198148e-200
ENSG00000088836,3.640826993963672,3.43419889108554e-100
ENSG00000171724,7.983245409459103,2.65387486227232e-107
ENSG00000153558,4.343170317160789,3.21415211476438e-08
ENSG00000107816,2.2373308767699505,3.233167626287308e-134
ENSG00000134245,2.953219253296507,4.193929554471535e-08
ENSG00000181754,3.380764766662129,4.985703559951685e-18
ENSG00000071054,2.728360898194585,0.0
ENSG00000138356,2.6830636372520917,1.771215535808583e-19
ENSG00000205339,2.00458342982487,8.912875573660315e-268
ENSG00000183579,3.4277200898621185,2.1140988940375453e-121
ENSG00000243244,3.4064137344669767,2.7998008954303316e-35
ENSG00000164221,4.8236919556170355,4.983220089717333e-49
ENSG00000257337,2.356818889664583,8.703439160439726e-09
ENSG00000128923,2.5811589922234677,8.769405033427957e-125
ENSG00000086475,3.5236159888393956,0.0
ENSG00000169129,3.335387976851699,3.0972369947323908e-30
ENSG00000111961,6.892663358905865,3.0578636387572507e-102
ENSG00000273274,7.08815521020793,3.3083118087186164e-35
ENSG00000228598,6.005564775292289,0.016589305014397097
ENSG00000106086,2.3070081701611227,4.7428983539049154e-141
ENSG00000185340,5.722516104433873,2.560966031647254e-29
ENSG00000137501,4.183455487850878,4.877955586445336e-40
ENSG00000130881,2.907553117181675,5.209966204540722e-95
ENSG00000079337,3.379804080348137,1.023888833868645e-31
ENSG00000177842,2.407080785851626,2.235448115769867e-47
ENSG00000111879,5.631169358801066,1.1822379220122778e-06
ENSG00000116991,7.496043556188603,4.901108365289393e-56
ENSG00000105464,4.597898281344263,2.987899118549314e-85
ENSG00000267454,4.332717986324463,4.716194379186088e-07
ENSG00000130702,6.0938649951998505,0.0
ENSG00000167291,9.244448108614126,1.8288656857313632e-262
ENSG00000121644,2.5135946140626215,2.154138757256309e-255
ENSG00000159409,5.797090705226958,0.019861900550790356
ENSG00000150672,4.8538113026804846,1.253470281713728e-48
ENSG00000178386,4.374713526687923,0.002619045186132501
ENSG00000249532,11.982798582844572,2.6086800293032197e-61
ENSG00000138735,6.541125337676469,8.224748172729954e-116
ENSG00000127946,3.5593497706088972,0.0
ENSG00000061676,6.933719070963218,0.0
ENSG00000234690,2.4074681193272465,0.0008956541881114725
ENSG00000187323,6.774100640802655,3.006556835406797e-06
ENSG00000124098,4.533122895346075,7.26508402157365e-64
ENSG00000132386,3.2853235947353614,1.090387266859207e-55
ENSG00000170425,3.018593529803323,5.841362468165481e-08
ENSG00000109686,8.013474475326142,8.23879678610001e-151
ENSG00000154429,2.190138031050639,1.7912574503549144e-59
ENSG00000273106,4.433499455965238,0.049343885819775134
ENSG00000245248,3.9591054184128667,8.736996137087771e-06
ENSG00000111087,4.91843197362238,8.25066493355632e-82
ENSG00000135069,2.476551077168658,0.0
ENSG00000130635,5.7080579491808,2.5796532084535006e-94
ENSG00000259240,4.423134678000576,0.04964677482425169
ENSG00000198142,2.4690442474310537,3.571722158301747e-67
ENSG00000154096,5.989484427318308,0.0
ENSG00000111319,7.637166616753512,2.0985087981999534e-150
ENSG00000182218,8.39819197950457,5.231610348541612e-09
ENSG00000119655,2.0658078233569768,3.772242239115394e-68
ENSG00000117592,2.1055213406763156,1.6979940225572693e-247
ENSG00000048052,3.220366672681214,1.8427015247012334e-36
ENSG00000149782,3.0227157593376273,2.9773145283493587e-245
ENSG00000113140,2.169603411343806,9.625419753912058e-228
ENSG00000164764,2.3176152298674713,0.025403359706397517
ENSG00000204815,2.295365161979479,0.0012111272850843814
ENSG00000065621,4.7803496092743245,2.367764849506844e-38
ENSG00000008083,3.118043862934491,0.0
ENSG00000099974,6.85483864824186,0.007338740137235543
ENSG00000253978,3.1348249556990697,0.019030737796959653
ENSG00000113296,4.73501302589443,5.522356247530499e-51
ENSG00000076555,3.8150828962813996,7.56065416323098e-67
ENSG00000132470,2.5085649713731466,3.256612570042864e-18
ENSG00000226887,11.067721140181959,1.3063204245324709e-14
ENSG00000109756,3.744761749018198,7.557039985704489e-272
ENSG00000137269,4.495029212721553,4.46183081344414e-65
ENSG00000153904,7.576842157015417,1.1373869837946841e-143
ENSG00000225439,3.0685997574571173,4.733746925920609e-26
ENSG00000255710,2.0668614368348543,0.00018748411663663733
ENSG00000189144,2.1239908018919267,6.048327810642272e-17
ENSG00000255639,3.7797558189526517,0.0010281366103340355
ENSG00000120162,2.9560891819247908,1.1713643995189323e-102
ENSG00000140092,2.889761059597013,6.3708291066574214e-09
ENSG00000169750,3.030525173225417,1.144384351444004e-146
ENSG00000248905,5.294095354640423,2.422790372718642e-28
ENSG00000171914,4.737922435120716,4.0576801959821196e-258
ENSG00000274750,5.016952521091247,0.0
ENSG00000155367,3.7139042130958115,4.668489043444654e-10
ENSG00000232445,2.7830585472894787,3.9436970818685576e-63
ENSG00000196141,2.4214014726375126,1.8296076147090873e-202
ENSG00000101188,3.378180657753053,1.7542910489384993e-05
ENSG00000154059,5.724952769801265,6.585232662175352e-115
ENSG00000165185,2.220878565818809,8.243424683762234e-135
ENSG00000054690,4.740008840624306,1.3785303690405563e-148
ENSG00000187416,5.405910544462269,0.026804296721709493
ENSG00000157214,2.979370472179551,4.016781579064806e-80
ENSG00000100167,4.01489039037597,4.205614973983626e-199
ENSG00000163032,9.295218518866262,3.2795918693220424e-63
ENSG00000196081,2.9317989448260686,1.823118749342713e-86
ENSG00000226332,2.064158844017731,0.021744051421460152
ENSG00000151967,2.8234238722394664,0.00013808652496605863
ENSG00000139973,4.809631179410909,1.2462352536887316e-34
ENSG00000137266,3.3515665025332075,1.2901790202713819e-189
ENSG00000136002,7.372945427301808,1.5966529611871288e-38
ENSG00000231793,2.402038495111273,2.379177613048528e-07
ENSG00000262576,4.42798448471212,8.739401414642296e-10
ENSG00000124145,4.1992726495274155,2.3712719480812168e-210
ENSG00000167103,4.114207676998449,1.7434160044775974e-23
ENSG00000181885,6.9560813976721745,3.771646004145014e-116
ENSG00000151208,3.219898231511036,0.0
ENSG00000198822,3.6548853742971805,8.253011110105902e-15
ENSG00000142178,3.5679827536237037,0.0003826524424619651
ENSG00000105668,2.5000934542244204,0.019510826082716915
ENSG00000149948,7.404338176474054,0.0
ENSG00000184635,5.776411840413462,4.7559322599527915e-160
ENSG00000074657,6.940093926950783,0.0
ENSG00000153707,9.129264888766341,7.638057581961425e-86
ENSG00000155792,3.718580108160727,4.8542700419818395e-14
ENSG00000154240,3.651822216277449,6.374518881483004e-10
ENSG00000136425,2.298871434692776,8.805458752639848e-54
ENSG00000135747,3.39790545309829,6.234521361492358e-07
ENSG00000142675,3.0473694175102137,5.922886017324495e-30
ENSG00000160097,4.00541017169416,0.0004887155708549345
ENSG00000135929,2.572144893161433,4.509680652690742e-11
ENSG00000187123,9.322963104238308,8.354561209228082e-11
ENSG00000168959,5.915114773251598,0.017936836234448063
ENSG00000128011,2.488316049082311,3.468300010336445e-20
ENSG00000144857,6.027570365859805,7.037197299460607e-18
ENSG00000280042,7.598066301612167,0.003237322867414755
ENSG00000184507,7.2486901947742375,0.004816342733136071
ENSG00000162738,5.325969372267478,0.0
ENSG00000282718,6.998154966650308,0.006326616307956379
ENSG00000143797,3.6955297201110837,4.914978538151173e-90
ENSG00000152527,7.416093300305359,7.428213305469507e-18
ENSG00000255234,2.970883578351648,4.93239511777567e-05
ENSG00000175513,7.5175475189403915,0.003547152227617258
ENSG00000068976,4.434807778874443,1.0226970186408512e-39
ENSG00000118898,7.171600008507845,2.6196856147329686e-140
ENSG00000110841,2.7982397728558053,4.95966254703237e-89
ENSG00000248995,6.617476879128758,0.00934901624694064
ENSG00000172819,2.7735581502513207,6.298164319940463e-115
ENSG00000157227,5.537777624763336,1.3611614102496844e-289
ENSG00000109501,2.539869276091145,1.8396011465229296e-78
ENSG00000254726,3.2583698522472786,5.2465651959560705e-270
ENSG00000007516,4.1012521187278805,5.065557447610558e-31
ENSG00000054793,4.1922953930977505,2.1432796196781074e-72
ENSG00000119986,2.5378960596603877,6.596077597196582e-14
ENSG00000164007,11.392423945254805,1.251055063682943e-05
ENSG00000231064,5.1490733496071925,4.5053935513560603e-32
ENSG00000134909,5.497131078493842,6.324439319427318e-26
ENSG00000186642,3.8828886374668614,3.797118189923935e-12
ENSG00000011405,2.8202586905799913,0.0
ENSG00000060749,2.670791663550635,0.0
ENSG00000253767,5.772322877986248,9.750963234326066e-08
ENSG00000170091,4.582088000096439,0.045562816221495946
ENSG00000125966,8.947136949223129,2.581834266295432e-34
ENSG00000130035,3.0966991882097163,1.8792945536895195e-13
ENSG00000114861,4.199482868114762,3.471435309208462e-56
ENSG00000144644,5.569870581797803,0.023719249432841077
ENSG00000072110,5.367498085102325,0.0
ENSG00000204580,2.115847979334809,7.783655829494026e-184
ENSG00000188037,2.605947468251312,0.008589614715953415
ENSG00000267383,9.323182977559293,1.566813355443891e-28
ENSG00000188026,3.024876088448525,1.928254424938245e-21
ENSG00000163785,2.19255066366067,1.996076778247899e-104
ENSG00000197119,3.25663912565717,4.221369041123779e-252
ENSG00000186297,9.41456322588917,5.3932584127506176e-11
ENSG00000153162,4.026779886814733,1.0043079744245319e-09
ENSG00000237872,6.72881748162919,0.008396228810845494
ENSG00000058453,5.2696707246634045,1.6637389910422872e-215
ENSG00000146555,7.523728707382593,1.2030617127786647e-45
ENSG00000189350,2.8921158828160345,0.00016184787954722787
ENSG00000188897,3.8914562393229417,2.6800235827733557e-39
ENSG00000140479,4.547590161121209,3.0457982479866245e-13
ENSG00000106392,2.938392909983928,6.08336244222583e-206
ENSG00000184012,5.459157385157292,1.0354166750905163e-36
ENSG00000138413,2.8345119265172416,0.0
ENSG00000214944,2.134222940159039,1.1255932367937003e-05
ENSG00000198795,7.4346420680939005,5.611463488969025e-34
ENSG00000111145,3.2532768978085262,1.7572851425495913e-58
ENSG00000125046,2.5986908575012873,0.00874358799674662
ENSG00000168952,3.678162189139151,2.1763523430790473e-60
ENSG00000182372,2.512230747496435,3.0823996087406386e-111
ENSG00000132535,3.2891414688742566,2.0679976301179233e-127
ENSG00000108839,7.750825510675344,0.0027010860885946825
ENSG00000078687,2.1611031903044715,6.128967201626969e-100
ENSG00000130768,4.465499226758193,3.26711445980875e-135
ENSG00000157985,7.811827807308604,8.615887801540637e-160
ENSG00000236714,10.0638904175434,0.0001112523782998659
ENSG00000144645,9.044381803847589,2.991517487372763e-84
ENSG00000253250,3.293904956324889,7.709955091885343e-31
ENSG00000147459,4.384464306819344,2.7775464854591204e-174
ENSG00000095539,5.192492798454232,6.430243457633051e-29
ENSG00000112320,2.5817550064886023,4.675352400997667e-28
ENSG00000197056,4.320976699078166,1.9416031106049032e-152
ENSG00000273489,6.451012557047866,2.330189626243463e-13
ENSG00000166900,5.14208307554151,1.4800007642280942e-189
ENSG00000187266,2.184344846340416,1.5698702141140105e-24
ENSG00000111052,6.74467550038305,3.121018776184052e-60
ENSG00000092200,2.3969384056739558,0.01017706211869041
ENSG00000173281,3.099166701915978,2.3132891094514685e-138
ENSG00000232040,3.7491172506408836,4.712973840343307e-20
ENSG00000197077,5.129734032064124,2.256929559948743e-249
ENSG00000239467,6.125371543902917,1.0833862501062885e-08
ENSG00000254951,7.656261989512832,0.0030203546758769627
ENSG00000151572,6.56322087019235,6.112653111908532e-06
ENSG00000158445,4.739671658167544,1.8508890489239588e-08
ENSG00000114757,2.2381499101571025,1.5074572672684117e-10
ENSG00000177822,6.87503835121447,9.758351085356921e-20
ENSG00000146072,5.92275873437782,2.422020877065791e-221
ENSG00000124588,5.793997136205024,6.806376435229725e-173
ENSG00000142552,5.1336734487531315,5.306221479920684e-34
ENSG00000167608,4.132325485554759,1.5475297467892526e-11
ENSG00000144619,3.2421737434873785,5.610283933190082e-06
ENSG00000092345,4.353396698227151,1.9022570760267742e-09
ENSG00000132561,7.102077966472253,8.482732076226108e-45
ENSG00000099889,4.420557168204219,3.003641836569052e-163
ENSG00000262209,2.1531252969856594,8.673283218136815e-05
ENSG00000168917,3.6836010098494234,3.2345166814900188e-15
ENSG00000189157,3.4088403020215585,0.0030776861889432287
ENSG00000145428,10.066222781563539,0.00011032385607881012
ENSG00000204681,3.304235947606692,6.151103022504018e-150
ENSG00000159166,6.272012564736132,1.1671595939274071e-77
ENSG00000084764,2.939353269232986,2.895003767794621e-14
ENSG00000187091,3.23134569753918,6.912836670193903e-42
ENSG00000197099,5.641544003332315,2.1262434408488638e-07
ENSG00000275832,3.659749767008167,0.0
ENSG00000178104,2.237137186628556,1.0014563798750463e-89
ENSG00000205334,5.699563537721872,0.021386203466338127
ENSG00000173166,7.404148394024915,7.326430565859079e-116
ENSG00000145934,6.043070542415683,8.19690855210713e-15
ENSG00000283221,5.369983086541155,0.0002419768090897218
ENSG00000175287,6.483010466149027,1.5301037556734246e-13
ENSG00000181458,3.1221043606566177,5.07607130471574e-22
ENSG00000156011,3.6736082439826996,3.974493241393105e-163
ENSG00000104213,7.200619999081155,6.24860479414752e-07
ENSG00000106080,2.1777250668328665,1.5219293849247089e-33
ENSG00000115641,3.347163546834108,1.9067629858041422e-59
ENSG00000140675,3.3839309726221494,0.0032020091000599976
ENSG00000008516,5.754400342662088,3.280941071731867e-104
ENSG00000180479,3.5961965268994978,4.893282276591967e-16
ENSG00000083067,8.888984007479625,5.986259140830824e-10
ENSG00000196814,5.834323445441399,3.918335357854515e-25
ENSG00000070087,4.9275290983425295,0.0
ENSG00000156574,5.671144045038076,1.7901324236115982e-15
ENSG00000138792,5.141435793452588,0.00044681221670198697
ENSG00000160200,6.053508214267355,2.7774209564633243e-49
ENSG00000273145,2.4008624548497184,0.039181539143794276
ENSG00000171649,3.0372041901911158,1.9861504030270415e-110
ENSG00000177303,4.241885552021586,3.8155164347102643e-131
ENSG00000220785,2.6200863622157975,1.0277635355961046e-19
ENSG00000153094,2.007152080808329,4.355447009073392e-46
ENSG00000186318,4.4670061046664085,2.8834910155186605e-38
ENSG00000153902,4.827368227976928,1.523055085564167e-10
ENSG00000088538,6.572918359078292,6.941243604423833e-49
ENSG00000168824,8.897923705803507,6.502322833761541e-42
ENSG00000127418,3.768714959313028,6.957605037093431e-75
ENSG00000215910,2.787351137483878,0.00029417630260507706
ENSG00000273079,6.4205665715880516,1.338157438716659e-20
ENSG00000169071,6.6171247501303725,3.7466539483267715e-18
ENSG00000129521,3.794535384174066,3.984851705405972e-84
ENSG00000100852,2.3587701259099507,5.08625650235221e-191
ENSG00000198846,3.909533135378152,3.4622879935799366e-33
ENSG00000141736,5.943239168479036,0.0
ENSG00000179299,6.653926797626325,2.9307978014344444e-62
ENSG00000164659,2.4691432329119047,2.4577821412826227e-79
ENSG00000237945,2.8875546567954054,1.8991020441969295e-34
ENSG00000279196,2.2564166180028926,2.453095575178166e-05
ENSG00000152990,4.002716670828793,1.660587838900785e-256
ENSG00000071242,5.42424362016402,6.44212378745741e-122
ENSG00000143153,4.448068144609167,1.112865278096305e-230
ENSG00000122550,2.580063839251806,4.738535846737118e-162
ENSG00000100027,2.3341934043581496,1.737533209951488e-23
ENSG00000196208,4.996870697258456,4.091138255742202e-194
ENSG00000170962,4.8002268971383595,2.006215757474998e-23
ENSG00000129595,3.9763540194605147,5.771808425498864e-25
ENSG00000131941,2.4437063018200345,5.0947504344078474e-67
ENSG00000020577,4.042650947509325,9.617856224996663e-83
ENSG00000165804,4.059449523889572,2.528125905420984e-308
ENSG00000081181,5.512924084732221,8.0589581721136905e-115
ENSG00000011258,2.0587719686979953,3.530686085832586e-135
ENSG00000103942,4.20652430756018,3.386779462263445e-89
ENSG00000124613,3.135521575826882,4.446051861447472e-51
ENSG00000106366,2.914168600973245,4.0109554548186167e-22
ENSG00000106113,2.1137764285477236,0.04853253237464129
ENSG00000233056,8.408659530099865,3.386149862578806e-23
ENSG00000066248,5.490831076753337,7.535365750489252e-12
ENSG00000139112,4.783289787986852,7.135943742098176e-208
ENSG00000169855,5.319734950601681,0.0
ENSG00000138336,5.429673007745059,0.0
ENSG00000160691,2.590907436846079,2.777650317959345e-298
ENSG00000011566,7.264045381530897,1.5349953730818174e-148
ENSG00000122729,3.3784326477343147,1.5360849660316683e-195
ENSG00000283674,2.9917794881835222,6.443606941898227e-15
ENSG00000186862,7.575081918700692,0.0033196346928445067
ENSG00000251271,4.757209975894373,2.3646892121143906e-05
ENSG00000170390,4.154499309348061,0.004065854723174299
ENSG00000155380,2.412912395263818,0.0
ENSG00000135835,2.503963503529911,1.5712823422296412e-09
ENSG00000076356,3.0686668318276102,2.1124832016550532e-13
ENSG00000275004,2.962339324070261,5.322691877822146e-64
ENSG00000153208,3.223581404715417,3.141476000397824e-29
ENSG00000272851,3.4574941774854606,2.8748426281793267e-06
ENSG00000159374,5.629189174809722,5.206817031727223e-10
ENSG00000254221,3.57717495638192,7.378265478168671e-12
ENSG00000196090,6.140883544051591,2.725430643525067e-15
ENSG00000170011,5.472623055808267,3.2701051182454173e-05
ENSG00000167525,3.023372276127004,2.6019547838705903e-42
ENSG00000187122,2.7926109972326008,3.152363928903586e-07
ENSG00000156966,2.3820748477620355,1.0821901446766026e-158
ENSG00000186026,2.0649488363432402,4.852131338296649e-08
ENSG00000096717,2.0208026458268953,3.4624337670006106e-119
ENSG00000078114,6.8331700446105526,1.529838716474397e-49
ENSG00000137393,4.68943222190237,2.423733625251658e-59
ENSG00000134709,2.2902956497480775,1.4387054898901268e-100
ENSG00000119782,6.676793574836305,1.6185497255878521e-18
ENSG00000279821,2.5066517825964563,1.0848604710816896e-05
ENSG00000275719,2.8186938466047433,0.0029861057632628494
ENSG00000127578,3.7344984861452746,2.0452045803432664e-32
ENSG00000101751,2.103553961015395,6.669470539176854e-56
ENSG00000092758,6.492989636026511,5.394944018184468e-157
ENSG00000125170,2.9798236486508127,3.2644317782841514e-77
ENSG00000258457,2.6064494214035197,0.008585696827876084
ENSG00000175175,5.000729680855168,3.357975272233106e-91
ENSG00000173406,9.626895378581859,2.0275788465856885e-11
ENSG00000142798,4.749377926090894,0.0
ENSG00000091262,2.500004786630519,0.0022929397622581255
ENSG00000114812,4.9322908135327985,2.6334880005429884e-28
ENSG00000138640,5.95306554328425,3.4822853916368044e-70
ENSG00000196782,5.674139001336883,2.152313558351853e-49
ENSG00000112182,4.834946438154053,5.987252180214477e-41
ENSG00000162706,11.465445622901678,1.10221035887435e-05
ENSG00000175600,3.1420075451980494,8.599316800145144e-08
ENSG00000157833,4.051580317579592,3.790739302788312e-109
ENSG00000181007,2.4351057754888856,3.772979993769771e-47
ENSG00000120820,4.181798907479249,3.920348555808958e-15
ENSG00000057019,3.1558457614272344,4.522433069982391e-253
ENSG00000137831,3.289997045194611,3.983111269479367e-107
ENSG00000196950,4.0597563025684495,0.0
ENSG00000101134,11.153832011815997,1.8994516808609093e-05
ENSG00000163959,7.305823188453764,4.1416591790228276e-07
ENSG00000114554,2.0032371444078554,9.125965091536276e-160
ENSG00000004660,3.484528685283855,9.367727831528596e-39
ENSG00000165997,2.086163753371462,1.4037474110743693e-164
ENSG00000138161,2.2667661879068217,1.4822726152486704e-22
ENSG00000091844,9.667718059185232,1.6266303599764584e-11
ENSG00000149571,2.7558025123893946,0.005851951765093227
ENSG00000162188,4.997625898003486,9.479057201015808e-08
ENSG00000171368,3.5324025533079597,6.539473791540333e-08
ENSG00000232258,5.814714186878431,0.019546126288514244
ENSG00000070019,5.04630170105089,1.904876418150383e-13
ENSG00000164061,3.844137576001092,2.1787018475834384e-53
ENSG00000100504,5.182294257031134,2.433633298464859e-154
ENSG00000176463,4.292509065681987,5.069727573344279e-63
ENSG00000078269,4.443563699024377,4.415488064943932e-113
ENSG00000117598,10.602841578073283,4.757718180715255e-05
ENSG00000116667,7.910477846786915,2.6473903299090884e-93
ENSG00000105877,4.583313550840305,3.045662514078563e-34
ENSG00000166924,4.341606776060796,4.631001556983677e-25
ENSG00000280143,4.34342557612733,1.4750011061455515e-16
ENSG00000099864,4.441156856940261,2.3339165070553646e-52
ENSG00000114378,2.0959274444079123,7.725271587946154e-05
ENSG00000157542,9.266849799355082,0.0003653360174461619
ENSG00000146205,2.1762045389395546,3.2025822977446323e-12
ENSG00000145623,3.9555029957117567,1.6281453180536113e-17
ENSG00000182986,2.755353403643591,2.420661447191717e-10
ENSG00000142273,7.002423967767491,4.046165536205061e-25
ENSG00000236404,5.636118612018948,1.1472257695779065e-12
ENSG00000249846,2.107681374177811,0.0022528193124335817
ENSG00000271888,2.0458992348577003,3.884407445654718e-06
ENSG00000234678,3.735667735898634,1.1949344625754375e-09
ENSG00000189409,5.878575025128949,0.01856248268919113
ENSG00000285816,6.208358589202317,0.013831332936098643
ENSG00000105270,4.798636443023414,2.235665832266601e-93
ENSG00000099625,3.6775259160314846,1.2323216220513877e-60
ENSG00000178226,2.0541765689135913,0.009314078307784864
ENSG00000204991,5.253290906101432,6.602969615606735e-42
ENSG00000165091,2.291846912032382,0.00026599895385455105
ENSG00000143674,6.366086359783164,5.809839631276946e-129
ENSG00000117013,3.654274122144395,3.766392357640847e-21
ENSG00000103044,7.172315698603556,5.223462483139287e-177
ENSG00000196132,6.698163043412481,3.7759307297508487e-06
ENSG00000175183,9.115855216222414,4.883709138393915e-69
ENSG00000114790,8.052289346029243,5.035486319344138e-34
ENSG00000171444,5.4378324541924234,1.6123219724629796e-137
ENSG00000179954,2.4867336251466194,9.401759519178101e-07
ENSG00000095397,2.632929665598688,7.337838004949124e-23
ENSG00000173402,2.7453329073906487,0.0
ENSG00000240086,4.881125349972863,0.03827431600537077
ENSG00000205476,2.799546742643282,7.357267521779524e-117
ENSG00000203799,3.8342356099603854,5.385526864244633e-08
ENSG00000112290,2.1409817284391353,6.845634233286954e-59
ENSG00000116285,2.7801746517512926,2.0670753364488795e-123
ENSG00000162522,6.567855004191069,4.721770354184083e-289
ENSG00000162437,5.048270350324308,1.6095267295308101e-112
ENSG00000145794,9.205281173370846,5.949695493852853e-62
ENSG00000266903,3.1217452361224174,0.001977423565360874
ENSG00000105137,8.89291391893449,5.452406521446613e-18
ENSG00000167964,3.13426980648716,9.662197643482508e-09
ENSG00000106992,3.468645935960401,7.818801942879445e-07
ENSG00000100626,6.717664127248,9.230892509328607e-19
ENSG00000277363,2.685021177748469,2.4387353782989943e-17
ENSG00000103740,2.2436498208623608,1.499856365310468e-10
ENSG00000176371,2.0891478140360396,2.420815941462964e-53
ENSG00000157992,3.8531894937984714,6.104338804678984e-49
ENSG00000104892,2.654976900440399,4.305147686410764e-07
ENSG00000103089,2.6272435322491132,9.013217349526387e-06
ENSG00000131951,4.859250879750987,1.4628033286012333e-05
ENSG00000170703,4.775283423702753,1.808290103477964e-13
ENSG00000281406,3.6573202038789834,6.322104834778687e-15
ENSG00000282381,3.429322051418934,1.1818085737175134e-05
ENSG00000153246,5.106533613909606,8.093953624074573e-05
ENSG00000183091,4.965106588477015,3.5430846350794256e-52
ENSG00000180720,2.781064813259248,0.006277907299599812
ENSG00000196323,2.77776523238262,0.0
ENSG00000162069,8.22987275454597,3.024584157971926e-22
ENSG00000157423,3.5033566561634513,0.0005562165293314839
ENSG00000113269,7.34146185599707,7.1131010550479376e-99
ENSG00000141198,4.360433010245695,1.3835149510090166e-142
ENSG00000129194,5.662665979340345,6.755814922266669e-26
ENSG00000122378,2.063036920806106,2.855655737495232e-71
ENSG00000138798,4.282858319853468,1.594541306739361e-11
ENSG00000203668,2.2531341971261343,2.6896428770665023e-200
ENSG00000157741,2.2757418004483525,8.36875865136559e-163
ENSG00000080854,6.841141124472498,2.012439292168288e-116
ENSG00000064763,4.722477583073152,4.1933575731761296e-72
ENSG00000070159,3.5550412136088676,1.791049748511671e-31
ENSG00000104497,3.07284472923882,2.4208263192115193e-52
ENSG00000249406,5.405910544462269,0.026804296721709493
ENSG00000234261,6.927714166409824,1.3572704354493334e-15
ENSG00000224506,5.773936142254722,0.020133984334388535
ENSG00000089847,4.346300444874038,1.1732418085050042e-76
ENSG00000139269,3.5336054730193602,3.86410078888357e-26
ENSG00000242759,10.180260518840562,9.295909213480725e-05
ENSG00000117139,4.204566615894253,0.0
ENSG00000158859,4.867998224185153,1.1942502899358127e-53
ENSG00000146904,8.95155873236993,7.462055706257317e-145
ENSG00000176485,2.694961982010753,2.761200131559429e-103
ENSG00000142089,6.168598448371125,1.2755631526265975e-143
ENSG00000164176,6.781875211705403,3.111778640544257e-158
ENSG00000267265,3.430383349709099,1.4855004824013723e-06
ENSG00000172687,2.3841278642017447,1.7744313857569e-84
ENSG00000198363,3.1780225255922554,4.109959033156263e-164
ENSG00000128965,2.5156504339783146,2.3191513394554324e-39
ENSG00000128045,9.100178850267536,3.3100374707500525e-52
ENSG00000153157,5.24242878492207,1.4886068611908294e-08
ENSG00000157064,6.1512578104327345,2.6570701686592836e-102
ENSG00000163467,2.1568851304906156,0.023056944555935478
ENSG00000146648,3.8372734217919056,2.117920577015966e-34
ENSG00000142192,2.2446490169569175,0.0
ENSG00000186907,3.9637320699587533,3.069933379333826e-63
ENSG00000101460,2.8676999343986393,1.9471532526509046e-06
ENSG00000259933,2.7642705371684864,0.028252531287101926
ENSG00000135048,4.756499543108149,0.0
ENSG00000137463,4.724744196351453,0.0012256930098563012
ENSG00000197283,3.0548513042936594,1.0313150854781856e-258
ENSG00000157870,2.4504729253519573,5.633811103623814e-63
ENSG00000117407,2.971913361755946,5.88667633462586e-25
ENSG00000116005,2.7919376430792178,9.610979296666585e-149
ENSG00000164199,7.3996190528228425,2.751531343956402e-254
ENSG00000181350,5.514378984341031,4.411664152655548e-26
ENSG00000138606,3.6224916644716285,4.8642223374517425e-53
ENSG00000172830,3.607517854692673,1.0360528653342419e-48
ENSG00000276071,3.222516186076054,0.00014523186721634483
ENSG00000136237,2.1588762246815456,8.574506617095124e-63
ENSG00000133958,3.1220925964656288,6.786606192161613e-24
ENSG00000178996,3.452681154257338,1.409483542714229e-94
ENSG00000165929,4.5062102923566085,1.8880326651013708e-140
ENSG00000178404,5.949833402698303,4.481299487530492e-05
ENSG00000168785,5.3180955982397204,1.5146939270989194e-87
ENSG00000153814,6.205528026420576,1.2001151052521777e-58
ENSG00000157224,2.8574675526300783,7.009895721529488e-110
ENSG00000151692,3.9135523079616394,2.0086373620056204e-94
ENSG00000115183,3.5937345259653948,9.585363879266909e-71
ENSG00000183723,6.758668479062441,1.0533591590479061e-200
ENSG00000181234,5.655242850432464,0.00010899664196056833
ENSG00000206557,8.611205267111146,0.0
ENSG00000170522,2.9720609431116864,5.222731978228388e-255
ENSG00000178568,2.311448494064966,0.0022111607208845814
ENSG00000250994,3.1058338725123753,0.0009273704237322615
ENSG00000169862,7.832889697385055,4.099708431629172e-26
ENSG00000122707,5.475539640100638,1.0432904555784457e-42
ENSG00000067606,4.860298932897237,2.1953655659794083e-126
ENSG00000143156,2.575435129612003,3.4776524877595606e-32
ENSG00000100122,4.528032028623134,8.181552437068976e-05
ENSG00000100196,5.110586677718878,5.252420567951683e-18
ENSG00000253910,2.7852635612982146,1.225441242189861e-08
ENSG00000103034,2.5110810759491127,6.000070321019459e-40
ENSG00000147601,5.399746283398782,0.0
ENSG00000164929,4.3613816368618465,3.861598299549827e-07
ENSG00000006740,4.636130345344007,3.8983580835408642e-112
ENSG00000170190,2.150086123916641,1.5560803763956664e-26
ENSG00000220161,4.900941727440592,0.03779380099727129
ENSG00000079393,2.7665731676170546,0.011986350977713433
ENSG00000119888,6.559110034386896,9.702900047150769e-282
ENSG00000149260,6.1818454418870346,9.37342562752441e-91
ENSG00000254122,2.2053104872921296,5.3362735174937514e-20
ENSG00000260719,2.026173859847998,1.9643611634880783e-08
ENSG00000140832,9.336146386874136,1.3059528443716384e-28
ENSG00000111110,5.761954858531351,3.0146734984793364e-252
ENSG00000158163,5.384145755599577,1.790934632358651e-20
ENSG00000066629,8.028813818009363,2.145627077214258e-46
ENSG00000246792,2.5445281025154434,4.904992972402969e-07
ENSG00000184428,2.371935334240823,3.812726021594222e-87
ENSG00000120594,7.122912568186517,5.317950260941591e-165
ENSG00000118407,2.562059835903084,5.328876530922031e-21
ENSG00000117154,8.211225509289632,8.066407685944895e-29
ENSG00000127377,4.604622234302065,0.001632991359417188
ENSG00000149256,6.017781270741928,3.327901320397094e-30
ENSG00000253537,2.3744548504609337,0.0004931757882437904
ENSG00000239482,4.926988044319858,0.037241454134989485
ENSG00000165821,5.6539398220249,0.0
ENSG00000197472,4.58746282132705,4.442636871711043e-48
ENSG00000197959,5.005008342481242,1.4248035418034888e-42
ENSG00000160201,2.5839255384929203,9.867080587987097e-09
ENSG00000110076,5.207085413466062,7.077426831590902e-49
ENSG00000165914,5.328562036946098,4.264175711012228e-59
ENSG00000117479,2.943434104835563,3.381158663547134e-86
ENSG00000133401,5.519926818117397,6.36122004835903e-06
ENSG00000051128,5.672999513672729,1.3561937386663751e-28
ENSG00000105499,2.2062602931417903,2.535282943476509e-10
ENSG00000087258,9.11731771396125,2.042810469659812e-52
ENSG00000177984,2.151715716219088,0.04785114830916427
ENSG00000231806,7.084988409076637,9.609644235051505e-07
ENSG00000136603,4.00176946933676,0.0
ENSG00000181031,3.5672985816934495,2.1344343002786933e-14
ENSG00000166922,3.4417608867496168,1.909554825485615e-27
ENSG00000116670,2.0196797460460063,2.1074356143752725e-136
ENSG00000172346,3.852715744663252,1.408128322668785e-10
ENSG00000248405,5.763770422641087,0.020312034312099048
ENSG00000254004,2.126220404406333,6.125346701424472e-88
ENSG00000129538,2.312551596732483,0.00020845170796133654
ENSG00000260949,2.334234264635836,0.000912684262825159
ENSG00000186868,4.284141814916139,3.2381980820931946e-09
ENSG00000128805,5.743806115703629,3.849681783381268e-32
ENSG00000148737,8.011688667679914,8.22712928484803e-133
ENSG00000117643,4.671646355130865,9.546303540734275e-41
ENSG00000159307,6.447708090631888,1.8956685233384164e-24
ENSG00000092421,7.534937560324049,0.0
ENSG00000227115,4.7583848979308065,0.041236537098199896
ENSG00000166503,2.0258840978650166,3.182926074712137e-157
ENSG00000143819,4.27464610266931,1.5271672367737995e-157
ENSG00000122786,8.1863479821654,0.0
ENSG00000172554,8.8935281873957,5.881478714663334e-10
ENSG00000114796,2.042288011012478,3.4204436156716644e-60
ENSG00000258565,3.010440701337359,0.021929037205736343
ENSG00000100600,3.718776727558368,1.7165284805398928e-130
ENSG00000157800,2.1911588777332494,7.660946843372287e-74
ENSG00000154639,9.357319651272364,2.1529127233223732e-211
ENSG00000179168,7.581165776777714,0.0032945437535608327
ENSG00000134769,6.048887378873271,2.332839092631942e-88
ENSG00000155980,2.719556538714502,1.7227457425587714e-110
ENSG00000073712,2.0771933111900585,5.641095693200677e-150
ENSG00000140443,6.7036336427012335,0.0
ENSG00000260641,5.278169827875729,0.02940810347052103
ENSG00000174469,9.93836385237983,1.9770370868258678e-102
ENSG00000169047,3.665068519433886,1.0896667382407369e-268
ENSG00000132329,2.516729388692056,0.019376794458228725
ENSG00000174705,5.191992146309633,0.0
ENSG00000173093,5.2173058524872165,0.030825943787492763
ENSG00000100979,3.22861001942485,9.681585604223511e-214
ENSG00000180304,2.6028707079601925,9.254146078463094e-252
ENSG00000173269,3.2055576616467993,2.1198399719520368e-05
ENSG00000069020,2.41713739280014,8.432195671484728e-21
ENSG00000084444,6.35556859900822,3.074143189628645e-114
ENSG00000101335,6.257745011676111,6.374826068990936e-247
ENSG00000101384,2.8203402160189426,7.612081398747027e-124
ENSG00000059915,3.7569308279007556,5.127210636955231e-26
ENSG00000111962,4.05759238581317,2.80391542230328e-176
ENSG00000235790,4.043773566487617,4.809255280928624e-05
ENSG00000064309,6.239957511686211,1.6163114081563444e-122
ENSG00000250519,6.979017583115569,0.0064362781782608776
ENSG00000135447,7.899820645664577,4.041631956310108e-08
ENSG00000088305,8.718184745364352,0.0
ENSG00000095383,2.1406166110579243,1.1978606107774334e-19
ENSG00000071282,3.4081584140249928,5.34623856706928e-44
ENSG00000088543,2.5138642982328117,1.3435510867185129e-15
ENSG00000108352,2.2392005820510748,3.204137862194923e-36
ENSG00000099953,4.651849616234347,2.2403657072697737e-30
ENSG00000128242,8.210795693867611,1.1199716259675056e-08
ENSG00000151376,2.1900640265242393,0.000662518487161127
ENSG00000113319,7.301143974012689,3.8612090621924477e-112
ENSG00000173809,3.3004861821920404,9.347531628946021e-05
ENSG00000095637,6.227209322125201,1.3948215576847032e-166
ENSG00000204385,3.3928493153328376,1.884166559487633e-10
ENSG00000019505,8.388600104118453,4.752542663369038e-30
ENSG00000198003,2.7408239190252774,5.182497466109389e-06
ENSG00000139200,7.123318301178981,3.0300822042056753e-21
ENSG00000074527,3.5978160484292125,1.2061607984471837e-07
ENSG00000059804,4.867319322249749,3.097212058243744e-185
ENSG00000136848,7.2680007163038045,2.1338971294040456e-158
ENSG00000156052,5.873577389969635,4.392799657648027e-268
ENSG00000160145,4.774588381372242,1.4041089596161965e-38
ENSG00000164418,6.09044787363388,2.912313672215865e-05
ENSG00000196376,7.230583196476988,9.79789889554247e-37
ENSG00000196482,9.054260046609688,0.0004958224576990831
ENSG00000073008,2.142464392750144,8.368012294371006e-30
ENSG00000156968,6.068083303869097,5.704843554161888e-34
ENSG00000072134,3.099957434010804,1.5552804072833323e-122
ENSG00000129214,2.268326728376428,0.01911913501472931
ENSG00000099284,6.7278791429148885,1.1687127778800264e-14
ENSG00000158816,5.225096033452705,2.4502086321883033e-06
ENSG00000136205,3.372981109221593,1.6590930994803806e-146
ENSG00000172965,3.5958679636313278,2.3739340579144564e-15
ENSG00000148948,6.881745886074349,0.007144134688560441
ENSG00000253485,2.21571585334454,7.301738047989283e-05
ENSG00000214357,5.283989049728391,1.4356716968430395e-53
ENSG00000167642,3.1099030727941934,8.821751803097379e-201
ENSG00000223547,2.4874327937296763,6.356599907135738e-41
ENSG00000144868,7.659114832771829,3.2250141962841694e-19
ENSG00000270607,5.7933154299499705,0.019843861486016693
ENSG00000198093,2.2587333187592495,1.222661962653948e-64
ENSG00000139971,10.415085622281337,4.0214658189584893e-13
ENSG00000107679,5.699893325085494,1.0625458928848806e-131
ENSG00000143627,4.529351047755937,6.638514944734217e-12
ENSG00000134369,5.545242508311839,0.0
ENSG00000091136,5.645095287538421,1.5441159147753336e-24
ENSG00000130226,9.02188285365614,3.3333990045536673e-10
ENSG00000123989,2.0451317748618325,2.6819544138311707e-99
ENSG00000167733,2.1669160667999425,1.3598125551228746e-07
ENSG00000103534,4.697375483036287,2.665065728039134e-11
ENSG00000166845,2.5425039150401796,1.5487794034873795e-99
ENSG00000163558,2.925229857305002,7.180005156343428e-275
ENSG00000082781,7.9771376896049775,0.0
ENSG00000134013,6.178786121885836,3.489312519710267e-144
ENSG00000171811,5.188404717927566,1.6829681584740229e-12
ENSG00000253304,6.824364850732645,5.01543984180034e-28
ENSG00000203666,3.346531186373264,1.1759096492690942e-26
ENSG00000116299,2.496345730080105,0.0001394159465818953
ENSG00000270953,3.394676510220073,0.0032479010155843403
ENSG00000100311,3.1742005602589085,1.7037171305335233e-32
ENSG00000036672,6.135556878408674,3.9215807210359083e-25
ENSG00000129159,6.088028973628156,0.015426921514207024
ENSG00000160111,5.330124428216529,1.6462591764207985e-37
ENSG00000160352,2.9657056821732493,1.3514926785370303e-233
ENSG00000163618,9.794772609037153,8.805555065874833e-12
ENSG00000156381,3.1684119732289733,3.901094409173717e-112
ENSG00000183578,4.480026155682007,0.04819001301275725
ENSG00000112655,4.326110730553846,0.0
ENSG00000146197,6.21895917381155,5.996670522610211e-09
ENSG00000080546,2.1203981198477906,4.310443207114949e-30
ENSG00000162552,4.197481987694631,1.8966166253221247e-05
ENSG00000121989,2.8155046318955983,2.8638984913863793e-65
ENSG00000113552,4.18915513499781,6.186814934788997e-254
ENSG00000112893,2.52760512621462,1.0858572286262236e-269
ENSG00000081913,3.2432317386962914,0.0
ENSG00000280087,8.302961731702492,0.0013565953427271695
ENSG00000283154,8.473544613626823,0.001085856764714903
ENSG00000171877,3.5933005855944016,5.726016099811845e-57
ENSG00000144834,-5.241315673984013,2.7858837326578984e-13
ENSG00000183682,-2.0540405793264056,0.04077287559955964
ENSG00000127152,-7.40027353951713,2.2163471123474818e-39
ENSG00000198885,-3.953102558468447,8.967578447308096e-51
ENSG00000121057,-2.956961585895416,4.26131733154734e-59
ENSG00000185033,-2.2449572230419235,1.0961909699323328e-41
ENSG00000170684,-3.076372699921037,1.0810995066096277e-15
ENSG00000204257,-2.0903123596525908,4.174935488496545e-10
ENSG00000137193,-3.962731716201978,1.9517182161429657e-85
ENSG00000112218,-2.333498920535584,5.266791654071812e-29
ENSG00000056736,-8.684515770512933,1.0316084310880016e-09
ENSG00000144285,-9.064684604004892,9.333538212864408e-05
ENSG00000275185,-2.3780787820203058,1.2260526859732793e-05
ENSG00000253966,-2.4600147168966386,0.006369308743658122
ENSG00000125337,-6.985266133443776,1.5146546402530749e-06
ENSG00000181652,-2.266722409109877,6.984680893575351e-05
ENSG00000240291,-2.663672747993914,0.00015944927304199248
ENSG00000132196,-2.9014348222934854,5.920256400824787e-40
ENSG00000147724,-5.760108179338993,0.015277379677245973
ENSG00000260401,-4.428192302787711,0.0002826877608100035
ENSG00000047617,-4.493332195804098,3.0923236858401864e-08
ENSG00000206120,-6.071197870902419,5.085068309256655e-08
ENSG00000155189,-2.1586464411078987,3.120316400578712e-32
ENSG00000074660,-2.2322067410406925,1.4694754413860893e-06
ENSG00000140538,-5.653858295759442,6.919383197563277e-19
ENSG00000138696,-6.285640940172111,1.8653442053932168e-05
ENSG00000162687,-2.9384809049455436,5.8665359096705766e-08
ENSG00000143882,-2.2025526027565157,0.013521056757667963
ENSG00000105737,-7.910047625238423,3.467243168854076e-101
ENSG00000215417,-4.833905820926096,6.479623703173671e-49
ENSG00000113205,-2.826985780296065,3.814476851521298e-13
ENSG00000038427,-3.7870996263260923,1.481417026469181e-247
ENSG00000228613,-6.012039841240326,8.585747509497051e-08
ENSG00000168060,-7.156456273531294,7.49947432717629e-07
ENSG00000168071,-4.695487457809076,4.0875904445851055e-19
ENSG00000188883,-12.477304527768275,3.564659401668273e-08
ENSG00000165795,-6.953936931025916,1.0194727160567764e-45
ENSG00000128203,-2.1037366349343802,9.237282794093842e-12
ENSG00000134398,-5.22989052241707,5.511186764934207e-06
ENSG00000139597,-2.5173276397814934,6.234316053739392e-05
ENSG00000152413,-3.0446107929627817,6.668128945127629e-21
ENSG00000134207,-13.990845756601665,4.532816756488569e-10
ENSG00000255595,-5.5572483668788735,0.01881338136175287
ENSG00000168743,-6.458198462998557,0.006846590800477031
ENSG00000130775,-2.7160499961370532,1.3396309675273163e-07
ENSG00000087299,-2.6767832139168237,5.7991176433057866e-64
ENSG00000242182,-2.6224628694475314,0.03508795176286186
ENSG00000227811,-3.047613994239058,1.0512914339138231e-08
ENSG00000138944,-12.402622871556678,4.139827620846322e-08
ENSG00000070601,-4.127334973444014,7.375760780464267e-05
ENSG00000048740,-2.037983374012466,2.5618013748050946e-19
ENSG00000169435,-4.5237946663754665,0.0026148461246823748
ENSG00000255236,-3.043299454042532,0.023758118274933765
ENSG00000140332,-2.1954518316489127,4.417615505097329e-09
ENSG00000171105,-3.036493553736355,1.4678382321307049e-18
ENSG00000267327,-2.848605306407879,0.0030785219185650867
ENSG00000179059,-16.489338182321408,1.299965053624876e-13
ENSG00000184672,-7.490069214896523,0.0015704772733705638
ENSG00000124440,-4.56061546253879,0.000280024819232208
ENSG00000163814,-3.882463529273174,6.4113896726621735e-22
ENSG00000111266,-2.8146989410714163,3.969758024217702e-72
ENSG00000283403,-8.194641445080284,0.0004720699149236727
ENSG00000214455,-2.042130468358013,7.575672806601433e-06
ENSG00000157703,-6.783168843634036,0.004448266527784104
ENSG00000196247,-3.0384856313735735,2.46418436738686e-73
ENSG00000138821,-5.003462492999513,1.661110582535868e-08
ENSG00000156140,-6.256321528532575,6.003610983097478e-27
ENSG00000255389,-2.7089780085695687,1.7517399095719256e-05
ENSG00000157445,-3.605109008591073,3.367979411796452e-07
ENSG00000144550,-10.141931593425594,9.748818933535728e-06
ENSG00000187942,-2.47490799936239,0.0019501630879749043
ENSG00000097046,-2.1571376137631453,1.2980927549327732e-12
ENSG00000197892,-3.034278147159094,1.540963451744335e-44
ENSG00000239857,-2.2506453239873996,1.7659545739841377e-15
ENSG00000136286,-2.1934266604493224,0.017222350314069587
ENSG00000101198,-6.987620587568382,1.0104731242645228e-10
ENSG00000235109,-3.185782848464726,2.4370487021188947e-20
ENSG00000134247,-8.653252470580894,1.3926489812723462e-69
ENSG00000173227,-6.452539767448846,1.6896831715291464e-18
ENSG00000273691,-2.293652390685861,0.016859011581351512
ENSG00000140557,-6.406562184525889,2.663730578523523e-12
ENSG00000204659,-2.290987413095899,0.030284213873147538
ENSG00000123612,-3.250692090250062,0.00011725593929851137
ENSG00000187605,-2.22533175137534,1.2543490216391444e-71
ENSG00000164985,-2.766376619997902,1.1813139051363045e-30
ENSG00000161267,-3.764692795525793,1.660533375169798e-45
ENSG00000159023,-3.372262070389171,1.3589603264700674e-16
ENSG00000170382,-9.650239778582621,2.8389498821633696e-05
ENSG00000258603,-4.4993856943678665,0.002623133306354255
ENSG00000272180,-6.001704238175426,0.01176112683632194
ENSG00000204650,-2.3004084582144797,2.7234408118356042e-45
ENSG00000101017,-2.0539918092773344,0.0002382769616777199
ENSG00000198929,-3.87423443038924,6.675750700133612e-39
ENSG00000275216,-2.926823605723218,0.0012656562508951887
ENSG00000070759,-3.0022609844725423,6.001099980076409e-35
ENSG00000147804,-3.202707004666406,2.8389498821633696e-05
ENSG00000196872,-4.250209394354223,0.047327556989259084
ENSG00000197299,-3.0997731698336426,7.931647279112833e-35
ENSG00000261087,-2.4148856215039043,4.489899040022611e-05
ENSG00000274925,-2.4654054616187056,1.0986591433876194e-10
ENSG00000189283,-3.242134783314887,6.95303715998573e-05
ENSG00000260971,-2.8614545753249288,0.013280827189131306
ENSG00000176092,-8.77311472504295,2.6691284378408043e-24
ENSG00000186409,-2.1347662177386093,0.0002751132100909726
ENSG00000172794,-5.548103570409411,2.1477483448943673e-15
ENSG00000125246,-3.7185897401821157,1.3073807274389991e-20
ENSG00000155846,-6.094762895868304,1.7974706844544066e-88
ENSG00000165646,-11.840385959200917,1.7667097261154144e-07
ENSG00000115687,-3.066416944813332,1.210126113910529e-34
ENSG00000104059,-5.710086834364544,2.3811665072889017e-48
ENSG00000166831,-10.235034664517174,5.160388150855676e-118
ENSG00000176533,-5.436524105689055,2.0855486874877037e-35
ENSG00000182866,-14.355766801388146,1.5636960104776518e-10
ENSG00000095002,-3.0912867182763115,6.523262529494639e-57
ENSG00000231918,-8.123909109083936,0.0005450429676722258
ENSG00000181333,-4.50560673921812,0.04116104447587714
ENSG00000166257,-4.650682203884141,5.130791121663874e-06
ENSG00000166473,-2.3533445218272404,6.198749223621975e-08
ENSG00000237440,-2.5574257350383136,5.7630033035581326e-36
ENSG00000121380,-8.731084801410493,0.0001786822823757664
ENSG00000119139,-2.6777268865190256,5.624397183291857e-12
ENSG00000112599,-2.0580197968679452,0.006353173653812206
ENSG00000136982,-2.601700728999986,2.0106571350086934e-21
ENSG00000182263,-2.698904175256792,1.3261193888268243e-16
ENSG00000140451,-3.7732334398014813,6.931721961075169e-43
ENSG00000105173,-2.324507363423239,9.367974622525274e-43
ENSG00000118557,-5.554497931191481,1.001078814450758e-06
ENSG00000235560,-3.3024818088467898,5.255344512449784e-10
ENSG00000183166,-13.347214191250847,3.1047263689015377e-09
ENSG00000113231,-2.3677469406962794,0.04344823225356929
ENSG00000260903,-8.646630354011918,1.5782924067186964e-09
ENSG00000249550,-5.271251172316772,4.487825670890644e-06
ENSG00000196139,-3.6968999615644433,3.255450323232263e-05
ENSG00000196812,-2.6320142139297826,7.774331255002769e-13
ENSG00000132849,-2.6633479481779356,6.876993732130754e-20
ENSG00000137642,-7.4594611842375675,9.430665873862293e-143
ENSG00000173258,-6.7790945030409,6.987849342330623e-218
ENSG00000107518,-9.198103460787772,1.2728482625767794e-18
ENSG00000162409,-2.517529411896751,0.016299322527312882
ENSG00000180035,-2.0023295673266546,1.530835321577282e-38
ENSG00000164687,-2.1620275663949835,3.2568238088590344e-05
ENSG00000071073,-6.903487835838741,2.7459005866085035e-26
ENSG00000131746,-3.5573209537116783,0.001003233928539179
ENSG00000131771,-10.974177770408895,1.4767380473973667e-06
ENSG00000273786,-2.0269816405100687,0.016666296782452045
ENSG00000103550,-2.335456365102529,3.2738921065348476e-54
ENSG00000145536,-5.436962561574986,2.2983385510683875e-07
ENSG00000250320,-2.4223410676411663,0.00655802959236057
ENSG00000186472,-3.397588834215209,5.9105912865155416e-24
ENSG00000107443,-2.913629863537641,6.26882794879259e-74
ENSG00000114541,-5.370299162155155,1.2932418757745245e-23
ENSG00000162769,-3.512672624446965,2.1866509318260234e-101
ENSG00000227838,-10.199312867476962,8.55621047272275e-06
ENSG00000133247,-2.1681290833928153,2.2139866703122896e-29
ENSG00000178078,-3.271960504397961,4.927374026962115e-09
ENSG00000136231,-2.4091932326486405,6.356275974793699e-51
ENSG00000112379,-7.2015495866024635,4.172385786218455e-103
ENSG00000134463,-3.7306292914524337,4.0304533820460686e-11
ENSG00000145020,-2.7761229825692157,0.0002787047751935562
ENSG00000143190,-3.2223348716994415,2.968321011216838e-55
ENSG00000229955,-3.8072678260900243,0.00022714346913447963
ENSG00000181211,-3.3630704815700025,0.00024925099170002035
ENSG00000272168,-5.578546808595836,6.1292499210489106e-52
ENSG00000230002,-2.669916584200663,1.0783880869906331e-11
ENSG00000204634,-3.4488729687924864,2.461240744405863e-47
ENSG00000143318,-2.5475295169291177,0.003203414244165401
ENSG00000198208,-3.439844776962894,2.271895852496427e-25
ENSG00000139890,-2.3257742175917135,0.0008625980165865971
ENSG00000275902,-2.311904767658774,0.009361092554277807
ENSG00000154065,-5.135630740932933,1.0590325864417428e-12
ENSG00000006459,-2.4346779624373482,3.302861089813242e-26
ENSG00000145920,-7.028073869345865,0.003206041835577331
ENSG00000241697,-4.716580763103188,4.788643497554267e-49
ENSG00000138185,-6.421209814362502,5.2666558178566676e-09
ENSG00000112118,-2.1349787217255214,5.321196312892495e-18
ENSG00000088280,-2.076868166023559,1.1026037210701087e-13
ENSG00000239218,-3.166179157444025,7.538813673937219e-20
ENSG00000147481,-4.713669971079123,0.03603939842043556
ENSG00000174292,-3.6565648313532346,1.5146312766382943e-26
ENSG00000102981,-3.605815037294104,4.700254551714081e-24
ENSG00000215483,-5.589016091179518,0.00017286573313046364
ENSG00000120049,-2.316025865161548,2.3326008339481828e-08
ENSG00000207697,-2.5311250348739542,0.0063133257547989974
ENSG00000085831,-4.504914512883904,2.0179626600670695e-13
ENSG00000165061,-12.648192531222207,2.153577227219985e-08
ENSG00000144354,-3.044452746113396,1.5109451464419243e-38
ENSG00000248671,-3.152496056886791,0.02104815105206827
ENSG00000205363,-3.1319480174430945,1.9816054104029805e-08
ENSG00000142347,-2.502167982921346,3.7990032061343035e-05
ENSG00000197961,-2.6507440635106327,1.5666743529491705e-68
ENSG00000182050,-10.613901837016016,3.3799987424187317e-06
ENSG00000028137,-2.465264184856386,1.0994501447422806e-08
ENSG00000183117,-10.580483883748503,3.7613387719001716e-06
ENSG00000104081,-5.315095774283435,3.75245905997118e-70
ENSG00000149922,-2.7587670209369075,5.944876047204193e-07
ENSG00000122986,-4.373211142417331,4.054329697117184e-13
ENSG00000147894,-2.5825649967731645,9.138579270191326e-22
ENSG00000225330,-2.3504325651714337,0.016473045459996217
ENSG00000185065,-2.0986921685936104,0.0001029750983396101
ENSG00000170745,-3.4972955206877216,1.2059127877421486e-23
ENSG00000213160,-5.082366943545693,4.821282625799411e-40
ENSG00000167434,-5.126060764374229,2.100393244268268e-07
ENSG00000160439,-2.9881523048782994,2.0929433532760502e-41
ENSG00000276916,-2.186631907930843,0.00802247553453811
ENSG00000276672,-2.346763999364446,1.0674974940353327e-09
ENSG00000139988,-7.436513363462705,0.0016967479503951124
ENSG00000104327,-12.758957451436588,1.5925032256347397e-08
ENSG00000248538,-3.0394088063626565,0.02396755380659534
ENSG00000214050,-10.009842602472153,1.2998430751228347e-05
ENSG00000230927,-3.8414556342755564,0.00862416362109745
ENSG00000152926,-2.841569203046659,9.436042777366146e-28
ENSG00000206535,-2.138915764058523,3.6119470945119724e-13
ENSG00000203943,-2.458565702877648,0.0006311263895398834
ENSG00000092068,-3.2648074464144567,1.5200083819918218e-34
ENSG00000159212,-9.10106134600722,8.78770156581358e-05
ENSG00000128298,-6.009148326019264,8.260733087395184e-16
ENSG00000103316,-7.4080285429070125,6.38004344113886e-17
ENSG00000120685,-2.0778583020552217,2.6713434387149993e-72
ENSG00000155530,-5.249067637829216,2.0330281676157608e-15
ENSG00000163449,-5.307114711269028,9.169142782644702e-12
ENSG00000101144,-11.252596856713083,7.594643290461333e-07
ENSG00000167588,-2.648824982122412,0.0019178659207103243
ENSG00000188770,-6.146569291002166,0.010184419852571298
ENSG00000197124,-2.9466022337687314,2.039372543712006e-23
ENSG00000134758,-2.32651191622212,2.757053107162977e-50
ENSG00000170561,-2.8348862640795645,2.8592211229658745e-29
ENSG00000136895,-4.5092884901697925,2.0810053356883447e-33
ENSG00000163568,-6.028278363786583,4.500245612567445e-05
ENSG00000081052,-5.156368602588324,3.1672346235167503e-12
ENSG00000280780,-10.187360912501395,5.726418845254181e-13
ENSG00000146021,-3.1238025279911907,5.986491686321188e-11
ENSG00000143850,-2.5860769897163314,2.151319458789315e-38
ENSG00000133740,-4.031429979331257,1.3311567273612265e-32
ENSG00000007402,-8.605194538318639,5.364294455330232e-37
ENSG00000223704,-3.100026241475819,0.022651793089056058
ENSG00000100105,-2.050873803767994,1.325459373164381e-43
ENSG00000186684,-3.396526810583304,5.836246854019076e-16
ENSG00000121101,-2.899151357250011,6.320072588116005e-05
ENSG00000176920,-7.6692177272144315,9.330669291448909e-08
ENSG00000276136,-2.342267719682676,0.0032717465597702786
ENSG00000248740,-4.762644491432755,0.03491069944467052
ENSG00000271945,-4.722115562876245,0.03609672101636225
ENSG00000100473,-13.510369417841995,1.972809635299779e-09
ENSG00000163251,-5.589026862148253,6.2873781457750856e-83
ENSG00000103710,-11.733628451584773,2.308211992917956e-07
ENSG00000172264,-3.044748036900268,3.6389815336156575e-07
ENSG00000057704,-10.639314945105353,3.184797651404402e-06
ENSG00000203867,-7.022555542171171,0.003327998113737834
ENSG00000145103,-8.563515632428174,0.0002406140641631543
ENSG00000156869,-2.933119353055349,1.2670014989187602e-15
ENSG00000170500,-5.4577360976165545,1.4481681400494452e-08
ENSG00000259682,-2.2712952862468514,0.0044826022905764765
ENSG00000221887,-5.2530258586002985,7.59240907871701e-06
ENSG00000088448,-2.3865003920837924,2.1506251171437133e-76
ENSG00000185306,-7.588010568712008,0.00140745010633561
ENSG00000138316,-4.689781532707436,9.841361357469405e-23
ENSG00000240668,-2.1404540826781053,0.00018347089499509142
ENSG00000196405,-3.7153438276241046,7.449278068005724e-20
ENSG00000154975,-7.271372179698746,0.002190525339853559
ENSG00000164591,-7.49439898854891,8.882208557324463e-37
ENSG00000152939,-8.420999752771872,1.120276536617881e-59
ENSG00000234911,-2.4847848879805894,7.031664158342044e-07
ENSG00000138061,-7.195735336546707,2.4581065744315732e-20
ENSG00000124839,-8.751523506336188,6.981022778816084e-78
ENSG00000260648,-3.0874017590547562,0.0037671438088195575
ENSG00000167680,-7.88502036808173,1.9302301494275042e-24
ENSG00000213316,-3.373770761120516,0.004337605848610923
ENSG00000112759,-2.4989662535589945,5.685116197256697e-20
ENSG00000227704,-2.05786410090178,0.019348816855604047
ENSG00000231181,-2.13526452117708,0.005911750167940179
ENSG00000258904,-2.076695743115126,0.005404842518656808
ENSG00000054219,-9.285510083844228,6.0790399513864325e-05
ENSG00000234899,-4.762644491432755,0.03491069944467052
ENSG00000155849,-9.057235813425661,6.492036198138988e-26
ENSG00000205838,-4.174931324822896,6.712783795732311e-05
ENSG00000170681,-2.8358483812074473,1.5167431801565637e-17
ENSG00000196345,-2.823157793766871,2.9379141197391856e-08
ENSG00000230426,-3.7508243462436694,0.009870703072509333
ENSG00000272033,-3.2842593799037254,4.836092606302612e-09
ENSG00000116985,-4.388970989988496,0.00023815049989544176
ENSG00000131969,-12.372057722037853,4.5083242826293423e-08
ENSG00000285825,-2.7988444147715508,0.00113882187209186
ENSG00000082269,-3.0142595036094604,3.0774069538966786e-76
ENSG00000100814,-2.5701031061835375,2.631171193767628e-74
ENSG00000015133,-9.717457076148857,1.8671433457336258e-89
ENSG00000242114,-2.637389666707411,1.1662684641252246e-05
ENSG00000184261,-7.7110368320783085,1.1663921065586952e-28
ENSG00000105866,-2.8673188901572693,1.4772744801146717e-67
ENSG00000139725,-2.588751445482843,5.458758159359025e-34
ENSG00000238038,-4.44239254090601,0.04268629501671049
ENSG00000124126,-2.111636445356969,2.5333149718442212e-17
ENSG00000183439,-7.885798538695247,0.0008253002379183366
ENSG00000284624,-2.5627777285348965,0.01302060211844854
ENSG00000183914,-4.127537202667883,0.0055881913723392785
ENSG00000104044,-3.609435784145674,0.012353538119398958
ENSG00000196557,-9.319251932216526,1.882148479110607e-82
ENSG00000223784,-4.459240317269761,1.6260900036960078e-05
ENSG00000233290,-6.720377885586821,0.005078659051499273
ENSG00000156097,-3.5769618385716946,0.012714706541638535
ENSG00000225087,-4.560309006937783,0.04007834437460881
ENSG00000117676,-4.207247054721625,3.568749045917196e-56
ENSG00000169946,-4.718628563016948,0.0016692345730613953
ENSG00000147485,-3.7509257352044343,0.00018943356733502976
ENSG00000072818,-4.7986385711544255,5.430440275620743e-82
ENSG00000266950,-5.417885841280285,0.020876371386135295
ENSG00000103037,-3.8800815507304534,9.011298881899153e-32
ENSG00000275481,-3.1592021047273566,3.884508113698219e-11
ENSG00000232466,-2.613066358319194,0.011829593302307723
ENSG00000135773,-5.4382159598872395,0.02045851509906438
ENSG00000276259,-3.314845564296534,0.0008694497336382079
ENSG00000111704,-12.86260888422119,7.624824369074589e-20
ENSG00000197769,-3.272650806403578,0.00014317839672652003
ENSG00000273045,-5.838845117911048,1.9735747657336832e-07
ENSG00000159314,-2.0174380170235278,2.2318901990288494e-13
ENSG00000241644,-2.2971892447711584,0.01685514564322492
ENSG00000084453,-7.82504674546384,4.854220669574969e-08
ENSG00000246627,-6.89314078811953,0.003838747757932014
ENSG00000164100,-4.142917718052585,0.0006732394068250493
ENSG00000118513,-5.378104923026686,1.472670905998523e-34
ENSG00000130396,-2.9096746862254266,1.8262692537569111e-122
ENSG00000273373,-3.2252922017422674,8.234603960104185e-13
ENSG00000076554,-8.924043487632524,1.1795920166152581e-32
ENSG00000205268,-3.4583464117460925,8.939088400818662e-132
ENSG00000167992,-4.074696997191544,9.02489015805806e-34
ENSG00000007174,-7.765756657283402,0.0010496373216546348
ENSG00000160117,-3.5739953684186143,3.4698626481204075e-22
ENSG00000188517,-6.0741942773576,7.51047595202817e-29
ENSG00000230530,-3.6278887745762844,7.433095635133117e-07
ENSG00000163762,-3.4479926499153226,6.154806199918618e-09
ENSG00000170537,-2.0165228830976445,1.1021003430850745e-07
ENSG00000226636,-5.614380217889135,0.01836604440616125
ENSG00000274020,-9.953984675045843,1.5167091131498297e-05
ENSG00000176406,-4.146057990574529,4.542015893139206e-81
ENSG00000258526,-2.3538072493545132,0.01912169564346668
ENSG00000235529,-2.2566768392118255,0.001629443710953287
ENSG00000237515,-14.484867195801653,1.0535054783684768e-10
ENSG00000055163,-2.1816925178420363,1.4832355145932782e-13
ENSG00000164406,-2.231979046543724,0.0007885271419066091
ENSG00000197261,-11.437446304594664,4.883819291421315e-07
ENSG00000168490,-4.297163688474736,0.0002318785897434551
ENSG00000274751,-2.2364244326290286,0.006841160968119766
ENSG00000254365,-10.541281065831209,3.98835626317652e-06
ENSG00000255240,-6.458198462998557,0.006846590800477031
ENSG00000232907,-3.646349367935624,1.4876687056186509e-06
ENSG00000154358,-4.676984404093628,6.696315757032381e-83
ENSG00000235501,-2.1072144355849454,6.181813874724623e-09
ENSG00000260007,-3.0529169311093343,2.3949356767422693e-11
ENSG00000129991,-9.227779700915836,6.652664921064831e-05
ENSG00000138658,-2.362393893331993,1.5625930121353142e-22
ENSG00000142765,-5.473205507806714,3.849666561665643e-18
ENSG00000197181,-8.011870164330666,4.506508323091035e-20
ENSG00000144485,-4.991205918448821,9.170723443610636e-57
ENSG00000213889,-2.8270706151773863,1.3847629433016577e-15
ENSG00000164045,-2.3525366208787153,2.779153650958646e-19
ENSG00000155465,-2.526542054425153,2.0986381443637986e-11
ENSG00000160949,-2.1046619168751604,2.15550949597662e-16
ENSG00000232973,-2.3677469406962794,0.04344823225356929
ENSG00000262801,-7.63895091483242,0.0012228348885268234
ENSG00000230438,-3.1660152344645787,0.003178900608346418
ENSG00000132780,-3.3422436236841726,5.060205454989558e-78
ENSG00000215845,-11.802560796935271,1.9470412040409176e-07
ENSG00000137672,-4.291275090726958,0.003983353111386578
ENSG00000265750,-2.159044517459269,0.021889775172254787
ENSG00000132938,-2.9050406080990157,2.236773320206932e-06
ENSG00000187775,-8.693579037919049,0.00019488538728595938
ENSG00000197020,-2.5767765203670394,1.1136414408692005e-42
ENSG00000251095,-7.23126245226527,1.557619484056088e-20
ENSG00000077522,-9.952113623789124,1.453298437396805e-05
ENSG00000133454,-4.773983996459392,0.001475500184485949
ENSG00000279744,-2.3122285793782535,0.00011778193596687156
ENSG00000074181,-2.947774783012887,0.0004927101658160134
ENSG00000204514,-5.7187506631485325,4.1984027906692715e-163
ENSG00000224848,-8.03246827480563,0.0006727343004144451
ENSG00000158220,-6.19000993609747,7.779363483226734e-34
ENSG00000253438,-4.758424311574435,2.387645850994126e-06
ENSG00000103154,-5.114823884050168,2.8699521362172315e-09
ENSG00000227354,-2.2308408257995787,3.0483953755473536e-07
ENSG00000224316,-2.497323664809581,0.024705679880848454
ENSG00000074706,-4.196668732465309,0.0007224874737770784
ENSG00000141524,-8.754286757644307,2.7404248930700927e-65
ENSG00000178297,-5.444106409138078,0.02051198650895718
ENSG00000172795,-3.454725109013119,1.753458331689862e-113
ENSG00000211455,-2.1722858874088367,1.2756866333989827e-23
ENSG00000228423,-2.4410086380620126,0.01642767389354664
ENSG00000260103,-4.637084471290506,0.0019837152349383223
ENSG00000268324,-5.416076575221286,0.00028952226326661116
ENSG00000153561,-2.6087529923178874,1.403783268351406e-31
ENSG00000276231,-4.267325405447983,0.046941071808326455
ENSG00000169758,-3.4348419392528653,8.542874701685549e-08
ENSG00000099338,-2.017179402816865,0.00015364774594828958
ENSG00000101003,-2.2478470063883136,1.13193978923057e-15
ENSG00000135423,-8.489722002415194,7.758803031163488e-16
ENSG00000269609,-4.417620955288774,1.634482095543896e-71
ENSG00000100628,-6.980913368566679,0.0034638630244440186
ENSG00000255559,-2.8908150211143737,0.0007530457696682933
ENSG00000118242,-2.7881535459830653,3.5235957189540813e-29
ENSG00000214140,-3.1418897259277614,0.0016450928221654938
ENSG00000103528,-10.749552156754453,2.467795678865372e-06
ENSG00000133083,-12.292878659105572,3.006775914838166e-18
ENSG00000198554,-2.1669106735563037,4.244254249217618e-15
ENSG00000175697,-2.094245099339265,9.981271787372242e-06
ENSG00000138032,-2.0389991034845503,1.2982437431227362e-40
ENSG00000110723,-4.857148715496546,2.342342483124545e-56
ENSG00000182472,-3.297150949932203,2.1409261494639162e-11
ENSG00000260495,-2.9252529208857885,6.0774852689883184e-05
ENSG00000152217,-3.708022859686529,9.442372720271264e-17
ENSG00000139835,-9.140294024456713,2.884522040801907e-34
ENSG00000221866,-3.3905322379553713,1.363679362574986e-07
ENSG00000145703,-9.922525644870152,1.060277899234305e-93
ENSG00000170381,-7.913589121755636,0.0007787653536901195
ENSG00000166860,-2.218922303771327,1.6326772904510446e-58
ENSG00000232082,-2.3310529028849296,0.004424486491134566
ENSG00000204644,-5.854933084892151,7.674543328303826e-05
ENSG00000182183,-4.194997528488771,0.04868071484544302
ENSG00000149557,-2.009070256441232,2.1367057164325577e-33
ENSG00000182264,-6.205379675299407,2.4927339723598164e-05
ENSG00000186510,-4.016727121022996,6.520996396631095e-07
ENSG00000242715,-3.977260044701873,2.938242841890946e-38
ENSG00000116329,-8.395549112829224,1.5167181503321442e-15
ENSG00000255306,-2.277368478734531,0.007567019152599195
ENSG00000267040,-2.7863620961542903,3.9113156327511555e-07
ENSG00000050344,-3.0867129045510766,8.937576053994076e-17
ENSG00000235090,-3.5205823955741877,0.0003768016437839473
ENSG00000198075,-8.529531324854148,0.0002752261438849013
ENSG00000069188,-8.563098539952126,4.529417252527486e-23
ENSG00000166206,-4.821608681055517,2.0707357283363596e-07
ENSG00000280214,-2.607222258460049,0.0018297238737008076
ENSG00000143502,-2.145822865546874,7.924620895438925e-06
ENSG00000277270,-5.297723208890205,0.0231864697236346
ENSG00000257474,-10.96717319312312,1.485253169154782e-06
ENSG00000244627,-4.039552855922247,3.197143163533889e-29
ENSG00000185339,-2.8373289901867413,1.798111251807464e-47
ENSG00000279089,-2.1909749842912207,1.670594656942993e-11
ENSG00000169220,-3.457391427762221,7.1104563409677615e-40
ENSG00000123104,-2.09178032679859,4.5583889736171706e-42
ENSG00000178445,-8.799843783675788,2.5134830308021297e-127
ENSG00000244357,-2.136249903692547,0.03682380297829801
ENSG00000132854,-2.797360659217197,0.013799382485012893
ENSG00000124374,-6.305605823514887,3.522137890113122e-96
ENSG00000227470,-2.9320967819295656,0.0005554900383279095
ENSG00000154914,-7.49040515201935,5.232431963295096e-27
ENSG00000263142,-2.476740711760196,0.003718189621688996
ENSG00000262358,-3.119443371039048,0.007475756528836947
ENSG00000154864,-13.690169227342672,1.1474181621630209e-09
ENSG00000105767,-4.779694269120305,6.118578557412809e-66
ENSG00000076248,-2.266475078792983,5.3635874287487456e-39
ENSG00000185585,-4.0956677553405605,6.343696987428254e-64
ENSG00000182645,-8.102632552049934,0.0005591253095724922
ENSG00000171509,-3.0394088063626565,0.02396755380659534
ENSG00000261970,-2.3620987413575523,0.04342043520378122
ENSG00000239213,-2.1602303982476605,8.304041667298441e-10
ENSG00000116761,-2.9544354188572592,5.502371802206367e-14
ENSG00000250366,-14.920287817183985,1.568611325108236e-11
ENSG00000183018,-5.853290625029581,7.674543328303826e-05
ENSG00000213096,-2.2560000793746533,2.756178296070043e-31
ENSG00000118777,-3.671470304631523,3.6236932337052865e-15
ENSG00000272677,-2.1905458849905792,0.000495516740194017
ENSG00000111837,-4.514521886957171,0.0025380387513816087
ENSG00000152061,-2.784715442381075,5.623575487612249e-115
ENSG00000233924,-4.55485900622297,0.00011226160125049789
ENSG00000075340,-16.924124702236988,2.752065688229559e-14
ENSG00000279246,-2.796016074742957,0.001604504228873957
ENSG00000263818,-3.0668897462623703,0.003923544353904853
ENSG00000152822,-8.509932944081296,0.00027083723213667025
ENSG00000088179,-2.475945823817687,2.9012510210417768e-64
ENSG00000107159,-2.2135326772824895,0.016280900973058857
ENSG00000156398,-2.104112503232791,7.567281261642402e-28
ENSG00000181577,-6.582705380373176,1.711615732789441e-09
ENSG00000151090,-5.981928896078598,7.120794706837753e-21
ENSG00000130940,-3.951256257853466,7.69913537112328e-37
ENSG00000175264,-4.655194491144403,5.38124647157781e-09
ENSG00000145335,-4.818804201702114,1.4323631316009774e-27
ENSG00000144554,-2.1961474503812384,6.588092203418237e-19
ENSG00000158055,-6.327366088370314,1.6113800009878167e-05
ENSG00000188277,-2.368877680044617,0.010164843684350682
ENSG00000090661,-11.62503116039893,1.7513120534360575e-16
ENSG00000145819,-3.050270989879045,8.953026912196531e-80
ENSG00000124875,-5.602164123737455,2.3796982159192525e-20
ENSG00000135605,-5.39674618623373,2.3271414005105752e-10
ENSG00000249853,-12.366453836233763,4.586503281565257e-08
ENSG00000174640,-3.4109295368697747,3.685131147426477e-05
ENSG00000143126,-3.8308663754973376,1.4329826791021595e-58
ENSG00000184068,-2.142713555418868,0.018339024499540817
ENSG00000244748,-2.014414220252765,0.02499056647705511
ENSG00000175868,-8.209606253307546,0.0004613032655717454
ENSG00000163293,-2.9768418740840024,1.0512077482962355e-09
ENSG00000185477,-2.361686797982427,0.0002578843043539612
ENSG00000120949,-10.735747774026656,4.599245816926424e-25
ENSG00000262979,-3.227024656720034,0.006096862325552355
ENSG00000186417,-4.889064441919672,0.0011661614295438807
ENSG00000227214,-2.191606417747685,0.003614462203676275
ENSG00000258649,-11.931646152490906,1.4071736026150224e-07
ENSG00000253553,-2.2810335651128026,0.02263155275349893
ENSG00000277232,-2.137973058588795,0.01469094099593157
ENSG00000171759,-9.827255982673737,1.9230903925952017e-05
ENSG00000196092,-6.171671405482901,0.009769227525751111
ENSG00000156675,-2.431459097368,1.661731374303949e-42
ENSG00000167861,-4.63056809306479,1.644604826263697e-42
ENSG00000143603,-8.575232395401901,1.7308462134503696e-09
ENSG00000156959,-12.576222983424804,2.6989626868029854e-08
ENSG00000143033,-2.5669971229267934,1.2972714793840648e-75
ENSG00000168646,-5.896380676844884,1.6157976888682618e-70
ENSG00000125247,-2.51994260456312,1.5692187179712498e-31
ENSG00000253686,-4.531758996354299,0.040417472628487
ENSG00000118707,-2.42615109845206,7.96507870328322e-19
ENSG00000150625,-8.976906177913063,0.00011245873581279442
ENSG00000163352,-2.504165718701909,0.023797976378229536
ENSG00000154040,-2.6058906259839483,3.4748397699355076e-09
ENSG00000188559,-2.605787428105703,4.203937504444814e-69
ENSG00000171988,-2.24323717820466,1.4958476135219417e-69
ENSG00000152583,-4.690790208997688,0.0019767655010807417
ENSG00000187955,-7.338859896861185,1.1890394072665241e-128
ENSG00000099958,-5.084391468282641,1.0181939916863626e-27
ENSG00000279407,-2.3129336198853507,1.1452716618051481e-14
ENSG00000109084,-2.0816100211485344,1.4364777826414685e-20
ENSG00000162598,-5.060436916916609,0.028324696163337156
ENSG00000133067,-5.2980252749997065,0.000414793535715347
ENSG00000237356,-3.4240661394568055,0.015710808587601877
ENSG00000164663,-2.944722101991565,1.512444667615815e-82
ENSG00000285730,-2.9170161102680687,8.203498397610539e-08
ENSG00000117477,-9.33447834069641,5.421436911506696e-05
ENSG00000108960,-2.9867314138217136,2.593015524354735e-33
ENSG00000274712,-2.4205424442400902,5.510005239070474e-12
ENSG00000224729,-2.7691363895682666,7.206179982927224e-19
ENSG00000113100,-6.603635361368196,0.005727055370609203
ENSG00000133962,-6.494519095050517,0.006932904904120424
ENSG00000270137,-2.6515779786023863,0.017489826257113556
ENSG00000163006,-2.7809865001754916,4.981449091157239e-45
ENSG00000011347,-7.993426564129467,1.6722913872977667e-31
ENSG00000285804,-2.6664536708036937,0.0008918645500209293
ENSG00000137460,-5.357061690377649,1.8016490517111472e-54
ENSG00000157388,-5.192958120697982,2.021769724894679e-09
ENSG00000242396,-2.010646383021615,0.032154320202028915
ENSG00000155926,-2.615482585072784,0.0027501551629593294
ENSG00000183765,-2.2214651805215264,2.203151309179774e-42
ENSG00000179051,-3.0412527417897417,5.818492054293914e-110
ENSG00000256417,-5.817781003531953,0.014243673654105338
ENSG00000157404,-4.179728690542029,1.685815766909048e-05
ENSG00000116830,-2.003024850159711,5.335660519718071e-32
ENSG00000196705,-2.482037726482596,3.5959912914621756e-59
ENSG00000234465,-4.586433565257576,1.3128080224542247e-10
ENSG00000284634,-4.329601554908817,4.0713008681798925e-06
ENSG00000235760,-4.936638155632265,2.2410963352840534e-05
ENSG00000254682,-2.1485304888067254,1.6357505375364234e-10
ENSG00000137880,-2.9007671264626222,3.1439681687132394e-17
ENSG00000173157,-11.837635640730289,1.7800165927404837e-07
ENSG00000172572,-6.740885309891132,2.4423594304388643e-05
ENSG00000272980,-2.0949045017183408,0.01247920946324899
ENSG00000124602,-4.497819087141303,4.710967970388183e-08
ENSG00000160796,-2.4250818597545662,4.5130287637225154e-57
ENSG00000173175,-5.942267639627637,7.741122508940352e-55
ENSG00000179546,-4.183533912604755,8.935755991841141e-27
ENSG00000142611,-4.341485325458474,0.00034453653833416815
ENSG00000233223,-2.310515007407326,1.8535711299376213e-11
ENSG00000131730,-6.724527222154878,0.004812378629319816
ENSG00000205078,-5.121354623266797,1.1208296058270418e-05
ENSG00000138795,-3.403075287740575,0.0013003160775335464
ENSG00000133477,-11.683370560935316,1.235541245779482e-16
ENSG00000129244,-8.753697436264124,2.7254576263228068e-31
ENSG00000186451,-4.531758996354299,0.040417472628487
ENSG00000006283,-5.465051208722728,1.1235642322168304e-38
ENSG00000140481,-7.259304244643157,0.002350834554773595
ENSG00000213988,-6.201943329933633,4.223988478936157e-178
ENSG00000167641,-5.933387325915514,8.686113635601595e-22
ENSG00000008311,-4.962913080440808,1.8673190267725683e-221
ENSG00000110944,-2.66906738764516,0.003214670326893818
ENSG00000130433,-7.605820203296861,0.001297949675032629
ENSG00000276337,-2.2130956199321807,0.0008388122575195873
ENSG00000141446,-2.4664211293550444,7.855278243018574e-75
ENSG00000196584,-2.9084811840762868,1.4111573872796652e-21
ENSG00000226472,-2.3485224772362367,0.02013777673676632
ENSG00000135127,-8.70374583591449,6.065707439032582e-31
ENSG00000073849,-5.580613517821102,9.865691046566567e-143
ENSG00000158246,-4.368822797205307,2.6653249478917843e-85
ENSG00000142549,-13.680332816805578,1.210230860147282e-09
ENSG00000146757,-2.619557674922293,2.107755178123369e-52
ENSG00000146386,-2.558991535940035,9.365289356294772e-47
ENSG00000119686,-3.3985959128829353,2.2613066750752347e-13
ENSG00000140263,-2.009742361965277,6.71504789633596e-36
ENSG00000105639,-2.2665962108860613,9.818309115099311e-08
ENSG00000057294,-10.66535403262704,5.630339962547305e-36
ENSG00000235152,-9.635454483020341,2.8854785035014637e-05
ENSG00000163141,-3.170384219066146,3.268324565156483e-07
ENSG00000132749,-3.791942486673701,3.0801576090502915e-64
ENSG00000165323,-2.779408958632843,0.0016433536229682204
ENSG00000151952,-13.102945650376343,6.171267884157772e-09
ENSG00000065361,-5.9533061654605985,3.6116272353774143e-143
ENSG00000234814,-2.0741316120828266,0.017321793070121373
ENSG00000236409,-2.644735873059915,0.03481785182200495
ENSG00000203710,-2.093408609984353,0.03813478028967065
ENSG00000060656,-2.154887802853961,3.2308682868972053e-26
ENSG00000132681,-6.858358627742603,0.004020469955479134
ENSG00000126822,-3.3457928420398373,1.7250279738961879e-31
ENSG00000125730,-2.207672161848876,1.4222399480126051e-09
ENSG00000281344,-2.78631198006789,3.3713819283522194e-24
ENSG00000165863,-6.825818168930958,7.6541896748938545e-22
ENSG00000226950,-2.863158468655299,1.0298657980672634e-87
ENSG00000168309,-2.6791799853656317,0.004091519177286942
ENSG00000171045,-2.0479071398905275,1.140049707451029e-05
ENSG00000115339,-4.752838005307462,1.310308899622994e-07
ENSG00000152402,-3.164606505310313,5.891029402097368e-13
ENSG00000166582,-3.112307174371744,6.914953830229602e-52
ENSG00000105717,-2.064348070666356,0.00018356584209387497
ENSG00000127561,-3.994210564793363,3.1256358309724326e-61
ENSG00000269994,-9.101782576138355,8.853873104396909e-05
ENSG00000166002,-2.0737386494627614,9.391313087763166e-23
ENSG00000139116,-3.581567975419608,3.186290481959493e-15
ENSG00000198825,-2.6121347520100158,4.2916214141823625e-66
ENSG00000140015,-4.912808717438482,2.4943811098136817e-05
ENSG00000099812,-2.8729511273290984,0.00910540256571696
ENSG00000151131,-2.443477024257409,4.088715097911587e-74
ENSG00000260912,-2.4357996140666756,2.718921832957897e-15
ENSG00000018625,-8.40209531751484,2.3529425210493245e-13
ENSG00000078900,-10.124268209233774,1.0190043862026208e-05
ENSG00000154359,-3.2734606747125956,3.2796547368425397e-53
ENSG00000149150,-2.3273517205458827,1.7169817291948649e-18
ENSG00000140403,-2.956401091332637,0.00012150310133677738
ENSG00000166532,-2.520556066659451,2.743570161364524e-66
ENSG00000228065,-3.2966634318742867,9.746532909883759e-09
ENSG00000054654,-2.7794548349755477,9.085129824632141e-15
ENSG00000259845,-2.336961285533434,0.004725436021510539
ENSG00000269343,-2.022466153748962,4.100235244166617e-28
ENSG00000175643,-2.541843163406787,8.66013699998873e-18
ENSG00000249378,-8.237371811150966,0.0004377311926659174
ENSG00000185565,-8.080178598380696,2.122230225886938e-14
ENSG00000114631,-8.053883008610189,1.497019946188815e-48
ENSG00000230863,-3.882870627769314,0.0012081003185147909
ENSG00000272155,-4.831398293435125,0.0012742419480066623
ENSG00000116127,-2.1507316029965886,1.2087624378270994e-77
ENSG00000173262,-7.7269633871235355,7.071415477878652e-24
ENSG00000236673,-16.163039656776654,4.1897341557270085e-13
ENSG00000143341,-2.655149631444816,3.194031302745097e-63
ENSG00000015413,-8.478343129298684,0.0002819245177187021
ENSG00000236094,-6.235889440932561,2.111949247179432e-14
ENSG00000101057,-3.207347371741822,2.995070432238978e-24
ENSG00000186603,-6.1570692861818666,2.881372601486352e-58
ENSG00000142621,-3.405327354937334,0.00013326107212997191
ENSG00000134917,-13.030290783705157,7.544224580238799e-09
ENSG00000156427,-2.809293580265375,0.000793038268482916
ENSG00000189180,-2.0012168582337075,5.52279909347593e-33
ENSG00000157150,-3.868932909032259,2.0086574408378807e-10
ENSG00000048545,-9.715110172608718,2.4298575873474798e-05
ENSG00000132639,-6.458198462998557,0.006846590800477031
ENSG00000130762,-9.631311455089143,2.2025104560963296e-20
ENSG00000207547,-2.001221834515496,0.0014195059256488938
ENSG00000184363,-2.8250434912056863,2.0167699477621864e-54
ENSG00000108984,-6.665314585492845,5.4555160550288586e-12
ENSG00000144668,-8.284901547877041,1.4395801017011338e-21
ENSG00000095203,-6.551328186540239,3.3648151514450117e-07
ENSG00000115008,-3.36599006563204,0.005745721331609926
ENSG00000115457,-10.408748110420149,4.489935408437614e-94
ENSG00000221066,-3.3623741910276617,0.016647240223104674
ENSG00000183049,-3.9587035229380416,1.3637740286327539e-14
ENSG00000110721,-3.105206014441231,1.1338795073981683e-79
ENSG00000141682,-3.009525613548032,8.695184951739578e-32
ENSG00000175322,-3.752982196010367,1.9191812334264552e-43
ENSG00000139287,-2.4531340006005338,0.009312606835420604
ENSG00000152779,-6.333168092542885,6.787519163951623e-12
ENSG00000139044,-9.984328825836442,7.614309524207675e-22
ENSG00000092929,-3.8413970922400686,3.5482692660832135e-18
ENSG00000269425,-5.927979721792812,0.012723026211969907
ENSG00000179044,-3.55956010638213,2.6438227625504495e-05
ENSG00000124140,-3.6270840376995217,5.375016328512541e-06
ENSG00000224315,-2.4753953276830782,0.011941077765217025
ENSG00000132330,-2.9241491236225703,5.037807731361888e-37
ENSG00000115109,-3.626622914375887,1.5357548233808559e-18
ENSG00000128268,-12.543211782418233,2.8365913371513636e-08
ENSG00000182870,-9.00795861753438,0.00010487692811534653
ENSG00000198589,-2.0236054306643383,1.0628627247244376e-49
ENSG00000205269,-4.239797999112466,4.603249662159627e-46
ENSG00000172731,-3.377427639136078,1.4229675753715605e-51
ENSG00000224592,-3.4157585188029356,0.0049233766258785045
ENSG00000188732,-8.760909474782846,6.566726032395593e-17
ENSG00000203635,-6.06881445992425,8.208701339524694e-13
ENSG00000187398,-8.78372194876486,0.00015948273126479214
ENSG00000171219,-7.325019516712539,5.318829758579627e-55
ENSG00000035499,-3.2486069148123695,6.882446916453454e-27
ENSG00000240616,-2.1164879253853255,0.00020104708279337308
ENSG00000196408,-2.0829309447389437,0.0028916685262517132
ENSG00000006432,-6.219430827753242,6.087633954551328e-14
ENSG00000129007,-2.925689346461473,6.589318272517135e-05
ENSG00000244332,-4.062500275182051,1.0950387448582034e-05
ENSG00000144908,-3.7944394111484336,1.1310418198854943e-07
ENSG00000168389,-2.117278106213476,2.0722012096011096e-29
ENSG00000087085,-5.321278665320644,8.729144590836667e-16
ENSG00000266777,-2.213058510898594,3.7041380961686163e-06
ENSG00000168671,-10.16008644149033,6.704096369502282e-13
ENSG00000150907,-5.791703719846535,1.5302470651628652e-94
ENSG00000006625,-2.198817400274584,2.742908651899541e-26
ENSG00000197008,-2.7297002611554286,9.054688252519264e-39
ENSG00000158560,-2.5394518153875927,0.0020741535752128535
ENSG00000008277,-7.813890058386912,1.006848640584699e-65
ENSG00000166289,-2.061514302473965,2.3710838474794957e-12
ENSG00000184792,-3.7531053212544445,3.7966069485815066e-17
ENSG00000173320,-8.992540915592036,8.03035081582119e-55
ENSG00000064225,-5.956413218481309,1.8271735982095893e-18
ENSG00000183638,-2.500759229741796,0.023933824362111656
ENSG00000184669,-8.929025514973599,0.00012846144282756757
ENSG00000168675,-4.873520504275782,1.0408584198679095e-06
ENSG00000185615,-3.3652295802547125,0.016528715775086644
ENSG00000111218,-6.017568484349276,0.011524320511503103
ENSG00000196730,-7.94312417207536,2.749526731992779e-243
ENSG00000174721,-7.675568663859189,4.536804112351672e-190
ENSG00000078177,-4.374175517391888,2.1009647281893567e-140
ENSG00000254934,-12.122300910337191,1.0722598831827972e-31
ENSG00000281398,-2.965461340361617,3.7112103177431876e-100
ENSG00000269416,-3.5553058218303026,0.0043327868544916215
ENSG00000107551,-2.514658048122656,3.5774631380799772e-06
ENSG00000177853,-2.1337909084119238,8.659162020853536e-50
ENSG00000107719,-14.587350952924073,7.612186598659604e-11
ENSG00000108375,-3.6734607344309547,0.002744376040554245
ENSG00000137819,-2.26211909267958,9.833871498017689e-09
ENSG00000101680,-5.144253142961188,9.377207041942604e-10
ENSG00000137261,-6.0098520239074515,6.979955920598805e-08
ENSG00000177103,-4.94573209474459,0.030893059343548628
ENSG00000161243,-4.272168065213291,6.781655720645297e-14
ENSG00000184985,-3.4837099003398033,3.110550927185503e-07
ENSG00000253320,-2.666475209737751,1.6424975712181304e-13
ENSG00000016402,-6.639842373877671,5.4106996042003025e-06
ENSG00000125851,-8.29819004838622,0.0003934974772575868
ENSG00000013573,-2.2951312431130164,1.5640505682039255e-17
ENSG00000144847,-5.222630776138377,5.866978037890269e-06
ENSG00000103811,-6.20570650560813,1.5438965145856867e-37
ENSG00000283341,-2.0139564800237952,0.00018563181286967336
ENSG00000125731,-12.26328747807476,5.936786869355737e-08
ENSG00000105642,-7.519023861515317,1.9715185011093092e-17
ENSG00000204711,-6.683229106327,1.5837585166263935e-13
ENSG00000116771,-7.160916742805838,9.020316079310652e-16
ENSG00000055118,-11.919899072041414,1.436174653977132e-07
ENSG00000197971,-7.889128231008793,1.0694231148481697e-46
ENSG00000173077,-2.63734737080102,0.018259952071260063
ENSG00000197329,-3.533738997080974,1.12517271609793e-31
ENSG00000215045,-6.443717489715912,6.243946148278181e-09
ENSG00000196668,-3.0105719199186476,2.3353842670142068e-06
ENSG00000169031,-3.210419310571503,0.007739712444411933
ENSG00000265800,-2.3711911388332263,0.0002293025941905128
ENSG00000147465,-4.498166227243081,5.8066247326627335e-12
ENSG00000151575,-2.6951427340718093,1.94496403134558e-15
ENSG00000231752,-7.134393672294419,8.234291556599164e-07
ENSG00000165495,-8.545721540571005,0.0002488580686564762
ENSG00000254560,-5.375308445129267,2.581013913347358e-06
ENSG00000131480,-2.2510949828648448,4.980725458520465e-10
ENSG00000197822,-6.453975035787069,3.832721125807523e-96
ENSG00000261175,-3.033500646995189,4.718828132200618e-07
ENSG00000107242,-8.768085397876648,7.061928373135986e-10
ENSG00000227583,-2.9340624054146063,0.00293759930858127
ENSG00000202229,-4.531758996354299,0.040417472628487
ENSG00000158769,-9.423568393309132,3.6203809421469125e-92
ENSG00000134873,-10.006424529288624,1.5659113978903521e-12
ENSG00000019582,-7.827319591922049,1.0212822600429415e-45
ENSG00000198521,-3.3025403455207862,6.065834527035611e-100
ENSG00000099194,-5.156610584992368,3.114310630530915e-273
ENSG00000112159,-2.579130743443518,2.3061422139575804e-43
ENSG00000198221,-9.381785076796984,4.855537812066829e-05
ENSG00000168243,-5.594127374721587,1.9373802203604087e-165
ENSG00000128285,-2.3868592987087696,0.0012249705932159845
ENSG00000165995,-9.348630821180336,5.2573698754475186e-05
ENSG00000164048,-4.783680518127601,1.0733279111408989e-168
ENSG00000163376,-3.4552312945003427,9.607605876398997e-67
ENSG00000245904,-2.1937810611307547,0.002444043570323718
ENSG00000121904,-2.6465573100755955,2.53207960629888e-11
ENSG00000160602,-2.114716657452303,9.816165679637183e-16
ENSG00000163694,-5.4363716359841705,6.84610531321065e-203
ENSG00000280311,-2.929970609304362,0.0013882948525181773
ENSG00000080298,-2.653173427445264,1.9692978030443347e-57
ENSG00000137942,-3.7190241659729306,2.623868437802116e-05
ENSG00000163219,-6.969104106523231,0.0034304831163994975
ENSG00000158089,-4.638876462679557,5.225397689048956e-31
ENSG00000265178,-4.250209394354223,0.047327556989259084
ENSG00000280239,-2.7393571394161484,1.5817042524186012e-12
ENSG00000259556,-2.459348698650995,0.010844846919015782
ENSG00000164946,-5.422686647156407,1.4934232557237734e-18
ENSG00000135525,-7.448982554230617,2.32720927845391e-153
ENSG00000173890,-6.246002483343861,1.1655263567112721e-37
ENSG00000166126,-4.127639819967958,7.426764550409828e-05
ENSG00000085840,-2.6462314953090242,1.5919645100298938e-14
ENSG00000281103,-2.918400026685254,0.0038130991102589204
ENSG00000167524,-2.4570399556787526,5.337894031039614e-27
ENSG00000267041,-2.7610864785823415,1.0632334793566457e-69
ENSG00000162062,-2.535952592791785,9.646033791805495e-17
ENSG00000214338,-3.0917491026298873,0.008126283319330208
ENSG00000124215,-3.2480557355633075,1.2184060503323279e-06
ENSG00000137709,-4.5026210826779725,1.2389833249017161e-05
ENSG00000284428,-3.1786724091429135,9.715006491278207e-29
ENSG00000135643,-3.8811032432558377,5.373242812575374e-13
ENSG00000165209,-5.153943630017625,1.0646767610582326e-217
ENSG00000226648,-3.6206611885328086,0.011749075847368952
ENSG00000162669,-8.529366362498301,0.0002619693474653723
ENSG00000285793,-3.2405070642716223,1.8934529063574477e-08
ENSG00000121898,-6.099193014427116,5.486920509818667e-14
ENSG00000163412,-3.5554863711411087,7.143963762180193e-50
ENSG00000277462,-2.6367570993893024,1.179160048814413e-23
ENSG00000132932,-8.434941172009205,5.805690931797853e-29
ENSG00000175874,-4.3079741084061585,3.0165316881642535e-05
ENSG00000146409,-2.183613450419431,2.2575977158854037e-25
ENSG00000100505,-7.1333386936646255,1.681877519607765e-19
ENSG00000105357,-10.15488014038531,1.1768002896288907e-32
ENSG00000180061,-2.2222365947931113,0.03220258225177312
ENSG00000263551,-6.223361909946433,0.00936741659456049
ENSG00000090534,-4.501246255037459,0.04113864197747241
ENSG00000115290,-8.170404902810237,1.0193154284720817e-14
ENSG00000132016,-3.0036815198448052,2.8821344079015362e-11
ENSG00000119514,-7.954493110141559,1.5841883598731894e-06
ENSG00000112499,-6.381746413222353,0.0075720271198092505
ENSG00000010327,-4.2849545392482575,3.4895771776711417e-07
ENSG00000197279,-5.156288104432428,6.11793572758504e-31
ENSG00000182795,-4.9438292052543575,1.8174472437836036e-27
ENSG00000229152,-2.72169368738826,6.594301380828768e-22
ENSG00000137101,-2.314573447290118,3.008186846489611e-07
ENSG00000150627,-8.49919618344883,2.4308473793736093e-09
ENSG00000177614,-10.02385056073213,6.961898335193476e-22
ENSG00000101638,-11.072353247860379,1.1586200755401513e-06
ENSG00000250510,-2.0552940405106317,2.646593665793744e-07
ENSG00000236924,-8.580543598430967,0.00023379119313552703
ENSG00000135063,-8.996592668907095,4.029092807629564e-33
ENSG00000244701,-2.6131439069966165,0.00026437164081854174
ENSG00000135636,-4.339924361231515,9.284116617392084e-05
ENSG00000204529,-5.3005908999500875,0.02321000670884167
ENSG00000205041,-2.4299720865060817,6.629020058775548e-10
ENSG00000247556,-2.1003077160379804,3.5710439756519405e-33
ENSG00000198673,-2.273631249832747,0.00011184705835158995
ENSG00000184465,-2.042340176928029,1.7199973537318588e-27
ENSG00000229153,-6.610520179051586,1.5390581654061643e-09
ENSG00000130413,-2.1594275655116046,0.025729547793483295
ENSG00000179361,-5.689959582592847,7.895714210769709e-256
ENSG00000141384,-2.835734476356004,6.138399550790598e-40
ENSG00000283982,-8.24625092415618,0.0004302223571950266
ENSG00000165730,-5.697931118515999,1.2713001189190841e-11
ENSG00000243005,-2.281830865728833,0.02596799944287627
ENSG00000138346,-2.5710273335651874,6.256522426442305e-42
ENSG00000279996,-3.9266690455622135,1.1842290708533922e-05
ENSG00000232677,-3.2947341698817896,5.522262033300942e-66
ENSG00000242220,-2.0146604845226594,0.031570002890119984
ENSG00000146276,-5.948237062055787,0.013270942189367163
ENSG00000139832,-4.521933526082284,6.426350324434101e-52
ENSG00000203685,-7.649046335280716,1.0604454192168398e-07
ENSG00000255666,-14.80385287361771,4.0094052454440964e-11
ENSG00000129354,-9.624251319722811,2.708973268897894e-63
ENSG00000179046,-4.6369079807789975,3.0095155058804593e-29
ENSG00000274825,-2.1822792657686865,0.004885803253861315
ENSG00000229021,-2.7784347015512094,0.03085843867226183
ENSG00000225234,-5.927979721792812,0.012723026211969907
ENSG00000144401,-2.58960097255362,2.56805964506696e-22
ENSG00000169026,-3.799414145683939,5.2891362477463535e-15
ENSG00000104728,-2.417796041613496,2.0298615818390086e-22
ENSG00000166676,-7.223282208343059,5.740880691069981e-07
ENSG00000256995,-6.507526863100196,0.0068648901049454345
ENSG00000100767,-2.5714661277761546,2.2432832983939172e-20
ENSG00000182511,-2.8490142115675035,7.449420925324695e-16
ENSG00000197943,-4.6757443538457535,8.431994251704187e-32
ENSG00000273284,-2.253033966838044,1.486224134032263e-05
ENSG00000131389,-2.1791562663595507,2.0313939520321313e-29
ENSG00000177380,-3.6130673202248627,1.7622176577357956e-57
ENSG00000272379,-2.000261445466712,0.010062491573654422
ENSG00000175730,-2.843180689619226,0.02883078720589317
ENSG00000157193,-2.3257081922922507,7.919913126590752e-25
ENSG00000120332,-6.458198462998557,0.006846590800477031
ENSG00000186205,-4.706675780024792,1.6845481657032847e-80
ENSG00000155657,-6.9978495267600875,3.6414213721378063e-208
ENSG00000197847,-3.8016036714889605,1.8843542292973894e-25
ENSG00000261775,-2.4462022311877116,0.016494318117026025
ENSG00000123329,-3.314135174087393,1.3746022668316613e-07
ENSG00000274191,-2.5627777285348965,0.01302060211844854
ENSG00000122735,-3.4932366369275263,0.014125958277612724
ENSG00000148488,-3.625058763377989,6.415374896655365e-05
ENSG00000187607,-2.2299279419618223,9.602597124808295e-46
ENSG00000157368,-4.5089736177914785,1.2354642244469058e-09
ENSG00000261732,-2.4669371909589968,9.117995443380468e-05
ENSG00000267284,-6.701155930950149,0.0050316716792084895
ENSG00000111058,-4.1911473269905954,4.2054859683924906e-76
ENSG00000234026,-4.881291985618518,0.0011234937630742842
ENSG00000140459,-4.207930809266916,1.5050719784926175e-08
ENSG00000143578,-2.460300308966217,2.0694798774710797e-30
ENSG00000106633,-3.9471974199565962,1.8250540915912484e-11
ENSG00000212694,-2.163601724209262,2.3955969242406922e-17
ENSG00000238266,-2.691320144102896,4.1038814873399774e-07
ENSG00000074370,-7.836926964898514,1.1411527496275773e-89
ENSG00000167840,-2.7483893067669336,2.968289120160821e-43
ENSG00000261183,-6.840812927699111,2.7669242323353865e-06
ENSG00000157782,-3.239828239408699,2.2200867231939345e-05
ENSG00000152782,-2.791928531573942,1.3294806293905983e-51
ENSG00000135248,-5.031441843215093,3.5151280898442405e-23
ENSG00000253284,-2.6678119563611973,4.442525225696009e-10
ENSG00000198771,-7.222570243289212,0.002358051236412941
ENSG00000184349,-8.54266061760544,2.7400760426591845e-36
ENSG00000225051,-2.429798160612375,0.0063845277759526815
ENSG00000166268,-8.171125504677413,0.0004951097031818358
ENSG00000254275,-5.565180077574429,0.018226819381992068
ENSG00000087301,-2.704340121149786,9.462981885604135e-27
ENSG00000144120,-2.0800947398962792,4.309923617383594e-19
ENSG00000144395,-3.129220946461609,2.936028012124379e-28
ENSG00000149403,-7.0640890195832995,6.401552253113571e-11
ENSG00000142405,-5.987567682613849,1.4998633919122692e-10
ENSG00000206052,-7.252835540113127,0.0022706835470778894
ENSG00000148082,-2.1026426940557648,5.3490288378427455e-06
ENSG00000180385,-2.6162007216856566,4.657154380476442e-20
ENSG00000156687,-16.058146534094256,5.910791847691818e-13
ENSG00000265817,-2.407969011887389,0.00011585642497185408
ENSG00000227258,-3.0021123175046904,0.0034040744877588004
ENSG00000112394,-12.752105217747053,1.6258897354975117e-08
ENSG00000171766,-6.307674409002238,2.5889638459374193e-27
ENSG00000006555,-7.9674608113919,0.0007026457465453385
ENSG00000106278,-12.184602206358479,9.551093415313548e-13
ENSG00000180448,-7.210825106364853,8.473497457875597e-98
ENSG00000163630,-6.453485235668603,0.006861315402038828
ENSG00000121741,-2.0669005855141362,3.730742724498748e-55
ENSG00000183850,-4.385078006842617,1.576710014049645e-26
ENSG00000140534,-2.555847760317817,6.953236133676931e-16
ENSG00000236829,-2.400535809746438,3.017256596768415e-05
ENSG00000156049,-6.154911152695358,3.133433018125795e-11
ENSG00000138772,-2.9576200220642344,1.368466335305711e-23
ENSG00000152661,-2.6439500121446486,5.235618577748111e-86
ENSG00000143842,-3.4797876600078386,8.305581689421516e-122
ENSG00000144229,-4.53807416467968,5.511084291859101e-15
ENSG00000272416,-3.6072208616282553,0.01208363817706369
ENSG00000144649,-7.207274639897342,8.743911722431762e-16
ENSG00000145192,-6.798776990464152,0.004424293368736958
ENSG00000131242,-8.522439301890083,2.78174767343707e-140
ENSG00000263786,-2.1814112707833146,3.726922034087694e-07
ENSG00000139292,-4.713669971079123,0.03603939842043556
ENSG00000224843,-2.8864216297982437,0.0006805428624145852
ENSG00000046889,-15.175206911476561,6.347557333374861e-12
ENSG00000101470,-4.35970593094619,3.702449227077662e-06
ENSG00000234219,-2.5337491593339365,0.0006360334086492464
ENSG00000116133,-2.5715445886520323,1.614256088366863e-26
ENSG00000166106,-2.4351384575004493,3.668369166978877e-05
ENSG00000178150,-6.388403869208279,1.5759541650991186e-43
ENSG00000104177,-2.7292073839899715,1.4241289658275686e-30
ENSG00000206073,-2.868649936402041,0.014243673654105338
ENSG00000134533,-6.124276152837277,0.010247363131818012
ENSG00000118507,-2.726039522290711,1.1498446826621313e-16
ENSG00000161551,-2.8090187541573153,8.534606092244662e-35
ENSG00000154548,-10.587310200467348,3.6583197880649212e-06
ENSG00000249459,-2.3977688998696656,3.2461829804733263e-18
ENSG00000152503,-5.090392158891037,2.359250880772257e-41
ENSG00000183421,-5.093683526927053,2.5574475832594323e-30
ENSG00000250616,-6.528705921692364,3.0215936637878656e-59
ENSG00000270000,-2.344153890744208,0.043974592120259275
ENSG00000178917,-2.2449688347915164,2.716480086730264e-20
ENSG00000047457,-4.246085999883411,7.00926833552765e-06
ENSG00000198626,-8.59902154555943,3.8137030372043165e-43
ENSG00000143375,-8.202946094623647,7.287888330170225e-22
ENSG00000119866,-4.132003368245667,1.934954679669259e-32
ENSG00000108370,-4.090664084623045,1.249258494380979e-27
ENSG00000269404,-7.867391667520124,4.020924866413663e-08
ENSG00000207751,-3.027864570516327,0.000270788304202231
ENSG00000263968,-2.176372047565263,0.0004239898921733663
ENSG00000095777,-10.494704171750843,4.443152827042051e-06
ENSG00000128052,-12.977790927121518,3.958254428478569e-36
ENSG00000164398,-7.945596230091461,0.0007462249413920877
ENSG00000137135,-2.60984004423901,1.9361124965693346e-10
ENSG00000176769,-8.00089585303851,4.451468981980112e-14
ENSG00000259151,-4.623854936678833,1.1484996409290028e-05
ENSG00000184305,-7.484864802180177,0.0015697051858452073
ENSG00000259048,-3.240787361050424,0.001999597691479758
ENSG00000027869,-3.5646349350860467,2.267311832489077e-08
ENSG00000138100,-9.473824633417811,4.0368858147128895e-05
ENSG00000232871,-4.219285342462098,0.004843236101644681
ENSG00000095587,-2.1645152888250454,4.968206537642778e-05
ENSG00000246263,-3.8056519485499707,6.661780684882142e-09
ENSG00000228204,-4.21396329497902,0.004547992051466541
ENSG00000279837,-2.1638645703459196,0.015330405890514468
ENSG00000166342,-12.410136354162656,4.0715168123595386e-08
ENSG00000007944,-4.352442405955592,7.771463743998106e-64
ENSG00000204740,-4.24943087496933,0.047327556989259084
ENSG00000227372,-2.3122195382859627,4.781369175746707e-58
ENSG00000166292,-2.068221043055775,0.02281714172291213
ENSG00000259692,-5.655236955546889,0.016865002852898853
ENSG00000005187,-3.6566508657204073,1.5893561708059716e-10
ENSG00000152580,-5.202290940580343,3.754455117573336e-15
ENSG00000155066,-4.450733342030076,1.8991273494398583e-18
ENSG00000267940,-3.1733989447468267,0.00035544306533244615
ENSG00000136040,-2.5842510203009668,2.108098328058785e-10
ENSG00000150510,-12.310232397417883,2.6150485749248526e-18
ENSG00000171243,-3.195714818154013,0.02045851509906438
ENSG00000225889,-7.041262037268274,1.292330125776717e-06
ENSG00000183778,-5.970999150432117,1.4523043792907832e-156
ENSG00000255836,-2.2696567287559866,0.023278313301912202
ENSG00000227885,-2.0357085818185374,0.004951362958801935
ENSG00000161999,-2.029154452394161,5.304881438913349e-29
ENSG00000181218,-2.9084407216539487,4.095702439370328e-48
ENSG00000280069,-2.9152020257891595,2.7672018187299005e-11
ENSG00000167676,-6.094020439826565,3.7146946802637824e-05
ENSG00000205702,-2.06144065704131,0.0010483169542796896
ENSG00000187764,-12.516351576917506,7.232812708557087e-19
ENSG00000137078,-10.038852764762694,1.2144497741304903e-05
ENSG00000121207,-12.6681075944419,2.0403450767964233e-08
ENSG00000145416,-7.4484441235287155,0.0016718883883364095
ENSG00000240666,-3.210888915682088,0.01974890008890614
ENSG00000182568,-2.4619836472513814,1.9156516929698593e-15
ENSG00000176208,-2.5710275369969158,1.1846576551159605e-20
ENSG00000154153,-3.3977077044006867,6.845746951672662e-07
ENSG00000268677,-2.6120399549348763,0.03537067062532039
ENSG00000156970,-2.1508902322474297,2.8821344079015362e-11
ENSG00000257093,-2.621886467721478,1.1891114755369088e-88
ENSG00000113161,-2.603170444265649,5.12543754343327e-91
ENSG00000178409,-3.6968489370447637,8.648690494655976e-149
ENSG00000163666,-5.5195942001392755,4.5753749594593226e-15
ENSG00000249242,-8.890926235072827,0.00013086474182920376
ENSG00000198185,-3.0741479514923773,5.823871611011761e-49
ENSG00000163050,-2.1585990914516104,1.3085127076118889e-24
ENSG00000149735,-5.4382159598872395,0.02045851509906438
ENSG00000130475,-5.950780559295252,7.056589581690004e-58
ENSG00000260834,-15.367079804860339,6.333562942136715e-12
ENSG00000156219,-3.9576142919079933,0.0070980741188379545
ENSG00000259959,-2.1454711034384073,4.772486095801047e-25
ENSG00000270605,-3.4630200913748594,0.0011261354710378005
ENSG00000228437,-6.910245894470052,0.0037282302743561367
ENSG00000091536,-2.99358671067386,7.761743592389219e-07
ENSG00000121104,-4.9478800203569895,7.94228135865989e-75
ENSG00000182389,-6.2951539910777194,5.0973110155158475e-17
ENSG00000166822,-2.251447374065169,2.398743928490629e-66
ENSG00000248360,-3.359698170026121,0.01713240845518718
ENSG00000120278,-4.878314961544532,1.222873605510938e-12
ENSG00000066032,-8.725918855528427,1.064900390182433e-16
ENSG00000264895,-2.4215674040226376,2.3632470378388998e-07
ENSG00000185527,-2.7848160427067787,2.129278635058164e-05
ENSG00000159217,-3.449937056317125,7.477230104217652e-30
ENSG00000087128,-6.731525797044882,0.004767221260873015
ENSG00000106078,-11.390466879315985,3.8297425569957857e-28
ENSG00000089486,-2.9583316048321824,2.9200255739654002e-39
ENSG00000120549,-2.73322359626449,9.316594824379967e-29
ENSG00000258559,-2.6612984293303965,1.4481681400494452e-08
ENSG00000242085,-2.2626094476536998,0.00012053305496237121
ENSG00000104341,-2.2423785483641288,8.88791104337365e-44
ENSG00000007171,-6.637033371584092,1.1848312293731061e-09
ENSG00000268357,-3.434418629639883,6.612481896893036e-14
ENSG00000196684,-4.654803173432511,0.0019227190244026392
ENSG00000145247,-5.092837803779056,1.8307367619224878e-88
ENSG00000237923,-11.237849332426494,7.792888770628106e-07
ENSG00000085514,-5.017196835276719,1.1749848721538144e-08
ENSG00000070669,-2.255371578499999,1.368363120199236e-07
ENSG00000225783,-5.3632510451495525,2.8808184496101978e-133
ENSG00000101489,-9.314314662926261,5.588988853322454e-05
ENSG00000167306,-6.625844983358978,1.563695308504602e-41
ENSG00000184454,-6.115025663363154,0.010726902241310954
ENSG00000085999,-2.0625155719754718,3.324559473065244e-09
ENSG00000133056,-3.536859521653198,2.6851146579328077e-51
ENSG00000173801,-3.382936839402563,5.755301918603693e-06
ENSG00000154655,-6.746869726536884,3.7753271081446514e-06
ENSG00000235823,-4.68217955389321,1.1690271229366125e-55
ENSG00000171757,-2.168126135703007,1.3200446240277977e-05
ENSG00000118418,-2.005169460052164,3.348435179873345e-23
ENSG00000162433,-6.298058280882619,5.639553314861292e-09
ENSG00000204060,-5.377225207189863,1.557098811212015e-11
ENSG00000248309,-4.021595688035232,0.006494621778372422
ENSG00000275097,-3.63714369610015,0.01199234449022683
ENSG00000111885,-3.083662707795622,7.309129782988809e-11
ENSG00000132182,-4.1160840572648505,0.00029290312336915334
ENSG00000134824,-2.439443870618056,3.6776612489666523e-23
ENSG00000223756,-3.7205064271220887,9.63891141327978e-08
ENSG00000265692,-3.2489435301482104,0.0065990177600845175
ENSG00000215158,-2.3217325102509467,9.504907220811032e-15
ENSG00000156475,-13.50859027241278,1.949894661823834e-09
ENSG00000113396,-5.212458254307166,4.7368012026390944e-17
ENSG00000105675,-5.978847776460609,0.012150355226791176
ENSG00000078328,-8.931694778521951,0.00011911531982642436
ENSG00000167315,-2.4018601196228304,1.8062602804229444e-08
ENSG00000120156,-2.0602913356457284,0.0020226578283676785
ENSG00000175130,-5.3358234168323175,1.9893650939642574e-132
ENSG00000115392,-2.301578262753214,4.018633062498036e-21
ENSG00000166689,-8.747501836329866,2.6811600447229452e-45
ENSG00000197859,-2.670245702253577,0.0041361979362205085
ENSG00000145808,-14.058721711770431,3.6626396389682113e-10
ENSG00000257246,-2.1924166171032393,0.005800074713214987
ENSG00000182732,-7.89857653329476,0.0008331059366437643
ENSG00000141068,-3.1605232416926916,7.839372785064767e-23
ENSG00000184602,-2.9043981594969797,1.7147237523041897e-41
ENSG00000229271,-5.574292473075151,0.01830386257379874
ENSG00000185513,-2.461051174623378,3.5872270949542085e-28
ENSG00000180233,-2.2406949256008772,1.0196433666687546e-23
ENSG00000146083,-3.2915020066188974,3.3180745396666388e-77
ENSG00000089094,-2.410179282722951,4.4692959162192397e-38
ENSG00000112041,-6.330398226302641,1.3510468311137787e-08
ENSG00000100784,-3.14113088584002,3.9707475256538897e-20
ENSG00000147324,-2.5927613839885137,5.388332990790199e-25
ENSG00000134569,-2.983358066502473,9.551395828690836e-77
ENSG00000153395,-2.058652810561361,8.914983554052384e-46
ENSG00000250682,-7.749405080131894,0.0010237029678255556
ENSG00000167670,-2.303849283310664,4.729643049314998e-20
ENSG00000261367,-8.112937773486182,0.0005452413810151524
ENSG00000250486,-2.7954542211812208,0.015791447532009478
ENSG00000172771,-3.4720812758963717,9.450650673726743e-05
ENSG00000197024,-2.0707634229108334,8.05044931490864e-67
ENSG00000101463,-4.512557979089064,3.175182890084869e-17
ENSG00000132819,-3.045215556146915,5.779945894451035e-44
ENSG00000266970,-5.259830059974695,6.72299544718826e-10
ENSG00000261251,-2.0069445175712035,0.002938350251309324
ENSG00000150722,-2.3414010297557692,0.008963384456271626
ENSG00000237886,-2.080265908018311,4.494401341690928e-06
ENSG00000241163,-7.189487814702901,0.0025389554123997843
ENSG00000014257,-5.005487868961167,1.578450553342096e-05
ENSG00000238344,-3.0132331436597557,0.0038522062374408113
ENSG00000057935,-2.2687182799668455,2.160721833221714e-65
ENSG00000141738,-7.987651228896886,1.5523647991769317e-42
ENSG00000272578,-2.7463813130911476,5.438364696908322e-10
ENSG00000136383,-7.250728235803739,4.659482006252884e-133
ENSG00000203875,-2.576005660265722,4.0129270864825605e-91
ENSG00000104147,-2.076629725814982,5.986491686321188e-11
ENSG00000197852,-2.4330584418965597,0.016623789727705052
ENSG00000100346,-7.454062413550349,3.0757850316641137e-12
ENSG00000102890,-2.027682321432219,5.640395965221168e-15
ENSG00000107736,-4.962858545900701,3.3200880884552904e-10
ENSG00000131979,-3.6654077922043196,2.0539173268180927e-26
ENSG00000284691,-2.831450491840233,7.963332011103055e-39
ENSG00000091129,-3.7296276145836096,1.1305914515412956e-21
ENSG00000224789,-4.250209394354223,0.047327556989259084
ENSG00000170175,-2.4578020101849183,7.940815660227699e-22
ENSG00000264538,-2.00461878741085,2.1054356159270767e-27
ENSG00000112972,-3.742334511964892,9.141899158010993e-164
ENSG00000283269,-7.713643040289823,0.001083880874020135
ENSG00000021645,-3.9985053018589345,3.8666098397945035e-11
ENSG00000196476,-2.2419215754989286,2.503785419086191e-24
ENSG00000081985,-8.045707625816153,0.0006178914721945436
ENSG00000231907,-4.652520023417579,0.0376206557666239
ENSG00000185015,-2.838078025017949,2.2565078233872578e-09
ENSG00000020633,-5.080476761260885,0.0006913904035343541
ENSG00000198468,-4.380736680311776,3.111726879824686e-27
ENSG00000158966,-2.8453924350158606,8.321150479224137e-82
ENSG00000198039,-3.6778559652966045,1.557926530657098e-47
ENSG00000135912,-2.209100354434442,5.089678667420359e-61
ENSG00000163492,-9.266625347502682,3.490030557859201e-35
ENSG00000182141,-2.5924538804498254,5.88702720146524e-57
ENSG00000181896,-2.333186465754553,4.144317561727304e-58
ENSG00000173401,-3.210888915682088,0.01974890008890614
ENSG00000119969,-2.9032142527765514,4.902528861900375e-35
ENSG00000188112,-2.8451474039028253,6.38693465587849e-68
ENSG00000184828,-4.526608608091488,0.0026540240774952386
ENSG00000101336,-6.287160887102981,0.008767436280877137
ENSG00000138439,-4.133366752509769,5.713436253996468e-77
ENSG00000135049,-2.292644893460502,4.464912441559501e-67
ENSG00000248592,-2.017075577224717,0.007821154642383272
ENSG00000181804,-4.211403153590333,7.098217656744281e-08
ENSG00000119688,-2.0798417285501416,1.5337091929757683e-38
ENSG00000027075,-4.178447275067635,1.961705634125806e-22
ENSG00000279347,-3.7848153501662285,9.250577379006464e-10
ENSG00000131459,-5.07079835213858,9.326409991801636e-11
ENSG00000177076,-2.1216428808812515,6.304699829723013e-15
ENSG00000214773,-2.781963336108688,0.00010358808696919726
ENSG00000213983,-3.0861072938557994,3.5652606606802844e-05
ENSG00000196189,-2.5183276913540773,1.6756668448474744e-18
ENSG00000228808,-2.843180689619226,0.02883078720589317
ENSG00000122025,-4.403738053558104,1.7641567409896967e-05
ENSG00000124920,-3.490150402985007,2.2055168755551973e-09
ENSG00000275084,-2.6259778289333817,0.0018373405009863121
ENSG00000204519,-2.5936257058211405,8.485195006798989e-43
ENSG00000159263,-3.857911647601621,0.008520610879977786
ENSG00000111679,-7.376760108825865,4.362212201784921e-35
ENSG00000247708,-2.17930880332382,3.663827537680532e-10
ENSG00000151725,-2.6365704235417855,8.51779507988982e-18
ENSG00000273247,-2.267844829787915,5.249681802688028e-14
ENSG00000277399,-2.2315412728559063,0.03181667216168597
ENSG00000065320,-10.664566290962252,3.00587616582224e-06
ENSG00000174718,-3.477694514600576,1.9390696281608494e-171
ENSG00000130038,-3.7736116114810367,1.8232404988837657e-10
ENSG00000144962,-9.4661421584219,4.0931162598987516e-05
ENSG00000100918,-3.384357146806868,7.960553947189478e-47
ENSG00000160191,-10.934080561222068,9.63531184916282e-15
ENSG00000116254,-3.2858826311358067,1.1237870128436598e-10
ENSG00000141576,-8.323630717787525,1.90979744672278e-40
ENSG00000167037,-9.47307590063361,2.4004791681615185e-11
ENSG00000183454,-5.132432062447685,1.0736260216366726e-17
ENSG00000160323,-2.291118754229841,1.105216950465835e-12
ENSG00000165434,-3.5160363659304026,2.1197680675186823e-27
ENSG00000157554,-9.839498448886454,1.8961407576983824e-05
ENSG00000135097,-14.20742572753308,2.38960999408157e-10
ENSG00000095370,-7.251660678650382,3.334807254854793e-16
ENSG00000168152,-2.660877998550599,5.53432593674828e-26
ENSG00000072201,-4.237621880882336,1.7648820865499819e-09
ENSG00000137225,-5.250205539996705,6.7462261803608915e-06
ENSG00000199476,-3.6958252816236667,0.0019523055998178726
ENSG00000111816,-3.1167690599087274,3.272537510602484e-05
ENSG00000254995,-2.9295907203790175,2.331013146079193e-05
ENSG00000127423,-2.409645525783896,2.1479956072775944e-19
ENSG00000186047,-8.756477253038392,0.00016785178482955858
ENSG00000137731,-2.33815465068417,0.04394013225150084
ENSG00000137474,-6.034698425643557,2.2513096165670115e-13
ENSG00000268889,-2.631068531521377,0.020798275662369112
ENSG00000105523,-2.793232486315543,9.90818586351822e-10
ENSG00000133424,-3.1610130058576495,1.5959441583968586e-117
ENSG00000179776,-7.073290032983103,0.003120008171968806
ENSG00000186469,-2.0402366224792265,2.172732945811039e-11
ENSG00000250802,-3.97630397242981,4.543878213474883e-20
ENSG00000182256,-6.294597788486641,0.008369625281308656
ENSG00000126803,-3.030671919435237,1.4425431413828752e-33
ENSG00000117569,-2.450953267223292,7.18646247395079e-54
ENSG00000224699,-2.184613068362997,1.4838624181214135e-11
ENSG00000231134,-2.631379732593568,0.0056163369610682905
ENSG00000086967,-10.077361517064743,1.1217646196350569e-05
ENSG00000114805,-10.09061904838655,3.215498900567842e-32
ENSG00000169851,-2.42521470114119,1.8368869700762786e-05
ENSG00000255621,-4.560309006937783,0.04007834437460881
ENSG00000245213,-2.3560064949719286,3.2375374534243097e-07
ENSG00000124749,-7.2601546567392345,1.553591496220047e-11
ENSG00000120885,-2.9435524200517094,7.585547341875666e-101
ENSG00000135951,-3.1616858960923206,1.450564575295288e-16
ENSG00000144331,-3.4322605584517647,6.90062307080972e-08
ENSG00000165905,-11.49522771849727,1.1895228072223014e-28
ENSG00000102934,-4.4585711347893575,3.742666423586394e-07
ENSG00000275371,-8.71302455597898,0.00018414949550539297
ENSG00000274290,-3.2675903914282616,1.5683610177403657e-06
ENSG00000205189,-2.2050878586029263,7.851364378038733e-21
ENSG00000162772,-2.157867127658636,1.6025890849847335e-09
ENSG00000175591,-2.456634338911776,0.0025856899267915805
ENSG00000132003,-2.0602700369928506,9.20800199454987e-49
ENSG00000198056,-2.1927516395692654,8.001185033110192e-14
ENSG00000120756,-4.64727140056389,4.466634217793264e-67
ENSG00000084710,-4.004022862917294,9.33312378924272e-34
ENSG00000274317,-10.327342436752541,6.761999238625288e-06
ENSG00000158528,-11.282598875390034,1.2597288073692517e-15
ENSG00000157734,-4.16430431168738,2.0577389338831727e-23
ENSG00000284606,-7.649893667956001,0.001225930447402019
ENSG00000161835,-2.302010924157677,0.0002677878322199889
ENSG00000203809,-7.7288878821965366,0.0010640631732159204
ENSG00000186517,-3.0288061473962427,0.00902626179346934
ENSG00000004864,-2.77125455802237,7.339841271563396e-37
ENSG00000196456,-2.039033447387583,1.1275832324956359e-19
ENSG00000108924,-3.2950972207669813,0.0017266057498089111
ENSG00000267260,-4.486620806781617,1.06330142523604e-06
ENSG00000185666,-7.5749655478019795,9.151006729139941e-33
ENSG00000254413,-2.907763475419827,0.006444708011199681
ENSG00000278987,-2.393412418968473,1.9588850981913616e-07
ENSG00000280058,-12.787126047293327,1.4821025511951394e-08
ENSG00000123119,-7.624236203798439,9.031682380096728e-13
