,Term,P-value,Adjusted P-value,Overlap,Combined Score,Genes,Genes Ratio,Genes Number,CellType
0,Neuronal System,0.0002499791436101875,0.1421124744603756,23/411,19.956696808525585,UNC13B;KCNJ6;PRKAA2;KCNC1;RASGRF2;NRXN3;CACNA2D2;SLC1A3;PRKCA;ADCY2;ADCY1;GRIK2;GABRG3;GRIN2B;KIF17;GRIP2;GJC1;GNB3;DLGAP1;KRAS;MAPT;DLGAP3;SHANK2,0.0465587044534413,23,H1ESC
1,Transmission Across Chemical Synapses,0.00040366596830324183,0.1421124744603756,17/269,21.28019792930875,UNC13B;KCNJ6;PRKAA2;RASGRF2;CACNA2D2;SLC1A3;PRKCA;ADCY2;GRIK2;ADCY1;GABRG3;GRIN2B;KIF17;GRIP2;GNB3;KRAS;MAPT,0.03441295546558704,17,H1ESC
2,Epithelial-Mesenchymal Transition (EMT) During Gastrulation,0.0004867884208116,0.1421124744603756,3/7,227.22255785075785,CDH1;CLDN7;FGFR1,0.006072874493927126,3,H1ESC
3,Neurotransmitter Receptors and Postsynaptic Signal Transmission,0.0005730341712111919,0.1421124744603756,14/204,22.133745412802316,KCNJ6;PRKAA2;RASGRF2;PRKCA;ADCY2;GRIK2;ADCY1;GABRG3;GRIN2B;KIF17;GRIP2;GNB3;KRAS;MAPT,0.02834008097165992,14,H1ESC
4,Laminin Interactions,0.0007703626331854636,0.1528399464239959,5/30,57.11756854809272,COL18A1;LAMA5;LAMA1;NID2;HSPG2,0.010121457489878543,5,H1ESC
5,High Laminar Flow Shear Stress Activates Signaling by PIEZO1 and PECAM1 CDH5 KDR in Endothelial Cell,0.001547270076516,0.2558153193173156,7/69,29.1710500002118,MMP14;P2RY2;KDR;GNB3;ADCY2;ADCY1;VCL,0.01417004048582996,7,H1ESC
6,Extracellular Matrix Organization,0.0033890633202334,0.4016036444207439,16/300,12.88460028583564,APP;COL18A1;LAMA5;SDC4;LAMA1;SERPINE1;PRKCA;HSPG2;NID2;ADAMTS16;MFAP4;MMP14;CAPN11;CDH1;KDR;TIMP2,0.032388663967611336,16,H1ESC
7,Nephron Development,0.0035612307418792,0.4016036444207439,3/13,67.15576769499242,IRX2;JAG1;WNT4,0.006072874493927126,3,H1ESC
8,"PTK6 Regulates RHO GTPases, RAS GTPase and MAP Kinases",0.0044500448099127,0.4016036444207439,3/14,58.63487919018083,ELMO1;KRAS;BCAR1,0.006072874493927126,3,H1ESC
9,Repression of WNT Target Genes,0.0044500448099127,0.4016036444207439,3/14,58.63487919018083,TCF7L1;TLE2;TLE1,0.006072874493927126,3,H1ESC
10,Semaphorin Interactions,0.0049241977791583,0.4016036444207439,6/64,21.90618448272453,SEMA4D;CRMP1;SEMA3E;PLXNC1;MYL9;MYH10,0.012145748987854251,6,H1ESC
11,IRS Activation,0.0057946563672246,0.4016036444207439,2/5,136.11981700300345,INSR;GRB10,0.004048582995951417,2,H1ESC
12,RAC1 GTPase Cycle,0.0061680919393698,0.4016036444207439,11/184,12.950216286945064,PREX2;ARHGAP9;PLEKHG3;DOCK5;JAG1;ARHGEF39;RASGRF2;CHN2;IQGAP2;FERMT2;ARHGAP23,0.022267206477732792,11,H1ESC
13,SUMOylation of DNA Methylation Proteins,0.006599935117734,0.4016036444207439,3/16,45.99800248206572,PHC1;CBX2;DNMT3B,0.006072874493927126,3,H1ESC
14,Cell-cell Junction Organization,0.0077548691077192,0.4016036444207439,7/92,15.959065661693453,PARD6B;CDH1;CLDN7;CDH9;PVR;SDK2;CRB3,0.01417004048582996,7,H1ESC
15,Activation of NMDA Receptors and Postsynaptic Events,0.0082128968475602,0.4016036444207439,7/93,15.58642421765275,PRKAA2;RASGRF2;KRAS;MAPT;ADCY1;KIF17;GRIN2B,0.01417004048582996,7,H1ESC
16,Cellular Responses to Mechanical Stimuli,0.0082128968475602,0.4016036444207439,7/93,15.58642421765275,MMP14;P2RY2;KDR;GNB3;ADCY2;ADCY1;VCL,0.01417004048582996,7,H1ESC
17,Response of Endothelial Cells to Shear Stress,0.0082128968475602,0.4016036444207439,7/93,15.58642421765275,MMP14;P2RY2;KDR;GNB3;ADCY2;ADCY1;VCL,0.01417004048582996,7,H1ESC
18,VLDL Clearance,0.0085503150576224,0.4016036444207439,2/6,94.3743627619052,APOC1;VLDLR,0.004048582995951417,2,H1ESC
19,RHO GTPase Cycle,0.008672696538699,0.4016036444207439,20/450,8.886738353839537,ARHGAP9;PLEKHG3;DOCK5;JAG1;RASGRF2;ARHGEF28;ARHGEF39;STMN2;FNBP1L;IQGAP2;FAM169A;UACA;ARHGAP23;PREX2;SYDE1;PARD6B;FAM135A;CHN2;RHPN2;FERMT2,0.04048582995951417,20,H1ESC
20,Signal Transduction,0.009152436401404,0.4016036444207439,83/2613,6.360184253967963,ARHGAP9;APP;DOCK5;RARG;RASGRF2;SERPINE1;STMN2;BUB1B;SPINT2;FNBP1L;PREX2;SYDE1;SYNGAP1;RPS6KA5;CDH1;TIMP2;GRB10;KDR;NRTN;FGFBP3;TNS4;RGS6;PLEKHG3;MYLIP;TLE2;RBFOX2;TLE1;PRKCA;GABRG3;MMP14;NRG3;CTTN;ELMO1;ROR1;MYL9;RAPGEF3;VCL;NOTCH3;LAMA5;PRKAA2;PLPPR3;LAMA1;ARHGEF28;FOXO6;ADCY2;ADCY1;FAM169A;IQGAP2;UACA;MCHR1;FOXO1;KLC3;PARD6B;TNKS2;CHN2;P2RY2;IGF2BP1;LRIG1;STAP2;RHPN2;E2F5;MYH10;NTSR1;SPTBN2;WNT4;TCF7L1;PHC1;JAG1;INSR;ARHGEF39;CBX2;GRIN2B;ARHGAP23;SKI;FAM135A;APOC1;GNB3;KRAS;PDE7A;BMPR1B;FERMT2;BCAR1;FGFR1,0.1680161943319838,83,H1ESC
21,Signaling by Rho GTPases,0.0094335445906493,0.4016036444207439,27/672,7.884285028800123,ARHGAP9;DOCK5;RASGRF2;ARHGEF28;STMN2;BUB1B;FNBP1L;FAM169A;IQGAP2;UACA;PREX2;SYDE1;KLC3;PARD6B;CDH1;CHN2;RHPN2;MYH10;PLEKHG3;JAG1;ARHGEF39;PRKCA;ARHGAP23;FAM135A;CTTN;MYL9;FERMT2,0.05465587044534413,27,H1ESC
22,Cell Junction Organization,0.0094357023432616,0.4016036444207439,8/119,13.41249756181993,PARD6B;CDH1;CLDN7;CDH9;PVR;FERMT2;SDK2;CRB3,0.016194331983805668,8,H1ESC
23,Other Semaphorin Interactions,0.0108115047669366,0.4016036444207439,3/19,33.694263788326005,SEMA4D;SEMA3E;PLXNC1,0.006072874493927126,3,H1ESC
24,VEGFR2 Mediated Cell Proliferation,0.0108115047669366,0.4016036444207439,3/19,33.694263788326005,KDR;PRKCA;KRAS,0.006072874493927126,3,H1ESC
25,Regulation of Endogenous Retroelements by KRAB-ZFP Proteins,0.0112256418060542,0.4016036444207439,6/76,15.326519539089904,ZNF33A;ZNF708;ZNF273;ZNF519;ZNF382;ZNF418,0.012145748987854251,6,H1ESC
26,Signaling by Non-Receptor Tyrosine Kinases,0.0113701428443656,0.4016036444207439,5/55,17.811846282746203,NRG3;ELMO1;STAP2;KRAS;BCAR1,0.010121457489878543,5,H1ESC
27,Signaling by PTK6,0.0113701428443656,0.4016036444207439,5/55,17.811846282746203,NRG3;ELMO1;STAP2;KRAS;BCAR1,0.010121457489878543,5,H1ESC
28,Ras Activation Upon Ca2+ Influx Through NMDA Receptor,0.0124898837427873,0.4016036444207439,3/20,30.69980685080161,RASGRF2;KRAS;GRIN2B,0.006072874493927126,3,H1ESC
29,Sema4D Induced Cell Migration and Growth-Cone Collapse,0.0124898837427873,0.4016036444207439,3/20,30.69980685080161,SEMA4D;MYH10;MYL9,0.006072874493927126,3,H1ESC
30,"Signaling by Rho GTPases, Miro GTPases and RHOBTB3",0.0125501138881482,0.4016036444207439,27/688,7.216387682247427,ARHGAP9;DOCK5;RASGRF2;ARHGEF28;STMN2;BUB1B;FNBP1L;FAM169A;IQGAP2;UACA;PREX2;SYDE1;KLC3;PARD6B;CDH1;CHN2;RHPN2;MYH10;PLEKHG3;JAG1;ARHGEF39;PRKCA;ARHGAP23;FAM135A;CTTN;MYL9;FERMT2,0.05465587044534413,27,H1ESC
31,Neurexins and Neuroligins,0.013150307612099,0.4035482060783271,5/57,16.568606896257688,NRXN3;DLGAP1;DLGAP3;GRIN2B;SHANK2,0.010121457489878543,5,H1ESC
32,Signaling by MET,0.0134244866941378,0.4035482060783271,6/79,14.108917274992288,LAMA5;LAMA1;LRIG1;KRAS;SPINT2;TNS4,0.012145748987854251,6,H1ESC
33,Post NMDA Receptor Activation Events,0.0142198647291622,0.4055557257478024,6/80,13.731702118751022,PRKAA2;RASGRF2;KRAS;MAPT;ADCY1;GRIN2B,0.012145748987854251,6,H1ESC
34,RHO GTPases Activate PAKs,0.014308921775376,0.4055557257478024,3/21,28.093361247566794,CTTN;MYH10;MYL9,0.006072874493927126,3,H1ESC
35,Non-integrin membrane-ECM Interactions,0.0151095667778695,0.416352506767962,5/59,15.441773346026167,LAMA5;SDC4;LAMA1;PRKCA;HSPG2,0.010121457489878543,5,H1ESC
36,GABA Receptor Activation,0.0161585696930846,0.4247333683048818,5/60,14.917513009164928,KCNJ6;GNB3;ADCY2;ADCY1;GABRG3,0.010121457489878543,5,H1ESC
37,SHC1 Events in ERBB2 Signaling,0.0162700282213563,0.4247333683048818,3/22,25.808508164029803,NRG3;PRKCA;KRAS,0.006072874493927126,3,H1ESC
38,Integration of Energy Metabolism,0.0176966650293169,0.4501305566431397,7/108,11.141356079033695,PRKAA2;CACNA2D2;GNB3;PRKCA;ADCY2;ADCY1;RAPGEF3,0.01417004048582996,7,H1ESC
39,EGFR Transactivation by Gastrin,0.0195376395055004,0.4680934026902687,2/9,44.56248967676668,KRAS;PRKCA,0.004048582995951417,2,H1ESC
40,NCAM Signaling for Neurite Out-Growth,0.0195929302906704,0.4680934026902687,5/63,13.482995171343092,RPS6KA5;NRTN;KRAS;SPTBN2;FGFR1,0.010121457489878543,5,H1ESC
41,Sema4D in Semaphorin Signaling,0.020622185548888,0.4680934026902687,3/24,22.004318173348594,SEMA4D;MYH10;MYL9,0.006072874493927126,3,H1ESC
42,Activation of GABAB Receptors,0.0212340757268771,0.4680934026902687,4/43,15.696444989104522,KCNJ6;GNB3;ADCY2;ADCY1,0.008097165991902834,4,H1ESC
43,GABA B Receptor Activation,0.0212340757268771,0.4680934026902687,4/43,15.696444989104522,KCNJ6;GNB3;ADCY2;ADCY1,0.008097165991902834,4,H1ESC
44,Vasopressin Regulates Renal Water Homeostasis via Aquaporins,0.0212340757268771,0.4680934026902687,4/43,15.696444989104522,MYO5B;GNB3;ADCY2;ADCY1,0.008097165991902834,4,H1ESC
45,Degradation of the Extracellular Matrix,0.023096880914498,0.4767017194719261,8/140,9.10367250289392,ADAMTS16;COL18A1;LAMA5;MMP14;CAPN11;CDH1;TIMP2;HSPG2,0.016194331983805668,8,H1ESC
46,AKT Phosphorylates Targets in the Nucleus,0.0240273044088672,0.4767017194719261,2/10,36.9408276917869,FOXO6;FOXO1,0.004048582995951417,2,H1ESC
47,Adenylate Cyclase Activating Pathway,0.0240273044088672,0.4767017194719261,2/10,36.9408276917869,ADCY2;ADCY1,0.004048582995951417,2,H1ESC
48,Regulation of FOXO Transcriptional Activity by Acetylation,0.0240273044088672,0.4767017194719261,2/10,36.9408276917869,SIRT1;FOXO1,0.004048582995951417,2,H1ESC
49,Signal Attenuation,0.0240273044088672,0.4767017194719261,2/10,36.9408276917869,INSR;GRB10,0.004048582995951417,2,H1ESC
50,EPH-Ephrin Signaling,0.0264402032724941,0.5058005998647704,6/92,10.086302968713968,ARHGEF28;CLTCL1;MYL9;MYH10;GRIN2B;EPHB4,0.012145748987854251,6,H1ESC
51,Kidney Development,0.0265137411219436,0.5058005998647704,4/46,13.73296667803982,IRX2;JAG1;EYA1;WNT4,0.008097165991902834,4,H1ESC
52,Axon Guidance,0.0284687677672132,0.5307759250320794,21/541,5.769124190511164,SEMA4D;LAMA1;ARHGEF28;CRMP1;PRKCA;SEMA3E;VLDLR;GRIN2B;ABLIM2;RPS6KA5;CLTCL1;GRB10;NRTN;KRAS;PLXNC1;MYL9;NEO1;MYH10;EPHB4;SPTBN2;FGFR1,0.04251012145748988,21,H1ESC
53,TGFBR3 PTM Regulation,0.0288930443061817,0.5307759250320794,2/11,31.210649604905647,MMP14;TIMP2,0.004048582995951417,2,H1ESC
54,G Alpha (Z) Signalling Events,0.0304323403385542,0.5488887566517417,4/48,12.609676808911791,GNB3;ADCY2;PRKCA;ADCY1,0.008097165991902834,4,H1ESC
55,CREB1 Phosphorylation Through NMDA Receptor-Mediated Activation of RAS Signaling,0.0310534879749604,0.5500903584135858,3/28,16.53089008848609,RASGRF2;KRAS;GRIN2B,0.006072874493927126,3,H1ESC
56,Regulation of Localization of FOXO Transcription Factors,0.0341136208204313,0.5834605492046183,2/12,26.771800502174703,FOXO6;FOXO1,0.004048582995951417,2,H1ESC
57,Reversible Hydration of Carbon Dioxide,0.0341136208204313,0.5834605492046183,2/12,26.771800502174703,CA9;CA13,0.004048582995951417,2,H1ESC
58,Aquaporin-mediated Transport,0.0392426582189748,0.6338251717645095,4/52,10.71510663434576,MYO5B;GNB3;ADCY2;ADCY1,0.008097165991902834,4,H1ESC
59,ECM Proteoglycans,0.0398429697044751,0.6338251717645095,5/76,9.020320128201256,APP;LAMA5;LAMA1;SERPINE1;HSPG2,0.010121457489878543,5,H1ESC
60,Tight Junction Interactions,0.0403731201733836,0.6338251717645095,3/31,13.64192928901883,PARD6B;CLDN7;CRB3,0.006072874493927126,3,H1ESC
61,Cell-Cell Communication,0.0414410064091527,0.6338251717645095,8/157,6.807822514052744,PARD6B;CDH1;CLDN7;CDH9;PVR;FERMT2;SDK2;CRB3,0.016194331983805668,8,H1ESC
62,Nervous System Development,0.0435232431991145,0.6338251717645095,21/567,4.83244141974244,SEMA4D;LAMA1;ARHGEF28;CRMP1;PRKCA;SEMA3E;VLDLR;GRIN2B;ABLIM2;RPS6KA5;CLTCL1;GRB10;NRTN;KRAS;PLXNC1;MYL9;NEO1;MYH10;EPHB4;SPTBN2;FGFR1,0.04251012145748988,21,H1ESC
63,Insulin Receptor Signalling Cascade,0.0441376343061789,0.6338251717645095,4/54,9.912053680041964,INSR;GRB10;KRAS;FGFR1,0.008097165991902834,4,H1ESC
64,Adenylate Cyclase Inhibitory Pathway,0.0455383831181936,0.6338251717645095,2/14,20.400020126152167,ADCY2;ADCY1,0.004048582995951417,2,H1ESC
65,"Defective EXT1 Causes Exostoses 1, TRPS2 and CHDS",0.0455383831181936,0.6338251717645095,2/14,20.400020126152167,SDC4;HSPG2,0.004048582995951417,2,H1ESC
66,Defective EXT2 Causes Exostoses 2,0.0455383831181936,0.6338251717645095,2/14,20.400020126152167,SDC4;HSPG2,0.004048582995951417,2,H1ESC
67,IRAK1 Recruits IKK Complex,0.0455383831181936,0.6338251717645095,2/14,20.400020126152167,PELI3;PELI2,0.004048582995951417,2,H1ESC
68,IRAK1 Recruits IKK Complex Upon TLR7 8 or 9 Stimulation,0.0455383831181936,0.6338251717645095,2/14,20.400020126152167,PELI3;PELI2,0.004048582995951417,2,H1ESC
69,SHC1 Events in ERBB4 Signaling,0.0455383831181936,0.6338251717645095,2/14,20.400020126152167,NRG3;KRAS,0.004048582995951417,2,H1ESC
70,"Synthesis of IP2, IP, and Ins in the Cytosol",0.0455383831181936,0.6338251717645095,2/14,20.400020126152167,ISYNA1;IMPA2,0.004048582995951417,2,H1ESC
71,Generic Transcription Pathway,0.0460738915117796,0.6338251717645095,40/1230,4.17337221372264,NOTCH3;ZNF571;RARG;PRKAA2;ZNF273;ZNF493;THRB;SERPINE1;ZNF43;FOXO6;FOXO1;ZNF708;ZFP14;ZNF724;E2F5;ZNF521;ZNF620;BCL2L14;ZNF100;ZNF582;TCF7L1;PHC1;JAG1;RBFOX3;ZNF382;CBX2;GRIN2B;SIRT1;ZNF33A;SKI;ZNF92;ZNF519;ZNF738;ZNF418;ZNF616;TAF4B;KRAS;ZNF138;ZNF215;MYL9,0.08097165991902834,40,H1ESC
72,Activation of Matrix Metalloproteinases,0.0472813132163041,0.6338251717645095,3/33,12.104632014403796,COL18A1;MMP14;TIMP2,0.006072874493927126,3,H1ESC
73,Glucagon Signaling in Metabolic Regulation,0.0472813132163041,0.6338251717645095,3/33,12.104632014403796,GNB3;ADCY2;ADCY1,0.006072874493927126,3,H1ESC
74,Response of EIF2AK1 (HRI) to Heme Deficiency,0.0517040642767787,0.6838724235008604,2/15,18.055826385533596,GRB10;CHAC1,0.004048582995951417,2,H1ESC
75,CaM Pathway,0.0547295512065684,0.696047625601486,3/35,10.802981403626386,ADCY2;PRKCA;ADCY1,0.006072874493927126,3,H1ESC
76,Calmodulin Induced Events,0.0547295512065684,0.696047625601486,3/35,10.802981403626386,ADCY2;PRKCA;ADCY1,0.006072874493927126,3,H1ESC
77,Lysosome Vesicle Biogenesis,0.0547295512065684,0.696047625601486,3/35,10.802981403626386,APP;AP1G2;AP1M2,0.006072874493927126,3,H1ESC
78,Regulation of Endogenous Retroelements,0.0572756407506448,0.7121276627695702,6/111,6.497017474307755,ZNF33A;ZNF708;ZNF273;ZNF382;ZNF519;ZNF418,0.012145748987854251,6,H1ESC
79,GRB2 Events in ERBB2 Signaling,0.0581475208511443,0.7121276627695702,2/16,16.100550667441347,NRG3;KRAS,0.004048582995951417,2,H1ESC
80,VLDLR Internalisation and Degradation,0.0581475208511443,0.7121276627695702,2/16,16.100550667441347,MYLIP;VLDLR,0.004048582995951417,2,H1ESC
81,Ca-dependent Events,0.0627011039754055,0.749391507754245,3/37,9.690660208153409,ADCY2;PRKCA;ADCY1,0.006072874493927126,3,H1ESC
82,Plasma Lipoprotein Clearance,0.0627011039754055,0.749391507754245,3/37,9.690660208153409,MYLIP;APOC1;VLDLR,0.006072874493927126,3,H1ESC
83,PKA Activation in Glucagon Signalling,0.0648513307591584,0.756853177801002,2/17,14.450056128071928,ADCY2;ADCY1,0.004048582995951417,2,H1ESC
84,Trafficking of GluR2-containing AMPA Receptors,0.0648513307591584,0.756853177801002,2/17,14.450056128071928,PRKCA;GRIP2,0.004048582995951417,2,H1ESC
85,Protein-protein Interactions at Synapses,0.0668245980171899,0.7577060629031859,5/88,6.474055850629675,NRXN3;DLGAP1;DLGAP3;GRIN2B;SHANK2,0.010121457489878543,5,H1ESC
86,Defective B3GALTL Causes PpS,0.0668772857992204,0.7577060629031859,3/38,9.194127661706997,ADAMTS16;ADAMTS17;THSD7A,0.006072874493927126,3,H1ESC
87,Clathrin-mediated Endocytosis,0.0685730779174877,0.7577060629031859,7/145,5.406125320412661,SCARB2;CTTN;CLTCL1;STON1;PACSIN3;STON2;FNBP1L,0.01417004048582996,7,H1ESC
88,Ca2+ Pathway,0.0701726097897334,0.7577060629031859,4/63,7.1486316843863,TCF7L1;GNB3;PRKCA;KRAS,0.008097165991902834,4,H1ESC
89,Diseases of Glycosylation,0.0705788349986956,0.7577060629031859,7/146,5.309216665664043,ADAMTS16;NOTCH3;CHST6;SDC4;ADAMTS17;THSD7A;HSPG2,0.01417004048582996,7,H1ESC
90,O-glycosylation of TSR Domain-Containing Proteins,0.071177051056379,0.7577060629031859,3/39,8.732370438462214,ADAMTS16;ADAMTS17;THSD7A,0.006072874493927126,3,H1ESC
91,Gastrin-CREB Signalling Pathway via PKC and MAPK,0.0717987599928422,0.7577060629031859,2/18,13.042296379577175,PRKCA;KRAS,0.004048582995951417,2,H1ESC
92,Metabolism of Amine-Derived Hormones,0.0717987599928422,0.7577060629031859,2/18,13.042296379577175,TPH2;SLC5A5,0.004048582995951417,2,H1ESC
93,PKA Activation,0.0717987599928422,0.7577060629031859,2/18,13.042296379577175,ADCY2;ADCY1,0.004048582995951417,2,H1ESC
94,Signaling by Receptor Tyrosine Kinases,0.0744199626581477,0.7771010837566583,19/536,3.816944816807633,LAMA5;RBFOX2;LAMA1;INSR;PRKCA;SPINT2;GRIN2B;GABRG3;RPS6KA5;NRG3;GRB10;KDR;ELMO1;LRIG1;KRAS;FGFBP3;TNS4;BCAR1;FGFR1,0.038461538461538464,19,H1ESC
95,RHOA GTPase Cycle,0.0768039780046447,0.7793682687375831,7/149,5.030566347611748,PREX2;ARHGAP9;PLEKHG3;ARHGEF28;RASGRF2;RHPN2;ARHGAP23,0.01417004048582996,7,H1ESC
96,RHO GTPases Activate ROCKs,0.0789737394496853,0.7793682687375831,2/19,11.830596100042126,MYH10;MYL9,0.004048582995951417,2,H1ESC
97,RHO GTPases Activate CIT,0.0789737394496853,0.7793682687375831,2/19,11.830596100042126,MYH10;MYL9,0.004048582995951417,2,H1ESC
98,DAG and IP3 Signaling,0.0801366566645498,0.7793682687375831,3/41,7.900791867190184,ADCY2;PRKCA;ADCY1,0.006072874493927126,3,H1ESC
99,Diseases Associated With Glycosaminoglycan Metabolism,0.0801366566645498,0.7793682687375831,3/41,7.900791867190184,CHST6;SDC4;HSPG2,0.006072874493927126,3,H1ESC
100,MET Promotes Cell Motility,0.0801366566645498,0.7793682687375831,3/41,7.900791867190184,LAMA5;LAMA1;TNS4,0.006072874493927126,3,H1ESC
101,RET Signaling,0.0801366566645498,0.7793682687375831,3/41,7.900791867190184,GRB10;NRTN;PRKCA,0.006072874493927126,3,H1ESC
102,Deactivation of the Beta-Catenin Transactivating Complex,0.0847909389488448,0.7859628953525045,3/42,7.525633539664594,TCF7L1;TLE2;TLE1,0.006072874493927126,3,H1ESC
103,EPHB-mediated Forward Signaling,0.0847909389488448,0.7859628953525045,3/42,7.525633539664594,ARHGEF28;GRIN2B;EPHB4,0.006072874493927126,3,H1ESC
104,Defective B3GALT6 Causes EDSP2 and SEMDJL1,0.0863608423320796,0.7859628953525045,2/20,10.779227028502554,SDC4;HSPG2,0.004048582995951417,2,H1ESC
105,Defective B3GAT3 Causes JDSSDHD,0.0863608423320796,0.7859628953525045,2/20,10.779227028502554,SDC4;HSPG2,0.004048582995951417,2,H1ESC
106,"Defective B4GALT7 Causes EDS, Progeroid Type",0.0863608423320796,0.7859628953525045,2/20,10.779227028502554,SDC4;HSPG2,0.004048582995951417,2,H1ESC
107,PKA-mediated Phosphorylation of CREB,0.0863608423320796,0.7859628953525045,2/20,10.779227028502554,ADCY2;ADCY1,0.004048582995951417,2,H1ESC
108,Signaling by PDGFR in Disease,0.0863608423320796,0.7859628953525045,2/20,10.779227028502554,KDR;KRAS,0.004048582995951417,2,H1ESC
109,ADORA2B Mediated Anti-Inflammatory Cytokines Production,0.0895577074989183,0.7913606572980493,3/43,7.174485947926203,GNB3;ADCY2;ADCY1,0.006072874493927126,3,H1ESC
110,Signaling by SCF-KIT,0.0895577074989183,0.7913606572980493,3/43,7.174485947926203,GRB10;PRKCA;KRAS,0.006072874493927126,3,H1ESC
111,CDC42 GTPase Cycle,0.0901864476334899,0.7913606572980493,7/155,4.523151233696165,PREX2;ARHGAP9;PLEKHG3;SYDE1;RASGRF2;FNBP1L;IQGAP2,0.01417004048582996,7,H1ESC
112,Sensory Processing of Sound by Inner Hair Cells of the Cochlea,0.0910444317697943,0.7913606572980493,4/69,5.850996639621345,TMIE;CDH23;CIB2;CACNA2D2,0.008097165991902834,4,H1ESC
113,CD209 (DC-SIGN) Signaling,0.093945262392338,0.7913606572980493,2/21,9.860417752794897,RPS6KA5;KRAS,0.004048582995951417,2,H1ESC
114,SHC-mediated Cascade FGFR1,0.093945262392338,0.7913606572980493,2/21,9.860417752794897,KRAS;FGFR1,0.004048582995951417,2,H1ESC
115,Smooth Muscle Contraction,0.0944340046246489,0.7913606572980493,3/44,6.845346847098462,SORBS3;MYL9;VCL,0.006072874493927126,3,H1ESC
116,Glycerophospholipid Biosynthesis,0.0978419160426084,0.7913606572980493,6/128,4.540736260022189,AGPAT5;CHKA;GPD1;MBOAT2;PLAAT3;MFSD2A,0.012145748987854251,6,H1ESC
117,Diseases Associated With O-glycosylation of Proteins,0.0985910041298453,0.7913606572980493,4/71,5.487151292275097,ADAMTS16;NOTCH3;ADAMTS17;THSD7A,0.008097165991902834,4,H1ESC
118,VEGFA-VEGFR2 Pathway,0.0986063287612959,0.7913606572980493,5/99,4.891683440188144,KDR;ELMO1;PRKCA;KRAS;BCAR1,0.010121457489878543,5,H1ESC
119,GPER1 Signaling,0.0994168164893553,0.7913606572980493,3/45,6.53642120589108,GNB3;ADCY2;ADCY1,0.006072874493927126,3,H1ESC
120,Signaling by ERBB2 TMD JMD Mutants,0.1017127927446178,0.7913606572980493,2/22,9.052285440647433,NRG3;KRAS,0.004048582995951417,2,H1ESC
121,Intracellular Signaling by Second Messengers,0.102395417694806,0.7913606572980493,12/321,3.524819637910978,PREX2;PHC1;NRG3;TNKS2;INSR;CBX2;FOXO6;PRKCA;ADCY2;ADCY1;FOXO1;FGFR1,0.024291497975708502,12,H1ESC
122,RNA Polymerase II Transcription,0.1077865057802376,0.7913606572980493,41/1360,2.779967267352645,NOTCH3;ZNF571;RARG;PRKAA2;ZNF273;ZNF493;THRB;SERPINE1;ZNF43;FOXO6;U2AF1;FOXO1;ZNF708;ZFP14;ZNF724;E2F5;ZNF521;ZNF620;BCL2L14;ZNF100;ZNF582;TCF7L1;PHC1;JAG1;RBFOX3;ZNF382;CBX2;GRIN2B;SIRT1;ZNF33A;SKI;ZNF92;ZNF519;ZNF738;ZNF418;ZNF616;TAF4B;KRAS;ZNF138;ZNF215;MYL9,0.08299595141700405,41,H1ESC
123,Epigenetic Regulation of Gene Expression,0.1080905657981097,0.7913606572980493,11/291,3.4790820487076535,ZNF33A;ZNF708;ZNF273;ZNF382;ZNF519;ZNF418;TET3;DNMT3B;TET1;PSIP1;SIRT1,0.022267206477732792,11,H1ESC
124,FRS-mediated FGFR1 Signaling,0.1096498054082502,0.7913606572980493,2/23,8.337375693491012,KRAS;FGFR1,0.004048582995951417,2,H1ESC
125,SUMOylation of RNA Binding Proteins,0.1096896951514748,0.7913606572980493,3/47,5.972916589630754,PHC1;NUP210;CBX2,0.006072874493927126,3,H1ESC
126,Gap Junction Trafficking,0.1149735219854077,0.7913606572980493,3/48,5.7155712995122325,GJC1;CLTCL1;GJB7,0.006072874493927126,3,H1ESC
127,Beta-catenin Independent WNT Signaling,0.1150405371031901,0.7913606572980493,6/134,4.025136802462479,TCF7L1;GNB3;PRKCA;ROR1;KRAS;WNT4,0.012145748987854251,6,H1ESC
128,Activation of RAS in B Cells,0.1175587827064015,0.7913606572980493,1/5,21.171505618850933,KRAS,0.0020242914979757085,1,H1ESC
129,Defective LFNG Causes SCDO3,0.1175587827064015,0.7913606572980493,1/5,21.171505618850933,NOTCH3,0.0020242914979757085,1,H1ESC
130,Disinhibition of SNARE Formation,0.1175587827064015,0.7913606572980493,1/5,21.171505618850933,PRKCA,0.0020242914979757085,1,H1ESC
131,Electric Transmission Across Gap Junctions,0.1175587827064015,0.7913606572980493,1/5,21.171505618850933,GJC1,0.0020242914979757085,1,H1ESC
132,"Formation of the Active Cofactor, UDP-glucuronate",0.1175587827064015,0.7913606572980493,1/5,21.171505618850933,UGP2,0.0020242914979757085,1,H1ESC
133,MET Interacts With TNS Proteins,0.1175587827064015,0.7913606572980493,1/5,21.171505618850933,TNS4,0.0020242914979757085,1,H1ESC
134,NR1H2 & NR1H3 Regulate Gene Expression to Limit Cholesterol Uptake,0.1175587827064015,0.7913606572980493,1/5,21.171505618850933,MYLIP,0.0020242914979757085,1,H1ESC
135,Reelin Signalling Pathway,0.1175587827064015,0.7913606572980493,1/5,21.171505618850933,VLDLR,0.0020242914979757085,1,H1ESC
136,Serotonin and Melatonin Biosynthesis,0.1175587827064015,0.7913606572980493,1/5,21.171505618850933,TPH2,0.0020242914979757085,1,H1ESC
137,Signaling by MST1,0.1175587827064015,0.7913606572980493,1/5,21.171505618850933,SPINT2,0.0020242914979757085,1,H1ESC
138,Signaling by Membrane-Tethered Fusions of PDGFRA or PDGFRB,0.1175587827064015,0.7913606572980493,1/5,21.171505618850933,KDR,0.0020242914979757085,1,H1ESC
139,"Sodium-coupled Sulphate, Di- and Tri-Carboxylate Transporters",0.1175587827064015,0.7913606572980493,1/5,21.171505618850933,SLC13A3,0.0020242914979757085,1,H1ESC
140,Transmission Across Electrical Synapses,0.1175587827064015,0.7913606572980493,1/5,21.171505618850933,GJC1,0.0020242914979757085,1,H1ESC
141,VLDL Assembly,0.1175587827064015,0.7913606572980493,1/5,21.171505618850933,APOC1,0.0020242914979757085,1,H1ESC
142,Glutamate Neurotransmitter Release Cycle,0.1177432314840816,0.7913606572980493,2/24,7.701612730438765,UNC13B;SLC1A3,0.004048582995951417,2,H1ESC
143,HS-GAG Degradation,0.1177432314840816,0.7913606572980493,2/24,7.701612730438765,SDC4;HSPG2,0.004048582995951417,2,H1ESC
144,PLC Beta Mediated Events,0.1203513972458864,0.7913606572980493,3/49,5.472871703708578,PRKCA;ADCY2;ADCY1,0.006072874493927126,3,H1ESC
145,Sensory Processing of Sound,0.1228794641229226,0.7913606572980493,4/77,4.5560282677448445,TMIE;CDH23;CIB2;CACNA2D2,0.008097165991902834,4,H1ESC
146,Chondroitin Sulfate Dermatan Sulfate Metabolism,0.1258201354885531,0.7913606572980493,3/50,5.243740239873992,SDC4;HYAL1;HSPG2,0.006072874493927126,3,H1ESC
147,Signaling by ERBB2,0.1258201354885531,0.7913606572980493,3/50,5.243740239873992,NRG3;PRKCA;KRAS,0.006072874493927126,3,H1ESC
148,NOTCH3 Activation and Transmission of Signal to the Nucleus,0.1259805419098064,0.7913606572980493,2/25,7.133532111244255,NOTCH3;JAG1,0.004048582995951417,2,H1ESC
149,Signaling by ERBB2 KD Mutants,0.1259805419098064,0.7913606572980493,2/25,7.133532111244255,NRG3;KRAS,0.004048582995951417,2,H1ESC
150,Signaling by NTRK2 (TRKB),0.1259805419098064,0.7913606572980493,2/25,7.133532111244255,KRAS;GRIN2B,0.004048582995951417,2,H1ESC
151,Regulation of Insulin Secretion,0.1271553242548524,0.7913606572980493,4/78,4.420905218353316,CACNA2D2;GNB3;PRKCA;RAPGEF3,0.008097165991902834,4,H1ESC
152,Signaling by VEGF,0.1293105687672975,0.7913606572980493,5/108,3.940038003450263,KDR;ELMO1;PRKCA;KRAS;BCAR1,0.010121457489878543,5,H1ESC
153,Gap Junction Trafficking and Regulation,0.1313765360244188,0.7913606572980493,3/51,5.027197606173657,GJC1;CLTCL1;GJB7,0.006072874493927126,3,H1ESC
154,Transcriptional Activity of SMAD2 SMAD3 SMAD4 Heterotrimer,0.1313765360244188,0.7913606572980493,3/51,5.027197606173657,SKI;SERPINE1;E2F5,0.006072874493927126,3,H1ESC
155,A Tetrasaccharide Linker Sequence Is Required for GAG Synthesis,0.1343497289074818,0.7913606572980493,2/26,6.6237115840851795,SDC4;HSPG2,0.004048582995951417,2,H1ESC
156,Attachment and Entry 9694614,0.1343497289074818,0.7913606572980493,2/26,6.6237115840851795,SDC4;HSPG2,0.004048582995951417,2,H1ESC
157,Constitutive Signaling by AKT1 E17K in Cancer,0.1343497289074818,0.7913606572980493,2/26,6.6237115840851795,FOXO6;FOXO1,0.004048582995951417,2,H1ESC
158,Signaling by ERBB2 in Cancer,0.1343497289074818,0.7913606572980493,2/26,6.6237115840851795,NRG3;KRAS,0.004048582995951417,2,H1ESC
159,Conjugation of Benzoate With Glycine,0.139360498592782,0.7913606572980493,1/6,15.590445785051438,GLYATL1,0.0020242914979757085,1,H1ESC
160,Estrogen-stimulated Signaling Through PRKCZ,0.139360498592782,0.7913606572980493,1/6,15.590445785051438,KRAS,0.0020242914979757085,1,H1ESC
161,LTC4-CYSLTR Mediated IL4 Production,0.139360498592782,0.7913606572980493,1/6,15.590445785051438,DPEP1,0.0020242914979757085,1,H1ESC
162,MET Receptor Activation,0.139360498592782,0.7913606572980493,1/6,15.590445785051438,SPINT2,0.0020242914979757085,1,H1ESC
163,Pre-NOTCH Processing in the Endoplasmic Reticulum,0.139360498592782,0.7913606572980493,1/6,15.590445785051438,NOTCH3,0.0020242914979757085,1,H1ESC
164,SARS-CoV-2 Targets PDZ Proteins in Cell-Cell Junction,0.139360498592782,0.7913606572980493,1/6,15.590445785051438,CRB3,0.0020242914979757085,1,H1ESC
165,Acyl Chain Remodelling of PC,0.1428392878697839,0.7913606572980493,2/27,6.164343186500648,MBOAT2;PLAAT3,0.004048582995951417,2,H1ESC
166,Integrin Signaling,0.1428392878697839,0.7913606572980493,2/27,6.164343186500648,BCAR1;RAPGEF3,0.004048582995951417,2,H1ESC
167,Syndecan Interactions,0.1428392878697839,0.7913606572980493,2/27,6.164343186500648,SDC4;PRKCA,0.004048582995951417,2,H1ESC
168,Signaling by Insulin Receptor,0.1448618118797461,0.7913606572980493,4/82,3.9282480944781977,INSR;GRB10;KRAS;FGFR1,0.008097165991902834,4,H1ESC
169,G-protein Mediated Events,0.1485395881458361,0.7913606572980493,3/54,4.444568447849085,PRKCA;ADCY2;ADCY1,0.006072874493927126,3,H1ESC
170,Activation of AMPK Downstream of NMDARs,0.1514382000246288,0.7913606572980493,2/28,5.748907563413015,PRKAA2;MAPT,0.004048582995951417,2,H1ESC
171,"Adrenaline,noradrenaline Inhibits Insulin Secretion",0.1514382000246288,0.7913606572980493,2/28,5.748907563413015,CACNA2D2;GNB3,0.004048582995951417,2,H1ESC
172,Synthesis of PC,0.1514382000246288,0.7913606572980493,2/28,5.748907563413015,CHKA;MFSD2A,0.004048582995951417,2,H1ESC
173,Sensory Processing of Sound by Outer Hair Cells of the Cochlea,0.1544145106712714,0.7913606572980493,3/55,4.270206331883449,TMIE;CDH23;CIB2,0.006072874493927126,3,H1ESC
174,MAPK Family Signaling Cascades,0.1563390104040852,0.7913606572980493,11/314,2.6784678766412378,SYNGAP1;NRG3;RASGRF2;IGF2BP1;NRTN;KRAS;GRIN2B;VCL;FOXO1;SPTBN2;FGFR1,0.022267206477732792,11,H1ESC
175,Integrin Cell Surface Interactions,0.1587360880571345,0.7913606572980493,4/85,3.60311927700544,COL18A1;CDH1;KDR;HSPG2,0.008097165991902834,4,H1ESC
176,Activation of G Protein Gated Potassium Channels,0.1601359154978429,0.7913606572980493,2/29,5.371923290278872,KCNJ6;GNB3,0.004048582995951417,2,H1ESC
177,Acyl Chain Remodelling of PE,0.1601359154978429,0.7913606572980493,2/29,5.371923290278872,MBOAT2;PLAAT3,0.004048582995951417,2,H1ESC
178,Downstream Signal Transduction,0.1601359154978429,0.7913606572980493,2/29,5.371923290278872,KRAS;BCAR1,0.004048582995951417,2,H1ESC
179,EPHA-mediated Growth Cone Collapse,0.1601359154978429,0.7913606572980493,2/29,5.371923290278872,MYH10;MYL9,0.004048582995951417,2,H1ESC
180,G Protein Gated Potassium Channels,0.1601359154978429,0.7913606572980493,2/29,5.371923290278872,KCNJ6;GNB3,0.004048582995951417,2,H1ESC
181,G1 S-Specific Transcription,0.1601359154978429,0.7913606572980493,2/29,5.371923290278872,ORC1;E2F5,0.004048582995951417,2,H1ESC
182,Inhibition of Voltage Gated Ca2+ Channels via Gbeta Gamma Subunits,0.1601359154978429,0.7913606572980493,2/29,5.371923290278872,KCNJ6;GNB3,0.004048582995951417,2,H1ESC
183,The Role of Nef in HIV-1 Replication and Disease Pathogenesis,0.1601359154978429,0.7913606572980493,2/29,5.371923290278872,ELMO1;AP1M2,0.004048582995951417,2,H1ESC
184,Wax and Plasmalogen Biosynthesis,0.160624642880128,0.7913606572980493,1/7,12.055225966756357,FAR2,0.0020242914979757085,1,H1ESC
185,Activated NTRK2 Signals Through FYN,0.160624642880128,0.7913606572980493,1/7,12.055225966756357,GRIN2B,0.0020242914979757085,1,H1ESC
186,CREB Phosphorylation,0.160624642880128,0.7913606572980493,1/7,12.055225966756357,RPS6KA5,0.0020242914979757085,1,H1ESC
187,Coenzyme A Biosynthesis,0.160624642880128,0.7913606572980493,1/7,12.055225966756357,PANK1,0.0020242914979757085,1,H1ESC
188,Constitutive Signaling by NOTCH1 t(7;9)(NOTCH1 M1580 K2555) Translocation Mutant,0.160624642880128,0.7913606572980493,1/7,12.055225966756357,JAG1,0.0020242914979757085,1,H1ESC
189,Glycine Degradation,0.160624642880128,0.7913606572980493,1/7,12.055225966756357,GLDC,0.0020242914979757085,1,H1ESC
190,Nectin Necl Trans Heterodimerization,0.160624642880128,0.7913606572980493,1/7,12.055225966756357,PVR,0.0020242914979757085,1,H1ESC
191,RAS Signaling Downstream of NF1 Loss-Of-Function Variants,0.160624642880128,0.7913606572980493,1/7,12.055225966756357,KRAS,0.0020242914979757085,1,H1ESC
192,SOS-mediated Signalling,0.160624642880128,0.7913606572980493,1/7,12.055225966756357,KRAS,0.0020242914979757085,1,H1ESC
193,Signaling by NOTCH1 t(7;9)(NOTCH1 M1580 K2555) Translocation Mutant,0.160624642880128,0.7913606572980493,1/7,12.055225966756357,JAG1,0.0020242914979757085,1,H1ESC
194,Activation of Kainate Receptors Upon Glutamate Binding,0.1689223369140018,0.7913606572980493,2/30,5.028751920352696,GNB3;GRIK2,0.004048582995951417,2,H1ESC
195,Interconversion of Nucleotide Di- and Triphosphates,0.1689223369140018,0.7913606572980493,2/30,5.028751920352696,AK4;AK5,0.004048582995951417,2,H1ESC
196,MET Activates PTK2 Signaling,0.1689223369140018,0.7913606572980493,2/30,5.028751920352696,LAMA5;LAMA1,0.004048582995951417,2,H1ESC
197,SUMOylation of Chromatin Organization Proteins,0.1724562075916969,0.7913606572980493,3/58,3.797886678580891,PHC1;NUP210;CBX2,0.006072874493927126,3,H1ESC
198,Signaling by ERBB4,0.1724562075916969,0.7913606572980493,3/58,3.797886678580891,NRG3;KRAS;GABRG3,0.006072874493927126,3,H1ESC
199,Gene Expression (Transcription),0.1732961665777798,0.7913606572980493,46/1615,2.0574412913968008,NOTCH3;ZNF571;RARG;PRKAA2;ZNF273;ZNF493;THRB;SERPINE1;ZNF43;FOXO6;PSIP1;U2AF1;FOXO1;ZNF708;ZFP14;DNMT3B;ZNF724;E2F5;ZNF521;ZNF620;BCL2L14;ZNF100;ZNF582;TCF7L1;PHC1;JAG1;RBFOX3;NUP210;ZNF382;CBX2;TET1;GRIN2B;SIRT1;ZNF33A;SKI;ZNF92;ZNF519;ZNF738;ZNF418;ZNF616;TET3;TAF4B;KRAS;ZNF138;ZNF215;MYL9,0.0931174089068826,46,H1ESC
200,Gastrulation,0.1760186824588028,0.7913606572980493,5/120,2.995053722332113,TCF7L1;CDH1;CLDN7;ZNF521;FGFR1,0.010121457489878543,5,H1ESC
201,Downregulation of SMAD2 3 SMAD4 Transcriptional Activity,0.1777878035354462,0.7913606572980493,2/31,4.715444916416805,SKI;SERPINE1,0.004048582995951417,2,H1ESC
202,Downstream Signaling of Activated FGFR1,0.1777878035354462,0.7913606572980493,2/31,4.715444916416805,KRAS;FGFR1,0.004048582995951417,2,H1ESC
203,"FOXO-mediated Transcription of Oxidative Stress, Metabolic and Neuronal Genes",0.1777878035354462,0.7913606572980493,2/31,4.715444916416805,FOXO6;FOXO1,0.004048582995951417,2,H1ESC
204,"Glutamate Binding, Activation of AMPA Receptors and Synaptic Plasticity",0.1777878035354462,0.7913606572980493,2/31,4.715444916416805,PRKCA;GRIP2,0.004048582995951417,2,H1ESC
205,HS-GAG Biosynthesis,0.1777878035354462,0.7913606572980493,2/31,4.715444916416805,SDC4;HSPG2,0.004048582995951417,2,H1ESC
206,RHO GTPases Activate IQGAPs,0.1777878035354462,0.7913606572980493,2/31,4.715444916416805,CDH1;IQGAP2,0.004048582995951417,2,H1ESC
207,Signaling by BMP,0.1777878035354462,0.7913606572980493,2/31,4.715444916416805,SKI;BMPR1B,0.004048582995951417,2,H1ESC
208,Trafficking of AMPA Receptors,0.1777878035354462,0.7913606572980493,2/31,4.715444916416805,PRKCA;GRIP2,0.004048582995951417,2,H1ESC
209,Adherens Junctions Interactions,0.1785985158834748,0.7913606572980493,3/59,3.655607382868218,CDH1;CDH9;PVR,0.006072874493927126,3,H1ESC
210,AMPK Inhibits chREBP Transcriptional Activation Activity,0.1813644438461496,0.7913606572980493,1/8,9.646364755658436,PRKAA2,0.0020242914979757085,1,H1ESC
211,Activated NTRK3 Signals Through RAS,0.1813644438461496,0.7913606572980493,1/8,9.646364755658436,KRAS,0.0020242914979757085,1,H1ESC
212,Binding of TCF LEF CTNNB1 to Target Gene Promoters,0.1813644438461496,0.7913606572980493,1/8,9.646364755658436,TCF7L1,0.0020242914979757085,1,H1ESC
213,CDC6 Association With the ORC Origin Complex,0.1813644438461496,0.7913606572980493,1/8,9.646364755658436,ORC1,0.0020242914979757085,1,H1ESC
214,Conjugation of Salicylate With Glycine,0.1813644438461496,0.7913606572980493,1/8,9.646364755658436,GLYATL1,0.0020242914979757085,1,H1ESC
215,Defective CHST6 Causes MCDC1,0.1813644438461496,0.7913606572980493,1/8,9.646364755658436,CHST6,0.0020242914979757085,1,H1ESC
216,Defects in Biotin (Btn) Metabolism,0.1813644438461496,0.7913606572980493,1/8,9.646364755658436,BTD,0.0020242914979757085,1,H1ESC
217,FGFR1b Ligand Binding and Activation,0.1813644438461496,0.7913606572980493,1/8,9.646364755658436,FGFR1,0.0020242914979757085,1,H1ESC
218,Insulin-like Growth Factor-2 mRNA Binding Proteins (IGF2BPs IMPs VICKZs) Bind RNA,0.1813644438461496,0.7913606572980493,1/8,9.646364755658436,IGF2BP1,0.0020242914979757085,1,H1ESC
219,Linoleic Acid (LA) Metabolism,0.1813644438461496,0.7913606572980493,1/8,9.646364755658436,FADS2,0.0020242914979757085,1,H1ESC
220,"Metabolism of Ingested SeMet, Sec, MeSec Into H2Se",0.1813644438461496,0.7913606572980493,1/8,9.646364755658436,CBS,0.0020242914979757085,1,H1ESC
221,Noncanonical Activation of NOTCH3,0.1813644438461496,0.7913606572980493,1/8,9.646364755658436,NOTCH3,0.0020242914979757085,1,H1ESC
222,RUNX3 Regulates WNT Signaling,0.1813644438461496,0.7913606572980493,1/8,9.646364755658436,TCF7L1,0.0020242914979757085,1,H1ESC
223,Sema4D Mediated Inhibition of Cell Attachment and Migration,0.1813644438461496,0.7913606572980493,1/8,9.646364755658436,SEMA4D,0.0020242914979757085,1,H1ESC
224,VEGF Binds to VEGFR Leading to Receptor Dimerization,0.1813644438461496,0.7913606572980493,1/8,9.646364755658436,KDR,0.0020242914979757085,1,H1ESC
225,VEGF Ligand-Receptor Interactions,0.1813644438461496,0.7913606572980493,1/8,9.646364755658436,KDR,0.0020242914979757085,1,H1ESC
226,Opioid Signalling,0.1828769102617912,0.7913606572980493,4/90,3.131794317469629,GNB3;PRKCA;ADCY2;ADCY1,0.008097165991902834,4,H1ESC
227,Formation of the Beta-Catenin TCF Transactivating Complex,0.1847997974970107,0.7913606572980493,3/60,3.520129768531635,TLE2;TCF7L1;TLE1,0.006072874493927126,3,H1ESC
228,Respiratory Syncytial Virus (RSV) Attachment and Entry,0.1867230760240555,0.7913606572980493,2/32,4.42862240191758,SDC4;HSPG2,0.004048582995951417,2,H1ESC
229,Signaling by FGFR,0.1878443173569771,0.7913606572980493,4/91,3.046804673328198,RBFOX2;KRAS;FGFBP3;FGFR1,0.008097165991902834,4,H1ESC
230,Activated NTRK2 Signals Through RAS,0.2015928050519442,0.7913606572980493,1/9,7.917381573472588,KRAS,0.0020242914979757085,1,H1ESC
231,Amino Acid Conjugation,0.2015928050519442,0.7913606572980493,1/9,7.917381573472588,GLYATL1,0.0020242914979757085,1,H1ESC
232,Autointegration Results in Viral DNA Circles,0.2015928050519442,0.7913606572980493,1/9,7.917381573472588,PSIP1,0.0020242914979757085,1,H1ESC
233,CREB3 Factors Activate Genes,0.2015928050519442,0.7913606572980493,1/9,7.917381573472588,CREB3L1,0.0020242914979757085,1,H1ESC
234,Conjugation of Carboxylic Acids,0.2015928050519442,0.7913606572980493,1/9,7.917381573472588,GLYATL1,0.0020242914979757085,1,H1ESC
235,E2F-enabled Inhibition of Pre-Replication Complex Formation,0.2015928050519442,0.7913606572980493,1/9,7.917381573472588,ORC1,0.0020242914979757085,1,H1ESC
236,Formyl Peptide Receptors Bind Formyl Peptides and Many Other Ligands,0.2015928050519442,0.7913606572980493,1/9,7.917381573472588,APP,0.0020242914979757085,1,H1ESC
237,Integration of Viral DNA Into Host Genomic DNA,0.2015928050519442,0.7913606572980493,1/9,7.917381573472588,PSIP1,0.0020242914979757085,1,H1ESC
238,Interleukin-23 Signaling,0.2015928050519442,0.7913606572980493,1/9,7.917381573472588,IL23A,0.0020242914979757085,1,H1ESC
239,Lipophagy,0.2015928050519442,0.7913606572980493,1/9,7.917381573472588,PRKAA2,0.0020242914979757085,1,H1ESC
240,Nef and Signal Transduction,0.2015928050519442,0.7913606572980493,1/9,7.917381573472588,ELMO1,0.0020242914979757085,1,H1ESC
241,RHO GTPases Activate Rhotekin and Rhophilins,0.2015928050519442,0.7913606572980493,1/9,7.917381573472588,RHPN2,0.0020242914979757085,1,H1ESC
242,ROBO Receptors Bind AKAP5,0.2015928050519442,0.7913606572980493,1/9,7.917381573472588,PRKCA,0.0020242914979757085,1,H1ESC
243,SHC-related Events Triggered by IGF1R,0.2015928050519442,0.7913606572980493,1/9,7.917381573472588,KRAS,0.0020242914979757085,1,H1ESC
244,Sperm Motility And Taxes,0.2015928050519442,0.7913606572980493,1/9,7.917381573472588,CATSPERB,0.0020242914979757085,1,H1ESC
245,Diseases of Metabolism,0.2074729653566587,0.7913606572980493,9/264,2.2033056482149393,ADAMTS16;NOTCH3;CHST6;BTD;SDC4;HYAL1;ADAMTS17;THSD7A;HSPG2,0.018218623481781375,9,H1ESC
246,Signaling by TGFB Family Members,0.2085651406501493,0.7913606572980493,6/161,2.4060894146846885,SKI;MMP14;SERPINE1;TIMP2;BMPR1B;E2F5,0.012145748987854251,6,H1ESC
247,RAF MAP Kinase Cascade,0.2104629638683064,0.7913606572980493,9/265,2.1746190205701468,SYNGAP1;NRG3;RASGRF2;NRTN;KRAS;GRIN2B;VCL;SPTBN2;FGFR1,0.018218623481781375,9,H1ESC
248,Inwardly Rectifying K+ Channels,0.213861346690327,0.7913606572980493,2/35,3.699887718579187,KCNJ6;GNB3,0.004048582995951417,2,H1ESC
249,Zinc Influx Into Cells by the SLC39 Gene Family,0.2213223133012844,0.7913606572980493,1/10,6.627025504690515,SLC39A14,0.0020242914979757085,1,H1ESC
250,Acetylcholine Regulates Insulin Secretion,0.2213223133012844,0.7913606572980493,1/10,6.627025504690515,PRKCA,0.0020242914979757085,1,H1ESC
251,Activation of Ca-permeable Kainate Receptor,0.2213223133012844,0.7913606572980493,1/10,6.627025504690515,GRIK2,0.0020242914979757085,1,H1ESC
252,Activation of PPARGC1A (PGC-1alpha) by Phosphorylation,0.2213223133012844,0.7913606572980493,1/10,6.627025504690515,PRKAA2,0.0020242914979757085,1,H1ESC
253,Creatine Metabolism,0.2213223133012844,0.7913606572980493,1/10,6.627025504690515,CKMT2,0.0020242914979757085,1,H1ESC
254,FGFR2b Ligand Binding and Activation,0.2213223133012844,0.7913606572980493,1/10,6.627025504690515,FGFBP3,0.0020242914979757085,1,H1ESC
255,Formation of the Posterior Neural Plate,0.2213223133012844,0.7913606572980493,1/10,6.627025504690515,ZNF521,0.0020242914979757085,1,H1ESC
256,HuR (ELAVL1) Binds and Stabilizes mRNA,0.2213223133012844,0.7913606572980493,1/10,6.627025504690515,PRKCA,0.0020242914979757085,1,H1ESC
257,InlA-mediated Entry of Listeria Monocytogenes Into Host Cells,0.2213223133012844,0.7913606572980493,1/10,6.627025504690515,CDH1,0.0020242914979757085,1,H1ESC
258,Ionotropic Activity of Kainate Receptors,0.2213223133012844,0.7913606572980493,1/10,6.627025504690515,GRIK2,0.0020242914979757085,1,H1ESC
259,PI3K Events in ERBB4 Signaling,0.2213223133012844,0.7913606572980493,1/10,6.627025504690515,NRG3,0.0020242914979757085,1,H1ESC
260,RUNX3 Regulates p14-ARF,0.2213223133012844,0.7913606572980493,1/10,6.627025504690515,KRAS,0.0020242914979757085,1,H1ESC
261,Thyroxine Biosynthesis,0.2213223133012844,0.7913606572980493,1/10,6.627025504690515,SLC5A5,0.0020242914979757085,1,H1ESC
262,SMAD2 SMAD3 SMAD4 Heterotrimer Regulates Transcription,0.2229913659815392,0.7913606572980493,2/36,3.493557625731413,SERPINE1;E2F5,0.004048582995951417,2,H1ESC
263,Signaling by High-Kinase Activity BRAF Mutants,0.2229913659815392,0.7913606572980493,2/36,3.493557625731413,KRAS;VCL,0.004048582995951417,2,H1ESC
264,MyD88 Cascade Initiated on Plasma Membrane,0.223733368244657,0.7913606572980493,4/98,2.5241504627312725,APP;RPS6KA5;PELI3;PELI2,0.008097165991902834,4,H1ESC
265,Toll Like Receptor 10 (TLR10) Cascade,0.223733368244657,0.7913606572980493,4/98,2.5241504627312725,APP;RPS6KA5;PELI3;PELI2,0.008097165991902834,4,H1ESC
266,Toll Like Receptor 5 (TLR5) Cascade,0.223733368244657,0.7913606572980493,4/98,2.5241504627312725,APP;RPS6KA5;PELI3;PELI2,0.008097165991902834,4,H1ESC
267,MAPK1 MAPK3 Signaling,0.2287572575039171,0.7913606572980493,9/271,2.0105481560648775,SYNGAP1;NRG3;RASGRF2;NRTN;KRAS;GRIN2B;VCL;SPTBN2;FGFR1,0.018218623481781375,9,H1ESC
268,FOXO-mediated Transcription,0.229603550397154,0.7913606572980493,3/67,2.7310636312386514,FOXO6;SIRT1;FOXO1,0.006072874493927126,3,H1ESC
269,Gap Junction Assembly,0.2321508110422536,0.7913606572980493,2/37,3.302535041658016,GJC1;GJB7,0.004048582995951417,2,H1ESC
270,RUNX1 Interacts With Co-Factors Whose Precise Effect on RUNX1 Targets Is Not Known,0.2321508110422536,0.7913606572980493,2/37,3.302535041658016,PHC1;CBX2,0.004048582995951417,2,H1ESC
271,Sphingolipid De Novo Biosynthesis,0.2321508110422536,0.7913606572980493,2/37,3.302535041658016,CERS4;CERS1,0.004048582995951417,2,H1ESC
272,Response to Elevated Platelet Cytosolic Ca2+,0.232599330587449,0.7913606572980493,5/133,2.2576056007850496,APP;SERPINE1;PRKCA;SCG3;VCL,0.010121457489878543,5,H1ESC
273,APOBEC3G Mediated Resistance to HIV-1 Infection,0.2405652463183032,0.7913606572980493,1/11,5.634320002785706,PSIP1,0.0020242914979757085,1,H1ESC
274,Activated NTRK2 Signals Through FRS2 and FRS3,0.2405652463183032,0.7913606572980493,1/11,5.634320002785706,KRAS,0.0020242914979757085,1,H1ESC
275,Apoptotic Cleavage of Cell Adhesion Proteins,0.2405652463183032,0.7913606572980493,1/11,5.634320002785706,CDH1,0.0020242914979757085,1,H1ESC
276,Biotin Transport and Metabolism,0.2405652463183032,0.7913606572980493,1/11,5.634320002785706,BTD,0.0020242914979757085,1,H1ESC
277,Constitutive Signaling by Overexpressed ERBB2,0.2405652463183032,0.7913606572980493,1/11,5.634320002785706,KRAS,0.0020242914979757085,1,H1ESC
278,Formation of Annular Gap Junctions,0.2405652463183032,0.7913606572980493,1/11,5.634320002785706,CLTCL1,0.0020242914979757085,1,H1ESC
279,Formation of Apoptosome,0.2405652463183032,0.7913606572980493,1/11,5.634320002785706,UACA,0.0020242914979757085,1,H1ESC
280,Formation of the Anterior Neural Plate,0.2405652463183032,0.7913606572980493,1/11,5.634320002785706,ZNF521,0.0020242914979757085,1,H1ESC
281,MET Activates RAS Signaling,0.2405652463183032,0.7913606572980493,1/11,5.634320002785706,KRAS,0.0020242914979757085,1,H1ESC
282,Mucopolysaccharidoses,0.2405652463183032,0.7913606572980493,1/11,5.634320002785706,HYAL1,0.0020242914979757085,1,H1ESC
283,NOTCH4 Activation and Transmission of Signal to the Nucleus,0.2405652463183032,0.7913606572980493,1/11,5.634320002785706,JAG1,0.0020242914979757085,1,H1ESC
284,Nef Mediated Downregulation of MHC Class I Complex Cell Surface Expression,0.2405652463183032,0.7913606572980493,1/11,5.634320002785706,AP1M2,0.0020242914979757085,1,H1ESC
285,RHO GTPases Activate KTN1,0.2405652463183032,0.7913606572980493,1/11,5.634320002785706,KLC3,0.0020242914979757085,1,H1ESC
286,Regulation of Gene Expression by Hypoxia-inducible Factor,0.2405652463183032,0.7913606572980493,1/11,5.634320002785706,CA9,0.0020242914979757085,1,H1ESC
287,Regulation of the Apoptosome Activity,0.2405652463183032,0.7913606572980493,1/11,5.634320002785706,UACA,0.0020242914979757085,1,H1ESC
288,Signaling by FGFR4 in Disease,0.2405652463183032,0.7913606572980493,1/11,5.634320002785706,KRAS,0.0020242914979757085,1,H1ESC
289,Signaling by Activated Point Mutants of FGFR1,0.2405652463183032,0.7913606572980493,1/11,5.634320002785706,FGFR1,0.0020242914979757085,1,H1ESC
290,Sodium Calcium Exchangers,0.2405652463183032,0.7913606572980493,1/11,5.634320002785706,SLC24A3,0.0020242914979757085,1,H1ESC
291,Apoptotic Cleavage of Cellular Proteins,0.2413326747743037,0.7913606572980493,2/38,3.1253547044834127,CDH1;MAPT,0.004048582995951417,2,H1ESC
292,Cooperation of PDCL (PhLP1) and TRiC CCT in G-protein Beta Folding,0.2413326747743037,0.7913606572980493,2/38,3.1253547044834127,GNB3;RGS6,0.004048582995951417,2,H1ESC
293,FLT3 Signaling,0.2413326747743037,0.7913606572980493,2/38,3.1253547044834127,GRB10;KRAS,0.004048582995951417,2,H1ESC
294,Signaling by FGFR1 in Disease,0.2413326747743037,0.7913606572980493,2/38,3.1253547044834127,KRAS;FGFR1,0.004048582995951417,2,H1ESC
295,TRAF6 Mediated Induction of NFkB and MAP Kinases Upon TLR7 8 or 9 Activation,0.2449866396799802,0.7913606572980493,4/102,2.273915325994554,APP;RPS6KA5;PELI3;PELI2,0.008097165991902834,4,H1ESC
296,MyD88 Dependent Cascade Initiated on Endosome,0.2503696951326086,0.7913606572980493,4/103,2.2160492410750923,APP;RPS6KA5;PELI3;PELI2,0.008097165991902834,4,H1ESC
297,Platelet Aggregation (Plug Formation),0.2505302770105884,0.7913606572980493,2/39,2.9607243241942367,BCAR1;RAPGEF3,0.004048582995951417,2,H1ESC
298,Synthesis of PA,0.2505302770105884,0.7913606572980493,2/39,2.9607243241942367,AGPAT5;GPD1,0.004048582995951417,2,H1ESC
299,ALK Mutants Bind TKIs,0.259333580288262,0.7913606572980493,1/12,4.85178564964428,PPM1B,0.0020242914979757085,1,H1ESC
300,Aspartate and Asparagine Metabolism,0.259333580288262,0.7913606572980493,1/12,4.85178564964428,NAALAD2,0.0020242914979757085,1,H1ESC
301,Butyrophilin (BTN) Family Interactions,0.259333580288262,0.7913606572980493,1/12,4.85178564964428,XDH,0.0020242914979757085,1,H1ESC
302,CREB1 Phosphorylation Through the Activation of Adenylate Cyclase,0.259333580288262,0.7913606572980493,1/12,4.85178564964428,ADCY1,0.0020242914979757085,1,H1ESC
303,Caspase-mediated Cleavage of Cytoskeletal Proteins,0.259333580288262,0.7913606572980493,1/12,4.85178564964428,MAPT,0.0020242914979757085,1,H1ESC
304,Gap Junction Degradation,0.259333580288262,0.7913606572980493,1/12,4.85178564964428,CLTCL1,0.0020242914979757085,1,H1ESC
305,Hyaluronan Uptake and Degradation,0.259333580288262,0.7913606572980493,1/12,4.85178564964428,HYAL1,0.0020242914979757085,1,H1ESC
306,Lysine Catabolism,0.259333580288262,0.7913606572980493,1/12,4.85178564964428,PIPOX,0.0020242914979757085,1,H1ESC
307,Organic Anion Transporters,0.259333580288262,0.7913606572980493,1/12,4.85178564964428,SLC5A5,0.0020242914979757085,1,H1ESC
308,P2Y Receptors,0.259333580288262,0.7913606572980493,1/12,4.85178564964428,P2RY2,0.0020242914979757085,1,H1ESC
309,Presynaptic Depolarization and Calcium Channel Opening,0.259333580288262,0.7913606572980493,1/12,4.85178564964428,CACNA2D2,0.0020242914979757085,1,H1ESC
310,Signaling by PDGFRA Extracellular Domain Mutants,0.259333580288262,0.7913606572980493,1/12,4.85178564964428,KRAS,0.0020242914979757085,1,H1ESC
311,"Signaling by PDGFRA Transmembrane, Juxtamembrane and Kinase Domain Mutants",0.259333580288262,0.7913606572980493,1/12,4.85178564964428,KRAS,0.0020242914979757085,1,H1ESC
312,Sphingolipid Catabolism,0.259333580288262,0.7913606572980493,1/12,4.85178564964428,ACER2,0.0020242914979757085,1,H1ESC
313,Unwinding of DNA,0.259333580288262,0.7913606572980493,1/12,4.85178564964428,GINS1,0.0020242914979757085,1,H1ESC
314,MAP2K and MAPK Activation,0.2597372525973538,0.7913606572980493,2/40,2.807500368332992,KRAS;VCL,0.004048582995951417,2,H1ESC
315,Vpr-mediated Nuclear Import of PICs,0.2597372525973538,0.7913606572980493,2/40,2.807500368332992,NUP210;PSIP1,0.004048582995951417,2,H1ESC
316,PIP3 Activates AKT Signaling,0.2604752047918856,0.7913606572980493,9/281,1.7652397816151262,PREX2;PHC1;NRG3;TNKS2;INSR;CBX2;FOXO6;FOXO1;FGFR1,0.018218623481781375,9,H1ESC
317,Cargo Recognition for Clathrin-Mediated Endocytosis,0.2612091893917541,0.7913606572980493,4/105,2.105469869731308,SCARB2;CLTCL1;STON1;STON2,0.008097165991902834,4,H1ESC
318,trans-Golgi Network Vesicle Budding,0.2627203361272242,0.7913606572980493,3/72,2.3006075421551757,APP;AP1G2;AP1M2,0.006072874493927126,3,H1ESC
319,Degradation of Beta-Catenin by the Destruction Complex,0.2627203361272242,0.7913606572980493,3/72,2.3006075421551757,TLE2;TCF7L1;TLE1,0.006072874493927126,3,H1ESC
320,Phospholipid Metabolism,0.2672023497417346,0.7913606572980493,7/211,1.7948682635979902,AGPAT5;CHKA;GPD1;MBOAT2;TNFAIP8L3;PLAAT3;MFSD2A,0.01417004048582996,7,H1ESC
321,Signaling by RAF1 Mutants,0.2689475400081288,0.7913606572980493,2/41,2.664667749189395,KRAS;VCL,0.004048582995951417,2,H1ESC
322,Sphingolipid Metabolism,0.2721368606621125,0.7913606572980493,4/107,2.0013503266212074,ACER2;CERS4;FUT2;CERS1,0.008097165991902834,4,H1ESC
323,Toll Like Receptor 7 8 (TLR7 8) Cascade,0.2721368606621125,0.7913606572980493,4/107,2.0013503266212074,APP;RPS6KA5;PELI3;PELI2,0.008097165991902834,4,H1ESC
324,Transport of Inorganic Cations Anions and Amino Acids Oligopeptides,0.2721368606621125,0.7913606572980493,4/107,2.0013503266212074,SLC24A3;SLC7A8;SLC1A3;SLC5A5,0.008097165991902834,4,H1ESC
325,RHOG GTPase Cycle,0.2761366208470224,0.7913606572980493,3/74,2.152271737824649,PLEKHG3;DOCK5;IQGAP2,0.006072874493927126,3,H1ESC
326,Signaling by NOTCH1,0.2761366208470224,0.7913606572980493,3/74,2.152271737824649,TLE2;TLE1;JAG1,0.006072874493927126,3,H1ESC
327,2-LTR Circle Formation,0.2776389971959238,0.7913606572980493,1/13,4.222492599118458,PSIP1,0.0020242914979757085,1,H1ESC
328,"WNT5A-dependent Internalization of FZD2, FZD5 and ROR2",0.2776389971959238,0.7913606572980493,1/13,4.222492599118458,ROR1,0.0020242914979757085,1,H1ESC
329,Alpha-Linolenic (Omega3) and Linoleic (Omega6) Acid Metabolism,0.2776389971959238,0.7913606572980493,1/13,4.222492599118458,FADS2,0.0020242914979757085,1,H1ESC
330,Alpha-Linolenic Acid (ALA) Metabolism,0.2776389971959238,0.7913606572980493,1/13,4.222492599118458,FADS2,0.0020242914979757085,1,H1ESC
331,eNOS Activation,0.2776389971959238,0.7913606572980493,1/13,4.222492599118458,DDAH1,0.0020242914979757085,1,H1ESC
332,p38MAPK Events,0.2776389971959238,0.7913606572980493,1/13,4.222492599118458,KRAS,0.0020242914979757085,1,H1ESC
333,Advanced Glycosylation Endproduct Receptor Signaling,0.2776389971959238,0.7913606572980493,1/13,4.222492599118458,APP,0.0020242914979757085,1,H1ESC
334,Cytochrome C-Mediated Apoptotic Response,0.2776389971959238,0.7913606572980493,1/13,4.222492599118458,UACA,0.0020242914979757085,1,H1ESC
335,Dissolution of Fibrin Clot,0.2776389971959238,0.7913606572980493,1/13,4.222492599118458,SERPINE1,0.0020242914979757085,1,H1ESC
336,ERBB2 Activates PTK6 Signaling,0.2776389971959238,0.7913606572980493,1/13,4.222492599118458,NRG3,0.0020242914979757085,1,H1ESC
337,GRB2 Events in EGFR Signaling,0.2776389971959238,0.7913606572980493,1/13,4.222492599118458,KRAS,0.0020242914979757085,1,H1ESC
338,Glutathione Synthesis and Recycling,0.2776389971959238,0.7913606572980493,1/13,4.222492599118458,CHAC1,0.0020242914979757085,1,H1ESC
339,Synthesis of PE,0.2776389971959238,0.7913606572980493,1/13,4.222492599118458,CHKA,0.0020242914979757085,1,H1ESC
340,Telomere C-strand Synthesis Initiation,0.2776389971959238,0.7913606572980493,1/13,4.222492599118458,TERF1,0.0020242914979757085,1,H1ESC
341,Transcriptional Regulation of Testis Differentiation,0.2776389971959238,0.7913606572980493,1/13,4.222492599118458,WNT4,0.0020242914979757085,1,H1ESC
342,Ubiquinol Biosynthesis,0.2776389971959238,0.7913606572980493,1/13,4.222492599118458,HPDL,0.0020242914979757085,1,H1ESC
343,Glucagon-like Peptide-1 (GLP1) Regulates Insulin Secretion,0.2781553702700907,0.7913606572980493,2/42,2.531322706132752,GNB3;RAPGEF3,0.004048582995951417,2,H1ESC
344,RHOF GTPase Cycle,0.2781553702700907,0.7913606572980493,2/42,2.531322706132752,SYDE1;FAM169A,0.004048582995951417,2,H1ESC
345,RND1 GTPase Cycle,0.2781553702700907,0.7913606572980493,2/42,2.531322706132752,FAM135A;STMN2,0.004048582995951417,2,H1ESC
346,Signaling by WNT,0.2801432450353753,0.7913606572980493,9/287,1.6331732344287135,TLE2;TCF7L1;TLE1;TNKS2;GNB3;PRKCA;ROR1;KRAS;WNT4,0.018218623481781375,9,H1ESC
347,"Plasma Lipoprotein Assembly, Remodeling, and Clearance",0.2828707311448287,0.7913606572980493,3/75,2.0825339597269745,MYLIP;APOC1;VLDLR,0.006072874493927126,3,H1ESC
348,Signaling by FGFR2,0.2828707311448287,0.7913606572980493,3/75,2.0825339597269745,RBFOX2;KRAS;FGFBP3,0.006072874493927126,3,H1ESC
349,Assembly and Cell Surface Presentation of NMDA Receptors,0.2873552562208492,0.7913606572980493,2/43,2.406658316651463,KIF17;GRIN2B,0.004048582995951417,2,H1ESC
350,Interactions of Vpr With Host Cellular Proteins,0.2873552562208492,0.7913606572980493,2/43,2.406658316651463,NUP210;PSIP1,0.004048582995951417,2,H1ESC
351,PI3K AKT Signaling in Cancer,0.2886687248104361,0.7913606572980493,4/110,1.8562976717849524,NRG3;FOXO6;FOXO1;FGFR1,0.008097165991902834,4,H1ESC
352,Toll Like Receptor 9 (TLR9) Cascade,0.2886687248104361,0.7913606572980493,4/110,1.8562976717849524,APP;RPS6KA5;PELI3;PELI2,0.008097165991902834,4,H1ESC
353,RHO GTPase Effectors,0.2934818198057333,0.7913606572980493,9/291,1.5508310530806506,KLC3;CTTN;CDH1;BUB1B;PRKCA;RHPN2;IQGAP2;MYL9;MYH10,0.018218623481781375,9,H1ESC
354,Phase II - Conjugation of Compounds,0.2942111686534756,0.7913606572980493,4/111,1.81070777891345,SULT2B1;GLYATL1;UGP2;CHAC1,0.008097165991902834,4,H1ESC
355,CS DS Degradation,0.2954928921984461,0.7913606572980493,1/14,3.7079296140682914,HYAL1,0.0020242914979757085,1,H1ESC
356,Carnitine Shuttle,0.2954928921984461,0.7913606572980493,1/14,3.7079296140682914,PRKAA2,0.0020242914979757085,1,H1ESC
357,DCC Mediated Attractive Signaling,0.2954928921984461,0.7913606572980493,1/14,3.7079296140682914,ABLIM2,0.0020242914979757085,1,H1ESC
358,Erythropoietin Activates RAS,0.2954928921984461,0.7913606572980493,1/14,3.7079296140682914,KRAS,0.0020242914979757085,1,H1ESC
359,FGFR1c Ligand Binding and Activation,0.2954928921984461,0.7913606572980493,1/14,3.7079296140682914,FGFR1,0.0020242914979757085,1,H1ESC
360,Glutamate and Glutamine Metabolism,0.2954928921984461,0.7913606572980493,1/14,3.7079296140682914,RIMKLB,0.0020242914979757085,1,H1ESC
361,Glycogen Synthesis,0.2954928921984461,0.7913606572980493,1/14,3.7079296140682914,UGP2,0.0020242914979757085,1,H1ESC
362,Lysosphingolipid and LPA Receptors,0.2954928921984461,0.7913606572980493,1/14,3.7079296140682914,PLPPR3,0.0020242914979757085,1,H1ESC
363,RUNX3 Regulates NOTCH Signaling,0.2954928921984461,0.7913606572980493,1/14,3.7079296140682914,JAG1,0.0020242914979757085,1,H1ESC
364,SHC1 Events in EGFR Signaling,0.2954928921984461,0.7913606572980493,1/14,3.7079296140682914,KRAS,0.0020242914979757085,1,H1ESC
365,TP53 Regulates Transcription of Cell Death Genes With Uncertain Role in P53-Dependent Apoptosis,0.2954928921984461,0.7913606572980493,1/14,3.7079296140682914,BCL2L14,0.0020242914979757085,1,H1ESC
366,SUMOylation of DNA Damage Response and Repair Proteins,0.296378550862737,0.7913606572980493,3/77,1.951197241400804,PHC1;NUP210;CBX2,0.006072874493927126,3,H1ESC
367,Netrin-1 Signaling,0.2965419822577243,0.7913606572980493,2/44,2.289952180000061,ABLIM2;NEO1,0.004048582995951417,2,H1ESC
368,Retinoid Metabolism and Transport,0.2965419822577243,0.7913606572980493,2/44,2.289952180000061,SDC4;HSPG2,0.004048582995951417,2,H1ESC
369,SUMOylation of Transcription Cofactors,0.2965419822577243,0.7913606572980493,2/44,2.289952180000061,PHC1;CBX2,0.004048582995951417,2,H1ESC
370,G Alpha (Q) Signalling Events,0.2980726607534318,0.7913606572980493,7/219,1.583400812212941,APP;P2RY2;GNB3;PRKCA;KRAS;MCHR1;NTSR1,0.01417004048582996,7,H1ESC
371,Interleukin-4 and Interleukin-13 Signaling,0.2997672286413065,0.7913606572980493,4/112,1.766418843269672,LAMA5;NOS2;IL23A;FOXO1,0.008097165991902834,4,H1ESC
372,Carboxyterminal Post-Translational Modifications of Tubulin,0.3057105941048262,0.7913606572980493,2/45,2.1805559089328916,AGBL4;TTLL6,0.004048582995951417,2,H1ESC
373,Paradoxical Activation of RAF Signaling by Kinase Inactive BRAF,0.3057105941048262,0.7913606572980493,2/45,2.1805559089328916,KRAS;VCL,0.004048582995951417,2,H1ESC
374,Signaling by RAS Mutants,0.3057105941048262,0.7913606572980493,2/45,2.1805559089328916,KRAS;VCL,0.004048582995951417,2,H1ESC
375,Signaling by Moderate Kinase Activity BRAF Mutants,0.3057105941048262,0.7913606572980493,2/45,2.1805559089328916,KRAS;VCL,0.004048582995951417,2,H1ESC
376,Signaling Downstream of RAS Mutants,0.3057105941048262,0.7913606572980493,2/45,2.1805559089328916,KRAS;VCL,0.004048582995951417,2,H1ESC
377,PCP CE Pathway,0.3099233196475802,0.7913606572980493,3/79,1.8298498272899468,PRKCA;ROR1;WNT4,0.006072874493927126,3,H1ESC
378,Antigen Processing Ubiquitination & Proteasome Degradation,0.3103762590628237,0.7913606572980493,9/296,1.4538659949301804,TRIM71;RNF144B;MYLIP;KLHL25;RNF138;FBXO2;FBXO27;LONRF1;KBTBD8,0.018218623481781375,9,H1ESC
379,O-linked Glycosylation,0.3109147940074044,0.7913606572980493,4/114,1.6815668125564414,ADAMTS16;GALNT16;ADAMTS17;THSD7A,0.008097165991902834,4,H1ESC
380,WNT5A-dependent Internalization of FZD4,0.31290638043958,0.7913606572980493,1/15,3.281194482133575,PRKCA,0.0020242914979757085,1,H1ESC
381,Zinc Transporters,0.31290638043958,0.7913606572980493,1/15,3.281194482133575,SLC39A14,0.0020242914979757085,1,H1ESC
382,p130Cas Linkage to MAPK Signaling for Integrins,0.31290638043958,0.7913606572980493,1/15,3.281194482133575,BCAR1,0.0020242914979757085,1,H1ESC
383,Constitutive Signaling by EGFRvIII,0.31290638043958,0.7913606572980493,1/15,3.281194482133575,KRAS,0.0020242914979757085,1,H1ESC
384,Constitutive Signaling by NOTCH1 HD Domain Mutants,0.31290638043958,0.7913606572980493,1/15,3.281194482133575,JAG1,0.0020242914979757085,1,H1ESC
385,Depolymerization of the Nuclear Lamina,0.31290638043958,0.7913606572980493,1/15,3.281194482133575,PRKCA,0.0020242914979757085,1,H1ESC
386,ERBB2 Regulates Cell Motility,0.31290638043958,0.7913606572980493,1/15,3.281194482133575,NRG3,0.0020242914979757085,1,H1ESC
387,Integration of Provirus,0.31290638043958,0.7913606572980493,1/15,3.281194482133575,PSIP1,0.0020242914979757085,1,H1ESC
388,Negative Regulation of TCF-dependent Signaling by WNT Ligand Antagonists,0.31290638043958,0.7913606572980493,1/15,3.281194482133575,WNT4,0.0020242914979757085,1,H1ESC
389,Phase 2 - Plateau Phase,0.31290638043958,0.7913606572980493,1/15,3.281194482133575,CACNA2D2,0.0020242914979757085,1,H1ESC
390,Signaling by EGFRvIII in Cancer,0.31290638043958,0.7913606572980493,1/15,3.281194482133575,KRAS,0.0020242914979757085,1,H1ESC
391,Signaling by NOTCH1 HD Domain Mutants in Cancer,0.31290638043958,0.7913606572980493,1/15,3.281194482133575,JAG1,0.0020242914979757085,1,H1ESC
392,Early SARS-CoV-2 Infection Events,0.3148563894962332,0.7913606572980493,2/46,2.0778861248647544,SDC4;HSPG2,0.004048582995951417,2,H1ESC
393,MyD88 MAL(TIRAP) Cascade Initiated on Plasma Membrane,0.3165036377493244,0.7913606572980493,4/115,1.640919760743821,APP;RPS6KA5;PELI3;PELI2,0.008097165991902834,4,H1ESC
394,Toll Like Receptor TLR6 TLR2 Cascade,0.3165036377493244,0.7913606572980493,4/115,1.640919760743821,APP;RPS6KA5;PELI3;PELI2,0.008097165991902834,4,H1ESC
395,G Alpha (12 13) Signalling Events,0.3167038114388362,0.7913606572980493,3/80,1.7726270293162192,RASGRF2;ARHGEF39;GNB3,0.006072874493927126,3,H1ESC
396,PKR-mediated Signaling,0.3167038114388362,0.7913606572980493,3/80,1.7726270293162192,FANCL;MAPT;HSPA2,0.006072874493927126,3,H1ESC
397,"Platelet Activation, Signaling and Aggregation",0.3215427143855772,0.7953799445579339,8/262,1.4156247869812837,APP;SERPINE1;GNB3;PRKCA;SCG3;RAPGEF3;VCL;BCAR1,0.016194331983805668,8,H1ESC
398,CRMPs in Sema3A Signaling,0.3298903039370738,0.7953799445579339,1/16,2.922978139285779,CRMP1,0.0020242914979757085,1,H1ESC
399,FOXO-mediated Transcription of Cell Death Genes,0.3298903039370738,0.7953799445579339,1/16,2.922978139285779,FOXO1,0.0020242914979757085,1,H1ESC
400,Nucleotide-like (Purinergic) Receptors,0.3298903039370738,0.7953799445579339,1/16,2.922978139285779,P2RY2,0.0020242914979757085,1,H1ESC
401,PI3K Events in ERBB2 Signaling,0.3298903039370738,0.7953799445579339,1/16,2.922978139285779,NRG3,0.0020242914979757085,1,H1ESC
402,Phospholipase C-mediated Cascade FGFR1,0.3298903039370738,0.7953799445579339,1/16,2.922978139285779,FGFR1,0.0020242914979757085,1,H1ESC
403,Rap1 Signalling,0.3298903039370738,0.7953799445579339,1/16,2.922978139285779,RAPGEF3,0.0020242914979757085,1,H1ESC
404,Regulation of KIT Signaling,0.3298903039370738,0.7953799445579339,1/16,2.922978139285779,PRKCA,0.0020242914979757085,1,H1ESC
405,Signaling by ERBB2 ECD Mutants,0.3298903039370738,0.7953799445579339,1/16,2.922978139285779,KRAS,0.0020242914979757085,1,H1ESC
406,Signaling by FLT3 ITD and TKD Mutants,0.3298903039370738,0.7953799445579339,1/16,2.922978139285779,KRAS,0.0020242914979757085,1,H1ESC
407,Transcription of E2F Targets Under Neg Control by P107 (RBL1) and P130 (RBL2) in Complex With HDAC1,0.3298903039370738,0.7953799445579339,1/16,2.922978139285779,E2F5,0.0020242914979757085,1,H1ESC
408,IRS-mediated Signalling,0.3330619240176645,0.7953799445579339,2/48,1.8906721869480567,KRAS;FGFR1,0.004048582995951417,2,H1ESC
409,Inositol Phosphate Metabolism,0.3330619240176645,0.7953799445579339,2/48,1.8906721869480567,ISYNA1;IMPA2,0.004048582995951417,2,H1ESC
410,Metabolism of Fat-Soluble Vitamins,0.3330619240176645,0.7953799445579339,2/48,1.8906721869480567,SDC4;HSPG2,0.004048582995951417,2,H1ESC
411,NOTCH1 Intracellular Domain Regulates Transcription,0.3330619240176645,0.7953799445579339,2/48,1.8906721869480567,TLE2;TLE1,0.004048582995951417,2,H1ESC
412,Toll Like Receptor 2 (TLR2) Cascade,0.3333147935973816,0.7953799445579339,4/118,1.5256260722897506,APP;RPS6KA5;PELI3;PELI2,0.008097165991902834,4,H1ESC
413,Toll Like Receptor TLR1 TLR2 Cascade,0.3333147935973816,0.7953799445579339,4/118,1.5256260722897506,APP;RPS6KA5;PELI3;PELI2,0.008097165991902834,4,H1ESC
414,Regulation of HSF1-mediated Heat Shock Response,0.3370513825644433,0.7953799445579339,3/83,1.6135051968928789,NUP210;HSPA2;SIRT1,0.006072874493927126,3,H1ESC
415,Signaling by NOTCH3,0.3421134345537839,0.7953799445579339,2/49,1.8052218258577408,NOTCH3;JAG1,0.004048582995951417,2,H1ESC
416,Signaling by TGFBR3,0.3421134345537839,0.7953799445579339,2/49,1.8052218258577408,MMP14;TIMP2,0.004048582995951417,2,H1ESC
417,L1CAM Interactions,0.3445467511231161,0.7953799445579339,4/120,1.4539436496762366,RPS6KA5;LAMA1;SPTBN2;FGFR1,0.008097165991902834,4,H1ESC
418,Acetylcholine Neurotransmitter Release Cycle,0.346455238554236,0.7953799445579339,1/17,2.619096369864004,UNC13B,0.0020242914979757085,1,H1ESC
419,Acyl Chain Remodelling of PI,0.346455238554236,0.7953799445579339,1/17,2.619096369864004,PLAAT3,0.0020242914979757085,1,H1ESC
420,FOXO-mediated Transcription of Cell Cycle Genes,0.346455238554236,0.7953799445579339,1/17,2.619096369864004,FOXO1,0.0020242914979757085,1,H1ESC
421,Formation of Senescence-Associated Heterochromatin Foci (SAHF),0.346455238554236,0.7953799445579339,1/17,2.619096369864004,HMGA2,0.0020242914979757085,1,H1ESC
422,Hyaluronan Metabolism,0.346455238554236,0.7953799445579339,1/17,2.619096369864004,HYAL1,0.0020242914979757085,1,H1ESC
423,IL-6-type Cytokine Receptor Ligand Interactions,0.346455238554236,0.7953799445579339,1/17,2.619096369864004,OSMR,0.0020242914979757085,1,H1ESC
424,Metabolism of Nitric Oxide NOS3 Activation and Regulation,0.346455238554236,0.7953799445579339,1/17,2.619096369864004,DDAH1,0.0020242914979757085,1,H1ESC
425,Purine Catabolism,0.346455238554236,0.7953799445579339,1/17,2.619096369864004,XDH,0.0020242914979757085,1,H1ESC
426,Regulation of MITF-M-dependent Genes Involved in Cell Cycle and Proliferation,0.346455238554236,0.7953799445579339,1/17,2.619096369864004,TCF7L1,0.0020242914979757085,1,H1ESC
427,Removal of the Flap Intermediate From the C-strand,0.346455238554236,0.7953799445579339,1/17,2.619096369864004,TERF1,0.0020242914979757085,1,H1ESC
428,Signaling by NTRK3 (TRKC),0.346455238554236,0.7953799445579339,1/17,2.619096369864004,KRAS,0.0020242914979757085,1,H1ESC
429,Specification of the Neural Plate Border,0.346455238554236,0.7953799445579339,1/17,2.619096369864004,TCF7L1,0.0020242914979757085,1,H1ESC
430,The NLRP3 Inflammasome,0.346455238554236,0.7953799445579339,1/17,2.619096369864004,APP,0.0020242914979757085,1,H1ESC
431,Antiviral Mechanism by IFN-stimulated Genes,0.3517944069593249,0.7953799445579339,5/158,1.3511795851109278,PPM1B;NUP210;FANCL;HSPA2;MAPT,0.010121457489878543,5,H1ESC
432,Transcriptional Regulation by RUNX3,0.3573645026534066,0.7953799445579339,3/86,1.4712718784392231,TCF7L1;JAG1;KRAS,0.006072874493927126,3,H1ESC
433,EPH-ephrin Mediated Repulsion of Cells,0.3600950040159732,0.7953799445579339,2/51,1.6486754851063112,CLTCL1;EPHB4,0.004048582995951417,2,H1ESC
434,Neurotransmitter Release Cycle,0.3600950040159732,0.7953799445579339,2/51,1.6486754851063112,UNC13B;SLC1A3,0.004048582995951417,2,H1ESC
435,Transcriptional and Post-Translational Regulation of MITF-M Expression and Activity,0.3600950040159732,0.7953799445579339,2/51,1.6486754851063112,CDH1;SIRT1,0.004048582995951417,2,H1ESC
436,Cell-extracellular Matrix Interactions,0.3626114999993676,0.7953799445579339,1/18,2.358918390016912,FERMT2,0.0020242914979757085,1,H1ESC
437,FGFR1 Ligand Binding and Activation,0.3626114999993676,0.7953799445579339,1/18,2.358918390016912,FGFR1,0.0020242914979757085,1,H1ESC
438,Formation of Definitive Endoderm,0.3626114999993676,0.7953799445579339,1/18,2.358918390016912,CDH1,0.0020242914979757085,1,H1ESC
439,G Beta Gamma Signalling Through BTK,0.3626114999993676,0.7953799445579339,1/18,2.358918390016912,GNB3,0.0020242914979757085,1,H1ESC
440,Lewis Blood Group Biosynthesis,0.3626114999993676,0.7953799445579339,1/18,2.358918390016912,FUT2,0.0020242914979757085,1,H1ESC
441,MECP2 Regulates Neuronal Receptors and Channels,0.3626114999993676,0.7953799445579339,1/18,2.358918390016912,GRIN2B,0.0020242914979757085,1,H1ESC
442,Norepinephrine Neurotransmitter Release Cycle,0.3626114999993676,0.7953799445579339,1/18,2.358918390016912,UNC13B,0.0020242914979757085,1,H1ESC
443,Pre-NOTCH Processing in Golgi,0.3626114999993676,0.7953799445579339,1/18,2.358918390016912,NOTCH3,0.0020242914979757085,1,H1ESC
444,SHC-mediated Cascade FGFR3,0.3626114999993676,0.7953799445579339,1/18,2.358918390016912,KRAS,0.0020242914979757085,1,H1ESC
445,Serotonin Neurotransmitter Release Cycle,0.3626114999993676,0.7953799445579339,1/18,2.358918390016912,UNC13B,0.0020242914979757085,1,H1ESC
446,Tie2 Signaling,0.3626114999993676,0.7953799445579339,1/18,2.358918390016912,KRAS,0.0020242914979757085,1,H1ESC
447,Apoptotic Execution Phase,0.3690181068179659,0.7953799445579339,2/52,1.5769002048423892,CDH1;MAPT,0.004048582995951417,2,H1ESC
448,IRS-related Events Triggered by IGF1R,0.3690181068179659,0.7953799445579339,2/52,1.5769002048423892,KRAS;FGFR1,0.004048582995951417,2,H1ESC
449,Signaling by FGFR1,0.3690181068179659,0.7953799445579339,2/52,1.5769002048423892,KRAS;FGFR1,0.004048582995951417,2,H1ESC
450,IGF1R Signaling Cascade,0.3778917766091535,0.7953799445579339,2/53,1.5090533431616495,KRAS;FGFR1,0.004048582995951417,2,H1ESC
451,Nuclear Envelope Breakdown,0.3778917766091535,0.7953799445579339,2/53,1.5090533431616495,NUP210;PRKCA,0.004048582995951417,2,H1ESC
452,Nuclear Receptor Transcription Pathway,0.3778917766091535,0.7953799445579339,2/53,1.5090533431616495,RARG;THRB,0.004048582995951417,2,H1ESC
453,Signaling by EGFR,0.3778917766091535,0.7953799445579339,2/53,1.5090533431616495,LRIG1;KRAS,0.004048582995951417,2,H1ESC
454,Host Interactions of HIV Factors,0.3782537314314622,0.7953799445579339,4/126,1.260952301752611,NUP210;ELMO1;PSIP1;AP1M2,0.008097165991902834,4,H1ESC
455,MHC Class II Antigen Presentation,0.3782537314314622,0.7953799445579339,4/126,1.260952301752611,KLC3;OSBPL1A;AP1M2;SPTBN2,0.008097165991902834,4,H1ESC
456,Aflatoxin Activation and Detoxification,0.378369150741201,0.7953799445579339,1/19,2.1343356218265637,DPEP1,0.0020242914979757085,1,H1ESC
457,Constitutive Signaling by Ligand-Responsive EGFR Cancer Variants,0.378369150741201,0.7953799445579339,1/19,2.1343356218265637,KRAS,0.0020242914979757085,1,H1ESC
458,Ephrin Signaling,0.378369150741201,0.7953799445579339,1/19,2.1343356218265637,EPHB4,0.0020242914979757085,1,H1ESC
459,Glycosphingolipid Biosynthesis,0.378369150741201,0.7953799445579339,1/19,2.1343356218265637,FUT2,0.0020242914979757085,1,H1ESC
460,Glyoxylate Metabolism and Glycine Degradation,0.378369150741201,0.7953799445579339,1/19,2.1343356218265637,GLDC,0.0020242914979757085,1,H1ESC
461,Phase 4 - Resting Membrane Potential,0.378369150741201,0.7953799445579339,1/19,2.1343356218265637,KCNK12,0.0020242914979757085,1,H1ESC
462,Plasma Lipoprotein Assembly,0.378369150741201,0.7953799445579339,1/19,2.1343356218265637,APOC1,0.0020242914979757085,1,H1ESC
463,Processive Synthesis on the C-strand of the Telomere,0.378369150741201,0.7953799445579339,1/19,2.1343356218265637,TERF1,0.0020242914979757085,1,H1ESC
464,Prostacyclin Signalling Through Prostacyclin Receptor,0.378369150741201,0.7953799445579339,1/19,2.1343356218265637,GNB3,0.0020242914979757085,1,H1ESC
465,SARS-CoV-1 Targets Host Intracellular Signalling and Regulatory Pathways,0.378369150741201,0.7953799445579339,1/19,2.1343356218265637,SERPINE1,0.0020242914979757085,1,H1ESC
466,Signaling by FLT3 Fusion Proteins,0.378369150741201,0.7953799445579339,1/19,2.1343356218265637,KRAS,0.0020242914979757085,1,H1ESC
467,Signaling by Ligand-Responsive EGFR Variants in Cancer,0.378369150741201,0.7953799445579339,1/19,2.1343356218265637,KRAS,0.0020242914979757085,1,H1ESC
468,Transcription of E2F Targets Under Negative Control by DREAM Complex,0.378369150741201,0.7953799445579339,1/19,2.1343356218265637,E2F5,0.0020242914979757085,1,H1ESC
469,Glycosaminoglycan Metabolism,0.3838610695784953,0.7953799445579339,4/127,1.2317059880344394,CHST6;SDC4;HYAL1;HSPG2,0.008097165991902834,4,H1ESC
470,NR1H2 and NR1H3-mediated Signaling,0.3867130125031651,0.7953799445579339,2/54,1.444864686443649,MYLIP;APOC1,0.004048582995951417,2,H1ESC
471,Signaling by Type 1 Insulin-like Growth Factor 1 Receptor (IGF1R),0.3867130125031651,0.7953799445579339,2/54,1.444864686443649,KRAS;FGFR1,0.004048582995951417,2,H1ESC
472,Platelet Degranulation,0.3894624664540727,0.7953799445579339,4/128,1.203225094488023,APP;SERPINE1;SCG3;VCL,0.008097165991902834,4,H1ESC
473,Muscle Contraction,0.3909338703987046,0.7953799445579339,6/204,1.126080426311318,RYR1;KCNK12;CACNA2D2;MYL9;SORBS3;VCL,0.012145748987854251,6,H1ESC
474,Chaperonin-mediated Protein Folding,0.3910024536287045,0.7953799445579339,3/91,1.2660368511452569,KIF13A;GNB3;RGS6,0.006072874493927126,3,H1ESC
475,Metabolism of Amino Acids and Derivatives,0.3913703945328429,0.7953799445579339,10/358,1.067026242417979,CKMT2;TPH2;GLDC;CBS;GPT2;NAALAD2;PIPOX;RIMKLB;OAZ2;SLC5A5,0.020242914979757085,10,H1ESC
476,Apoptotic Factor-Mediated Response,0.3937380058795646,0.7953799445579339,1/20,1.93906686578951,UACA,0.0020242914979757085,1,H1ESC
477,FGFR2 Ligand Binding and Activation,0.3937380058795646,0.7953799445579339,1/20,1.93906686578951,FGFBP3,0.0020242914979757085,1,H1ESC
478,FRS-mediated FGFR3 Signaling,0.3937380058795646,0.7953799445579339,1/20,1.93906686578951,KRAS,0.0020242914979757085,1,H1ESC
479,G Beta Gamma Signalling Through CDC42,0.3937380058795646,0.7953799445579339,1/20,1.93906686578951,GNB3,0.0020242914979757085,1,H1ESC
480,G Beta Gamma Signalling Through PLC Beta,0.3937380058795646,0.7953799445579339,1/20,1.93906686578951,GNB3,0.0020242914979757085,1,H1ESC
481,SHC-mediated Cascade FGFR4,0.3937380058795646,0.7953799445579339,1/20,1.93906686578951,KRAS,0.0020242914979757085,1,H1ESC
482,Signaling by KIT in Disease,0.3937380058795646,0.7953799445579339,1/20,1.93906686578951,KRAS,0.0020242914979757085,1,H1ESC
483,"Signaling by Phosphorylated Juxtamembrane, Extracellular and Kinase Domain KIT Mutants",0.3937380058795646,0.7953799445579339,1/20,1.93906686578951,KRAS,0.0020242914979757085,1,H1ESC
484,Signalling to RAS,0.3937380058795646,0.7953799445579339,1/20,1.93906686578951,KRAS,0.0020242914979757085,1,H1ESC
485,Synthesis of Leukotrienes (LT) and Eoxins (EX),0.3937380058795646,0.7953799445579339,1/20,1.93906686578951,DPEP1,0.0020242914979757085,1,H1ESC
486,Vitamin B5 (Pantothenate) Metabolism,0.3937380058795646,0.7953799445579339,1/20,1.93906686578951,PANK1,0.0020242914979757085,1,H1ESC
487,RHOJ GTPase Cycle,0.3954789914245658,0.7953799445579339,2/55,1.3840867871129263,SYDE1;FNBP1L,0.004048582995951417,2,H1ESC
488,Regulation of RAS by GAPs,0.3954789914245658,0.7953799445579339,2/55,1.3840867871129263,SYNGAP1;KRAS,0.004048582995951417,2,H1ESC
489,Cellular Senescence,0.3959262523099862,0.7953799445579339,5/167,1.131229292113522,PHC1;CBX2;HMGA2;TERF1;ETS2,0.010121457489878543,5,H1ESC
490,Developmental Biology,0.3994822221207731,0.7953799445579339,36/1385,0.9707691188608866,RARG;LAMA1;ARHGEF28;PRDM14;CRMP1;SEMA3E;VLDLR;FOXO1;ABLIM2;RPS6KA5;CDH1;CLTCL1;GRB10;NRTN;PRSS8;PLXNC1;ZNF423;ZNF521;NEO1;MYH10;EPHB4;SPTBN2;WNT4;IRX2;TCF7L1;JAG1;SEMA4D;EYA1;PRKCA;GRIN2B;SIRT1;TET3;CLDN7;KRAS;MYL9;FGFR1,0.0728744939271255,36,H1ESC
491,Regulation of PTEN Stability and Activity,0.404187061128344,0.7953799445579339,2/56,1.3264926866649354,PREX2;TNKS2,0.004048582995951417,2,H1ESC
492,Digestion,0.4087276393805578,0.7953799445579339,1/21,1.7681791322181477,GUCY2C,0.0020242914979757085,1,H1ESC
493,Formation of the Ureteric Bud,0.4087276393805578,0.7953799445579339,1/21,1.7681791322181477,EYA1,0.0020242914979757085,1,H1ESC
494,Inactivation of APC C via Direct Inhibition of the APC C Complex,0.4087276393805578,0.7953799445579339,1/21,1.7681791322181477,BUB1B,0.0020242914979757085,1,H1ESC
495,Inhib of Proteolytic Activity of APC C Required for Onset of Anaphase by Mitotic Spindle Checkpoint,0.4087276393805578,0.7953799445579339,1/21,1.7681791322181477,BUB1B,0.0020242914979757085,1,H1ESC
496,Negative Regulation of MET Activity,0.4087276393805578,0.7953799445579339,1/21,1.7681791322181477,LRIG1,0.0020242914979757085,1,H1ESC
497,Negative Regulation of NMDA Receptor-Mediated Neuronal Transmission,0.4087276393805578,0.7953799445579339,1/21,1.7681791322181477,GRIN2B,0.0020242914979757085,1,H1ESC
498,PI-3K Cascade FGFR1,0.4087276393805578,0.7953799445579339,1/21,1.7681791322181477,FGFR1,0.0020242914979757085,1,H1ESC
499,Presynaptic Function of Kainate Receptors,0.4087276393805578,0.7953799445579339,1/21,1.7681791322181477,GNB3,0.0020242914979757085,1,H1ESC
500,Regulation of Gene Expression in Beta Cells,0.4087276393805578,0.7953799445579339,1/21,1.7681791322181477,FOXO1,0.0020242914979757085,1,H1ESC
501,Signal Transduction by L1,0.4087276393805578,0.7953799445579339,1/21,1.7681791322181477,FGFR1,0.0020242914979757085,1,H1ESC
502,Synaptic Adhesion-Like Molecules,0.4087276393805578,0.7953799445579339,1/21,1.7681791322181477,GRIN2B,0.0020242914979757085,1,H1ESC
503,"Synthesis, Secretion, and Inactivation of Glucagon-like Peptide-1 (GLP-1)",0.4087276393805578,0.7953799445579339,1/21,1.7681791322181477,GNB3,0.0020242914979757085,1,H1ESC
504,"Unblocking of NMDA Receptors, Glutamate Binding and Activation",0.4087276393805578,0.7953799445579339,1/21,1.7681791322181477,GRIN2B,0.0020242914979757085,1,H1ESC
505,SUMO E3 Ligases SUMOylate Target Proteins,0.4106002537968461,0.7953799445579339,5/170,1.0668714170982825,PHC1;THRB;NUP210;CBX2;DNMT3B,0.010121457489878543,5,H1ESC
506,RAC3 GTPase Cycle,0.4109784345161579,0.7953799445579339,3/94,1.1591571514914605,SYDE1;JAG1;FERMT2,0.006072874493927126,3,H1ESC
507,Signaling by TGF-beta Receptor Complex,0.4109784345161579,0.7953799445579339,3/94,1.1591571514914605,SKI;SERPINE1;E2F5,0.006072874493927126,3,H1ESC
508,Heparan Sulfate Heparin (HS-GAG) Metabolism,0.4128347335311069,0.7953799445579339,2/57,1.2718739016275062,SDC4;HSPG2,0.004048582995951417,2,H1ESC
509,SLC-mediated Transmembrane Transport,0.4182437773160476,0.7953799445579339,7/249,0.9973845886310608,SLC2A14;SLC13A3;SLC24A3;SLC7A8;SLC1A3;SLC39A14;SLC5A5,0.01417004048582996,7,H1ESC
510,Signaling by PDGF,0.4214196782167845,0.7953799445579339,2/58,1.2200386385343585,KRAS;BCAR1,0.004048582995951417,2,H1ESC
511,ADP Signalling Through P2Y Purinoceptor 12,0.4233473898453519,0.7953799445579339,1/22,1.6177503296469176,GNB3,0.0020242914979757085,1,H1ESC
512,Acyl Chain Remodelling of PS,0.4233473898453519,0.7953799445579339,1/22,1.6177503296469176,PLAAT3,0.0020242914979757085,1,H1ESC
513,Blood Group Systems Biosynthesis,0.4233473898453519,0.7953799445579339,1/22,1.6177503296469176,FUT2,0.0020242914979757085,1,H1ESC
514,Cellular Hexose Transport,0.4233473898453519,0.7953799445579339,1/22,1.6177503296469176,SLC2A14,0.0020242914979757085,1,H1ESC
515,Chaperone Mediated Autophagy,0.4233473898453519,0.7953799445579339,1/22,1.6177503296469176,RNASE1,0.0020242914979757085,1,H1ESC
516,Defects in Vitamin and Cofactor Metabolism,0.4233473898453519,0.7953799445579339,1/22,1.6177503296469176,BTD,0.0020242914979757085,1,H1ESC
517,Deregulated CDK5 Triggers Multiple Neurodegenerative Pathways in Alzheimer's Disease Models,0.4233473898453519,0.7953799445579339,1/22,1.6177503296469176,APP,0.0020242914979757085,1,H1ESC
518,E2F Mediated Regulation of DNA Replication,0.4233473898453519,0.7953799445579339,1/22,1.6177503296469176,ORC1,0.0020242914979757085,1,H1ESC
519,ERK MAPK Targets,0.4233473898453519,0.7953799445579339,1/22,1.6177503296469176,RPS6KA5,0.0020242914979757085,1,H1ESC
520,Early Phase of HIV Life Cycle,0.4233473898453519,0.7953799445579339,1/22,1.6177503296469176,PSIP1,0.0020242914979757085,1,H1ESC
521,FRS-mediated FGFR4 Signaling,0.4233473898453519,0.7953799445579339,1/22,1.6177503296469176,KRAS,0.0020242914979757085,1,H1ESC
522,Insertion of Tail-Anchored Proteins Into the Endoplasmic Reticulum Membrane,0.4233473898453519,0.7953799445579339,1/22,1.6177503296469176,APP,0.0020242914979757085,1,H1ESC
523,Listeria Monocytogenes Entry Into Host Cells,0.4233473898453519,0.7953799445579339,1/22,1.6177503296469176,CDH1,0.0020242914979757085,1,H1ESC
524,NPAS4 Regulates Expression of Target Genes,0.4233473898453519,0.7953799445579339,1/22,1.6177503296469176,RBFOX3,0.0020242914979757085,1,H1ESC
525,Nef-mediates Down Modulation of Cell Surface Receptors by Recruiting Them to Clathrin Adapters,0.4233473898453519,0.7953799445579339,1/22,1.6177503296469176,AP1M2,0.0020242914979757085,1,H1ESC
526,Neurodegenerative Diseases,0.4233473898453519,0.7953799445579339,1/22,1.6177503296469176,APP,0.0020242914979757085,1,H1ESC
527,Signaling by FGFR3 in Disease,0.4233473898453519,0.7953799445579339,1/22,1.6177503296469176,KRAS,0.0020242914979757085,1,H1ESC
528,Metabolism of Carbohydrates,0.4260046327362118,0.7968164109719813,8/290,0.9575306558812244,CHST6;UGP2;NUP210;SDC4;HYAL1;PGAM2;FUT2;HSPG2,0.016194331983805668,8,H1ESC
529,Meiotic Synapsis,0.4299397161344902,0.7968164109719813,2/59,1.170810208355748,HSPA2;TERF1,0.004048582995951417,2,H1ESC
530,NRAGE Signals Death Through JNK,0.4299397161344902,0.7968164109719813,2/59,1.170810208355748,RASGRF2;ARHGEF39,0.004048582995951417,2,H1ESC
531,RHOQ GTPase Cycle,0.4299397161344902,0.7968164109719813,2/59,1.170810208355748,PLEKHG3;SYDE1,0.004048582995951417,2,H1ESC
532,Protein Folding,0.430747830341332,0.7968164109719813,3/97,1.0627085064367146,KIF13A;GNB3;RGS6,0.006072874493927126,3,H1ESC
533,Cellular Responses to Stimuli,0.4355605491699591,0.7968164109719813,23/887,0.8756895871360086,PRKAA2;PHC1;NUP210;WFS1;CBX2;HMGA2;ADCY2;ADCY1;HSPA2;TERF1;SIRT1;ETS2;MMP14;IMPACT;CREB3L1;P2RY2;GRB10;KDR;GNB3;STAP2;CA9;CHAC1;VCL,0.0465587044534413,23,H1ESC
534,Metabolism of Nucleotides,0.4372851268909022,0.7968164109719813,3/98,1.0326633261498877,AK4;AK5;XDH,0.006072874493927126,3,H1ESC
535,Azathioprine ADME,0.4376063664486739,0.7968164109719813,1/23,1.484627409282289,XDH,0.0020242914979757085,1,H1ESC
536,BBSome-mediated Cargo-Targeting to Cilium,0.4376063664486739,0.7968164109719813,1/23,1.484627409282289,MCHR1,0.0020242914979757085,1,H1ESC
537,Dopamine Neurotransmitter Release Cycle,0.4376063664486739,0.7968164109719813,1/23,1.484627409282289,UNC13B,0.0020242914979757085,1,H1ESC
538,Long-term Potentiation,0.4376063664486739,0.7968164109719813,1/23,1.484627409282289,GRIN2B,0.0020242914979757085,1,H1ESC
539,Nitric Oxide Stimulates Guanylate Cyclase,0.4376063664486739,0.7968164109719813,1/23,1.484627409282289,NOS2,0.0020242914979757085,1,H1ESC
540,SHC-mediated Cascade FGFR2,0.4376063664486739,0.7968164109719813,1/23,1.484627409282289,KRAS,0.0020242914979757085,1,H1ESC
541,Suppression of Phagosomal Maturation,0.4376063664486739,0.7968164109719813,1/23,1.484627409282289,NOS2,0.0020242914979757085,1,H1ESC
542,Telomere Extension By Telomerase,0.4376063664486739,0.7968164109719813,1/23,1.484627409282289,TERF1,0.0020242914979757085,1,H1ESC
543,DNA Damage Telomere Stress Induced Senescence,0.4383928138694098,0.7968164109719813,2/60,1.1240256139504985,HMGA2;TERF1,0.004048582995951417,2,H1ESC
544,SUMOylation,0.4397774948796658,0.7968164109719813,5/176,0.9497505967717934,PHC1;THRB;NUP210;CBX2;DNMT3B,0.010121457489878543,5,H1ESC
545,Class I MHC Mediated Antigen Processing & Presentation,0.441223179798317,0.7968164109719813,10/373,0.8914969310109432,MRC2;TRIM71;RNF144B;MYLIP;KLHL25;RNF138;FBXO2;FBXO27;LONRF1;KBTBD8,0.020242914979757085,10,H1ESC
546,SLC Transporter Disorders,0.4437939761553036,0.7968164109719813,3/99,1.003601316282312,NUP210;SLC1A3;SLC5A5,0.006072874493927126,3,H1ESC
547,Visual Phototransduction,0.4437939761553036,0.7968164109719813,3/99,1.003601316282312,SDC4;PRKCA;HSPG2,0.006072874493927126,3,H1ESC
548,Regulation of PTEN Gene Transcription,0.4467770773154314,0.7968164109719813,2/61,1.0795342926555582,PHC1;CBX2,0.004048582995951417,2,H1ESC
549,Cytosolic Sulfonation of Small Molecules,0.4515134543929343,0.7968164109719813,1/24,1.3662500696301216,SULT2B1,0.0020242914979757085,1,H1ESC
550,G-protein Activation,0.4515134543929343,0.7968164109719813,1/24,1.3662500696301216,GNB3,0.0020242914979757085,1,H1ESC
551,"Incretin Synthesis, Secretion, and Inactivation",0.4515134543929343,0.7968164109719813,1/24,1.3662500696301216,GNB3,0.0020242914979757085,1,H1ESC
552,Interleukin-6 Family Signaling,0.4515134543929343,0.7968164109719813,1/24,1.3662500696301216,OSMR,0.0020242914979757085,1,H1ESC
553,Metal Ion SLC Transporters,0.4515134543929343,0.7968164109719813,1/24,1.3662500696301216,SLC39A14,0.0020242914979757085,1,H1ESC
554,RAS Processing,0.4515134543929343,0.7968164109719813,1/24,1.3662500696301216,KRAS,0.0020242914979757085,1,H1ESC
555,RHO GTPases Activate NADPH Oxidases,0.4515134543929343,0.7968164109719813,1/24,1.3662500696301216,PRKCA,0.0020242914979757085,1,H1ESC
556,RUNX2 Regulates Osteoblast Differentiation,0.4515134543929343,0.7968164109719813,1/24,1.3662500696301216,ZNF521,0.0020242914979757085,1,H1ESC
557,Synthesis of Very Long-Chain Fatty acyl-CoAs,0.4515134543929343,0.7968164109719813,1/24,1.3662500696301216,ELOVL7,0.0020242914979757085,1,H1ESC
558,Thromboxane Signalling Through TP Receptor,0.4515134543929343,0.7968164109719813,1/24,1.3662500696301216,GNB3,0.0020242914979757085,1,H1ESC
559,Kinesins,0.4550907465113153,0.7968164109719813,2/62,1.0371969896062134,KLC3;KIF21A,0.004048582995951417,2,H1ESC
560,RHO GTPases Activate PKNs,0.4550907465113153,0.7968164109719813,2/62,1.0371969896062134,MYL9;MYH10,0.004048582995951417,2,H1ESC
561,Cellular Response to Heat Stress,0.4567213869062282,0.7968164109719813,3/101,0.948274763834888,NUP210;HSPA2;SIRT1,0.006072874493927126,3,H1ESC
562,Interleukin-1 Signaling,0.4631375888176384,0.7968164109719813,3/102,0.921938621027226,APP;PELI3;PELI2,0.006072874493927126,3,H1ESC
563,Peroxisomal Protein Import,0.4633321898965237,0.7968164109719813,2/63,0.9968847512562312,NOS2;PIPOX,0.004048582995951417,2,H1ESC
564,Signaling by FGFR in Disease,0.4633321898965237,0.7968164109719813,2/63,0.9968847512562312,KRAS;FGFR1,0.004048582995951417,2,H1ESC
565,ADP Signalling Through P2Y Purinoceptor 1,0.4650773205169125,0.7968164109719813,1/25,1.260520317658988,GNB3,0.0020242914979757085,1,H1ESC
566,Basigin Interactions,0.4650773205169125,0.7968164109719813,1/25,1.260520317658988,SLC7A8,0.0020242914979757085,1,H1ESC
567,Defective Intrinsic Pathway for Apoptosis,0.4650773205169125,0.7968164109719813,1/25,1.260520317658988,APP,0.0020242914979757085,1,H1ESC
568,Downstream Signaling of Activated FGFR3,0.4650773205169125,0.7968164109719813,1/25,1.260520317658988,KRAS,0.0020242914979757085,1,H1ESC
569,FRS-mediated FGFR2 Signaling,0.4650773205169125,0.7968164109719813,1/25,1.260520317658988,KRAS,0.0020242914979757085,1,H1ESC
570,G Beta Gamma Signalling Through PI3Kgamma,0.4650773205169125,0.7968164109719813,1/25,1.260520317658988,GNB3,0.0020242914979757085,1,H1ESC
571,Glycogen Metabolism,0.4650773205169125,0.7968164109719813,1/25,1.260520317658988,UGP2,0.0020242914979757085,1,H1ESC
572,Inflammasomes,0.4650773205169125,0.7968164109719813,1/25,1.260520317658988,APP,0.0020242914979757085,1,H1ESC
573,Metabolism of Cofactors,0.4650773205169125,0.7968164109719813,1/25,1.260520317658988,HPDL,0.0020242914979757085,1,H1ESC
574,NOTCH2 Activation and Transmission of Signal to the Nucleus,0.4650773205169125,0.7968164109719813,1/25,1.260520317658988,JAG1,0.0020242914979757085,1,H1ESC
575,NOTCH3 Intracellular Domain Regulates Transcription,0.4650773205169125,0.7968164109719813,1/25,1.260520317658988,NOTCH3,0.0020242914979757085,1,H1ESC
576,Signaling by EGFR in Cancer,0.4650773205169125,0.7968164109719813,1/25,1.260520317658988,KRAS,0.0020242914979757085,1,H1ESC
577,Signaling by Erythropoietin,0.4650773205169125,0.7968164109719813,1/25,1.260520317658988,KRAS,0.0020242914979757085,1,H1ESC
578,TRAF6 Mediated NF-kB Activation,0.4650773205169125,0.7968164109719813,1/25,1.260520317658988,APP,0.0020242914979757085,1,H1ESC
579,Potassium Channels,0.4695206229929613,0.803042168981065,3/103,0.8964422530775894,KCNJ6;KCNC1;GNB3,0.006072874493927126,3,H1ESC
580,Collagen Degradation,0.4714998992225999,0.8050394148516681,2/64,0.9584780212254562,COL18A1;MMP14,0.004048582995951417,2,H1ESC
581,APC-Cdc20 Mediated Degradation of Nek2A,0.4783064187282599,0.8069387200313501,1/26,1.1657046446586667,BUB1B,0.0020242914979757085,1,H1ESC
582,Digestion and Absorption,0.4783064187282599,0.8069387200313501,1/26,1.1657046446586667,GUCY2C,0.0020242914979757085,1,H1ESC
583,Fertilization,0.4783064187282599,0.8069387200313501,1/26,1.1657046446586667,CATSPERB,0.0020242914979757085,1,H1ESC
584,Gluconeogenesis,0.4783064187282599,0.8069387200313501,1/26,1.1657046446586667,PGAM2,0.0020242914979757085,1,H1ESC
585,Glucuronidation,0.4783064187282599,0.8069387200313501,1/26,1.1657046446586667,UGP2,0.0020242914979757085,1,H1ESC
586,Polymerase Switching on the C-strand of the Telomere,0.4783064187282599,0.8069387200313501,1/26,1.1657046446586667,TERF1,0.0020242914979757085,1,H1ESC
587,WNT Ligand Biogenesis and Trafficking,0.4783064187282599,0.8069387200313501,1/26,1.1657046446586667,WNT4,0.0020242914979757085,1,H1ESC
588,Signaling by BRAF and RAF1 Fusions,0.4795924844605995,0.8077347106704834,2/65,0.9218658283961938,KRAS;VCL,0.004048582995951417,2,H1ESC
589,PTEN Regulation,0.4828321135429698,0.8118126383637729,4/145,0.8162912577501604,PREX2;PHC1;TNKS2;CBX2,0.008097165991902834,4,H1ESC
590,Attenuation Phase,0.4912089949041677,0.818956845285604,1/27,1.0803597517084504,HSPA2,0.0020242914979757085,1,H1ESC
591,Cell Recruitment (Pro-Inflammatory Response),0.4912089949041677,0.818956845285604,1/27,1.0803597517084504,APP,0.0020242914979757085,1,H1ESC
592,Downstream Signaling of Activated FGFR4,0.4912089949041677,0.818956845285604,1/27,1.0803597517084504,KRAS,0.0020242914979757085,1,H1ESC
593,G0 and Early G1,0.4912089949041677,0.818956845285604,1/27,1.0803597517084504,E2F5,0.0020242914979757085,1,H1ESC
594,Purinergic Signaling in Leishmaniasis Infection,0.4912089949041677,0.818956845285604,1/27,1.0803597517084504,APP,0.0020242914979757085,1,H1ESC
595,Post-translational Protein Phosphorylation,0.4947003336640874,0.8233938439509643,3/107,0.8022395903081142,APP;WFS1;SCG3,0.006072874493927126,3,H1ESC
596,Membrane Trafficking,0.4984886003810108,0.8260541283344194,16/633,0.7134015296082865,SCARB2;APP;PRKAA2;STON1;STON2;FNBP1L;GJC1;KLC3;AP1G2;CTTN;CLTCL1;GJB7;PACSIN3;KIF21A;AP1M2;SPTBN2,0.032388663967611336,16,H1ESC
597,Toll Like Receptor 4 (TLR4) Cascade,0.4987647317780639,0.8260541283344194,4/148,0.7635266112584691,APP;RPS6KA5;PELI3;PELI2,0.008097165991902834,4,H1ESC
598,TCF Dependent Signaling in Response to WNT,0.5016418569897036,0.8260541283344194,5/189,0.7407334092532708,TLE2;TCF7L1;TLE1;TNKS2;WNT4,0.010121457489878543,5,H1ESC
599,"BMAL1 CLOCK,NPAS2 Activates Circadian Gene Expression",0.5037930923813747,0.8260541283344194,1/28,1.0032755111242506,SERPINE1,0.0020242914979757085,1,H1ESC
600,FGFR2 Alternative Splicing,0.5037930923813747,0.8260541283344194,1/28,1.0032755111242506,RBFOX2,0.0020242914979757085,1,H1ESC
601,FLT3 Signaling in Disease,0.5037930923813747,0.8260541283344194,1/28,1.0032755111242506,KRAS,0.0020242914979757085,1,H1ESC
602,Keratan Sulfate Biosynthesis,0.5037930923813747,0.8260541283344194,1/28,1.0032755111242506,CHST6,0.0020242914979757085,1,H1ESC
603,Notch-HLH Transcription Pathway,0.5037930923813747,0.8260541283344194,1/28,1.0032755111242506,NOTCH3,0.0020242914979757085,1,H1ESC
604,Sulfur Amino Acid Metabolism,0.5037930923813747,0.8260541283344194,1/28,1.0032755111242506,CBS,0.0020242914979757085,1,H1ESC
605,Metabolism,0.5143781475628952,0.8392426627790723,54/2181,0.6666335375282068,GLDC;PANK1;FADS2;IMPA2;HYAL1;TNFAIP8L3;CA9;CHAC1;MFSD2A;CA13;CERS4;CHST6;NUP210;GPT2;PGAM2;CACNA2D2;PIPOX;PRKCA;PLAAT3;ELOVL7;HSPG2;SULT2B1;HPDL;BTD;DDAH1;GPD1;DPEP1;FAR2;RAPGEF3;CERS1;AGPAT5;TPH2;ISYNA1;PRKAA2;SDC4;ADCY2;AK4;ADCY1;AK5;FUT2;OAZ2;SLC5A5;CKMT2;UGP2;CBS;NAALAD2;RIMKLB;XDH;GLYATL1;CHKA;MBOAT2;ACER2;GNB3;OSBPL1A,0.10931174089068826,54,H1ESC
606,DAP12 Signaling,0.516066556749228,0.8392426627790723,1/29,0.9334307099162736,KRAS,0.0020242914979757085,1,H1ESC
607,Downregulation of ERBB2 Signaling,0.516066556749228,0.8392426627790723,1/29,0.9334307099162736,NRG3,0.0020242914979757085,1,H1ESC
608,Energy Dependent Regulation of mTOR by LKB1-AMPK,0.516066556749228,0.8392426627790723,1/29,0.9334307099162736,PRKAA2,0.0020242914979757085,1,H1ESC
609,Myogenesis,0.516066556749228,0.8392426627790723,1/29,0.9334307099162736,NEO1,0.0020242914979757085,1,H1ESC
610,Circadian Clock,0.518887567263604,0.8403216686464212,2/70,0.7623535872878745,SERPINE1;SIRT1,0.004048582995951417,2,H1ESC
611,RHOB GTPase Cycle,0.518887567263604,0.8403216686464212,2/70,0.7623535872878745,ARHGEF28;RHPN2,0.004048582995951417,2,H1ESC
612,"PI5P, PP2A and IER3 Regulate PI3K AKT Signaling",0.5192713537099357,0.8403216686464212,3/111,0.7191709654602876,NRG3;INSR;FGFR1,0.006072874493927126,3,H1ESC
613,Downstream Signaling of Activated FGFR2,0.5280370406984503,0.8475934374965415,1/30,0.8699583781274409,KRAS,0.0020242914979757085,1,H1ESC
614,Insulin Receptor Recycling,0.5280370406984503,0.8475934374965415,1/30,0.8699583781274409,INSR,0.0020242914979757085,1,H1ESC
615,SUMOylation of Intracellular Receptors,0.5280370406984503,0.8475934374965415,1/30,0.8699583781274409,THRB,0.0020242914979757085,1,H1ESC
616,Signaling by CSF3 (G-CSF),0.5280370406984503,0.8475934374965415,1/30,0.8699583781274409,KRAS,0.0020242914979757085,1,H1ESC
617,Surfactant Metabolism,0.5280370406984503,0.8475934374965415,1/30,0.8699583781274409,P2RY2,0.0020242914979757085,1,H1ESC
618,Interleukin-17 Signaling,0.5340429750032641,0.8525387143889455,2/72,0.7080019731619197,RPS6KA5;IL17RB,0.004048582995951417,2,H1ESC
619,Activated NOTCH1 Transmits Signal to the Nucleus,0.539712008705905,0.8525387143889455,1/31,0.8121183845951989,JAG1,0.0020242914979757085,1,H1ESC
620,FGFR1 Mutant Receptor Activation,0.539712008705905,0.8525387143889455,1/31,0.8121183845951989,FGFR1,0.0020242914979757085,1,H1ESC
621,Interaction Between L1 and Ankyrins,0.539712008705905,0.8525387143889455,1/31,0.8121183845951989,SPTBN2,0.0020242914979757085,1,H1ESC
622,MAPK Targets Nuclear Events Mediated by MAP Kinases,0.539712008705905,0.8525387143889455,1/31,0.8121183845951989,RPS6KA5,0.0020242914979757085,1,H1ESC
623,RUNX2 Regulates Bone Development,0.539712008705905,0.8525387143889455,1/31,0.8121183845951989,ZNF521,0.0020242914979757085,1,H1ESC
624,Signaling by CSF1 (M-CSF) in Myeloid Cells,0.539712008705905,0.8525387143889455,1/31,0.8121183845951989,KRAS,0.0020242914979757085,1,H1ESC
625,Transcriptional Regulation of Brown and Beige Adipocyte Differentiation,0.539712008705905,0.8525387143889455,1/31,0.8121183845951989,ZNF423,0.0020242914979757085,1,H1ESC
626,Transcriptional Regulation of Brown and Beige Adipocyte Differentiation by EBF2,0.539712008705905,0.8525387143889455,1/31,0.8121183845951989,ZNF423,0.0020242914979757085,1,H1ESC
627,Turbulent Flow Shear Stress Activates Signaling by PIEZO1 and Integrins in Endothelial Cells,0.539712008705905,0.8525387143889455,1/31,0.8121183845951989,VCL,0.0020242914979757085,1,H1ESC
628,Metabolism of Vitamins and Cofactors,0.5428835012089825,0.8528704395319805,5/198,0.6250224837451717,HPDL;BTD;SDC4;PANK1;HSPG2,0.010121457489878543,5,H1ESC
629,Glycolysis,0.5488682896565154,0.8528704395319805,2/74,0.6582200734543325,NUP210;PGAM2,0.004048582995951417,2,H1ESC
630,Transport of Mature mRNA Derived From an Intron-Containing Transcript,0.5488682896565154,0.8528704395319805,2/74,0.6582200734543325,NUP210;U2AF1,0.004048582995951417,2,H1ESC
631,G Alpha (S) Signalling Events,0.5502370614484204,0.8528704395319805,4/158,0.6128281113641971,GNB3;ADCY2;ADCY1;PDE7A,0.008097165991902834,4,H1ESC
632,DNA Strand Elongation,0.5510987416733866,0.8528704395319805,1/32,0.7592755974074352,GINS1,0.0020242914979757085,1,H1ESC
633,Defective TPR May Confer Susceptibility Towards Thyroid Papillary Carcinoma (TPC),0.5510987416733866,0.8528704395319805,1/32,0.7592755974074352,NUP210,0.0020242914979757085,1,H1ESC
634,G-protein Beta Gamma Signalling,0.5510987416733866,0.8528704395319805,1/32,0.7592755974074352,GNB3,0.0020242914979757085,1,H1ESC
635,Nuclear Signaling by ERBB4,0.5510987416733866,0.8528704395319805,1/32,0.7592755974074352,NRG3,0.0020242914979757085,1,H1ESC
636,Packaging Of Telomere Ends,0.5510987416733866,0.8528704395319805,1/32,0.7592755974074352,TERF1,0.0020242914979757085,1,H1ESC
637,Phase 0 - Rapid Depolarisation,0.5510987416733866,0.8528704395319805,1/32,0.7592755974074352,CACNA2D2,0.0020242914979757085,1,H1ESC
638,Regulation of Glucokinase by Glucokinase Regulatory Protein,0.5510987416733866,0.8528704395319805,1/32,0.7592755974074352,NUP210,0.0020242914979757085,1,H1ESC
639,Thrombin Signalling Through Proteinase Activated Receptors (PARs),0.5510987416733866,0.8528704395319805,1/32,0.7592755974074352,GNB3,0.0020242914979757085,1,H1ESC
640,Transcriptional Regulation of Pluripotent Stem Cells,0.5510987416733866,0.8528704395319805,1/32,0.7592755974074352,PRDM14,0.0020242914979757085,1,H1ESC
641,Anti-inflammatory Response Favouring Leishmania Parasite Infection,0.555231693416382,0.8532102476304514,4/159,0.5996336401901996,DPEP1;GNB3;ADCY2;ADCY1,0.008097165991902834,4,H1ESC
642,Leishmania Parasite Growth and Survival,0.555231693416382,0.8532102476304514,4/159,0.5996336401901996,DPEP1;GNB3;ADCY2;ADCY1,0.008097165991902834,4,H1ESC
643,Extra-nuclear Estrogen Signaling,0.5561558895644713,0.8532102476304514,2/75,0.6348964402155931,GNB3;KRAS,0.004048582995951417,2,H1ESC
644,Negative Regulation of the PI3K AKT Network,0.5606563429549032,0.8532102476304514,3/118,0.5961505376452556,NRG3;INSR;FGFR1,0.006072874493927126,3,H1ESC
645,Activation of the Pre-Replicative Complex,0.5622043416484699,0.8532102476304514,1/33,0.7108823448516133,ORC1,0.0020242914979757085,1,H1ESC
646,Amino Acid Transport Across the Plasma Membrane,0.5622043416484699,0.8532102476304514,1/33,0.7108823448516133,SLC7A8,0.0020242914979757085,1,H1ESC
647,DNA Methylation,0.5622043416484699,0.8532102476304514,1/33,0.7108823448516133,DNMT3B,0.0020242914979757085,1,H1ESC
648,Glucagon-type Ligand Receptors,0.5622043416484699,0.8532102476304514,1/33,0.7108823448516133,GNB3,0.0020242914979757085,1,H1ESC
649,"Inactivation, Recovery and Regulation of the Phototransduction Cascade",0.5622043416484699,0.8532102476304514,1/33,0.7108823448516133,PRKCA,0.0020242914979757085,1,H1ESC
650,Negative Regulation of FGFR1 Signaling,0.5622043416484699,0.8532102476304514,1/33,0.7108823448516133,FGFR1,0.0020242914979757085,1,H1ESC
651,Signal Amplification,0.5622043416484699,0.8532102476304514,1/33,0.7108823448516133,GNB3,0.0020242914979757085,1,H1ESC
652,Synthesis of Bile Acids and Bile Salts,0.5622043416484699,0.8532102476304514,1/33,0.7108823448516133,OSBPL1A,0.0020242914979757085,1,H1ESC
653,"Cell Death Signalling via NRAGE, NRIF and NADE",0.5633595889092194,0.8532102476304514,2/76,0.6125468887438859,RASGRF2;ARHGEF39,0.004048582995951417,2,H1ESC
654,ISG15 Antiviral Mechanism,0.5633595889092194,0.8532102476304514,2/76,0.6125468887438859,PPM1B;NUP210,0.004048582995951417,2,H1ESC
655,Leishmania Infection,0.5656725659121937,0.8541053049998419,6/245,0.5647083893936078,APP;ELMO1;DPEP1;GNB3;ADCY2;ADCY1,0.012145748987854251,6,H1ESC
656,Parasitic Infection Pathways,0.5656725659121937,0.8541053049998419,6/245,0.5647083893936078,APP;ELMO1;DPEP1;GNB3;ADCY2;ADCY1,0.012145748987854251,6,H1ESC
657,Diseases of Carbohydrate Metabolism,0.573035735888428,0.8548142105283016,1/34,0.6664642304377794,HYAL1,0.0020242914979757085,1,H1ESC
658,Late Endosomal Microautophagy,0.573035735888428,0.8548142105283016,1/34,0.6664642304377794,RNASE1,0.0020242914979757085,1,H1ESC
659,RAF Activation,0.573035735888428,0.8548142105283016,1/34,0.6664642304377794,KRAS,0.0020242914979757085,1,H1ESC
660,Signaling by WNT in Cancer,0.573035735888428,0.8548142105283016,1/34,0.6664642304377794,TNKS2,0.0020242914979757085,1,H1ESC
661,Signalling to ERKs,0.573035735888428,0.8548142105283016,1/34,0.6664642304377794,KRAS,0.0020242914979757085,1,H1ESC
662,Telomere C-strand (Lagging Strand) Synthesis,0.573035735888428,0.8548142105283016,1/34,0.6664642304377794,TERF1,0.0020242914979757085,1,H1ESC
663,The Phototransduction Cascade,0.573035735888428,0.8548142105283016,1/34,0.6664642304377794,PRKCA,0.0020242914979757085,1,H1ESC
664,Transcriptional Regulation by E2F6,0.573035735888428,0.8548142105283016,1/34,0.6664642304377794,PHC1,0.0020242914979757085,1,H1ESC
665,Diseases of Programmed Cell Death,0.5775141161717269,0.8602012060695992,2/78,0.5705768668041751,APP;DNMT3B,0.004048582995951417,2,H1ESC
666,Hemostasis,0.5803018057303891,0.8602241959361987,17/707,0.5288991202642017,APP;DOCK5;CXADR;SDC4;NOS2;SERPINE1;PRKCA;KLC3;SLC7A8;EPCAM;GNB3;KIF21A;SCG3;KRAS;RAPGEF3;BCAR1;VCL,0.03441295546558704,17,H1ESC
667,Nuclear Import of Rev Protein,0.5835996813155864,0.8602241959361987,1/35,0.6256085815277395,NUP210,0.0020242914979757085,1,H1ESC
668,Nucleotide Catabolism,0.5835996813155864,0.8602241959361987,1/35,0.6256085815277395,XDH,0.0020242914979757085,1,H1ESC
669,Oncogene Induced Senescence,0.5835996813155864,0.8602241959361987,1/35,0.6256085815277395,ETS2,0.0020242914979757085,1,H1ESC
670,SUMOylation of SUMOylation Proteins,0.5835996813155864,0.8602241959361987,1/35,0.6256085815277395,NUP210,0.0020242914979757085,1,H1ESC
671,Transcriptional Regulation by NPAS4,0.5835996813155864,0.8602241959361987,1/35,0.6256085815277395,RBFOX3,0.0020242914979757085,1,H1ESC
672,Transport of the SLBP Independent Mature mRNA,0.5835996813155864,0.8602241959361987,1/35,0.6256085815277395,NUP210,0.0020242914979757085,1,H1ESC
673,Amyloid Fiber Formation,0.5913301762247022,0.86074262122973,2/80,0.5319521101621066,APP;HSPG2,0.004048582995951417,2,H1ESC
674,MAPK6 MAPK4 Signaling,0.5913301762247022,0.86074262122973,2/80,0.5319521101621066,IGF2BP1;FOXO1,0.004048582995951417,2,H1ESC
675,Cleavage of the Damaged Purine,0.5939027686947324,0.86074262122973,1/36,0.5879549846676229,TERF1,0.0020242914979757085,1,H1ESC
676,Depurination,0.5939027686947324,0.86074262122973,1/36,0.5879549846676229,TERF1,0.0020242914979757085,1,H1ESC
677,Keratan Sulfate Keratin Metabolism,0.5939027686947324,0.86074262122973,1/36,0.5879549846676229,CHST6,0.0020242914979757085,1,H1ESC
678,Nuclear Pore Complex (NPC) Disassembly,0.5939027686947324,0.86074262122973,1/36,0.5879549846676229,NUP210,0.0020242914979757085,1,H1ESC
679,ROS and RNS Production in Phagocytes,0.5939027686947324,0.86074262122973,1/36,0.5879549846676229,NOS2,0.0020242914979757085,1,H1ESC
680,Recognition and Association of DNA Glycosylase With Site Containing an Affected Purine,0.5939027686947324,0.86074262122973,1/36,0.5879549846676229,TERF1,0.0020242914979757085,1,H1ESC
681,Rev-mediated Nuclear Export of HIV RNA,0.5939027686947324,0.86074262122973,1/36,0.5879549846676229,NUP210,0.0020242914979757085,1,H1ESC
682,Signaling by NOTCH2,0.5939027686947324,0.86074262122973,1/36,0.5879549846676229,JAG1,0.0020242914979757085,1,H1ESC
683,Transport of the SLBP Dependant Mature mRNA,0.5939027686947324,0.86074262122973,1/36,0.5879549846676229,NUP210,0.0020242914979757085,1,H1ESC
684,Regulation of IGF Transport and Uptake by Insulin-like Growth Factor Binding Proteins (IGFBPs),0.5943636043773841,0.86074262122973,3/124,0.5092651863283368,APP;WFS1;SCG3,0.006072874493927126,3,H1ESC
685,Activation of ATR in Response to Replication Stress,0.6039514268115993,0.8607870625980911,1/37,0.5531874843648085,ORC1,0.0020242914979757085,1,H1ESC
686,Assembly of the ORC Complex at the Origin of Replication,0.6039514268115993,0.8607870625980911,1/37,0.5531874843648085,ORC1,0.0020242914979757085,1,H1ESC
687,Cross-presentation of Soluble Exogenous Antigens (Endosomes),0.6039514268115993,0.8607870625980911,1/37,0.5531874843648085,MRC2,0.0020242914979757085,1,H1ESC
688,Fatty acyl-CoA Biosynthesis,0.6039514268115993,0.8607870625980911,1/37,0.5531874843648085,ELOVL7,0.0020242914979757085,1,H1ESC
689,Glutathione Conjugation,0.6039514268115993,0.8607870625980911,1/37,0.5531874843648085,CHAC1,0.0020242914979757085,1,H1ESC
690,HSF1-dependent Transactivation,0.6039514268115993,0.8607870625980911,1/37,0.5531874843648085,HSPA2,0.0020242914979757085,1,H1ESC
691,Molecules Associated With Elastic Fibres,0.6039514268115993,0.8607870625980911,1/37,0.5531874843648085,MFAP4,0.0020242914979757085,1,H1ESC
692,RHOH GTPase Cycle,0.6039514268115993,0.8607870625980911,1/37,0.5531874843648085,UACA,0.0020242914979757085,1,H1ESC
693,RHOV GTPase Cycle,0.6039514268115993,0.8607870625980911,1/37,0.5531874843648085,PARD6B,0.0020242914979757085,1,H1ESC
694,Transport of Ribonucleoproteins Into the Host Nucleus,0.6039514268115993,0.8607870625980911,1/37,0.5531874843648085,NUP210,0.0020242914979757085,1,H1ESC
695,Negative Epigenetic Regulation of rRNA Expression,0.6048070389424087,0.8607870625980911,2/82,0.4963558341568638,DNMT3B;SIRT1,0.004048582995951417,2,H1ESC
696,Oncogenic MAPK Signaling,0.6048070389424087,0.8607870625980911,2/82,0.4963558341568638,KRAS;VCL,0.004048582995951417,2,H1ESC
697,Reproduction,0.6105751790783077,0.8636055469764116,3/127,0.471167349984998,CATSPERB;HSPA2;TERF1,0.006072874493927126,3,H1ESC
698,Constitutive Signaling by Aberrant PI3K in Cancer,0.6114182848237403,0.8636055469764116,2/83,0.4796042477559098,NRG3;FGFR1,0.004048582995951417,2,H1ESC
699,Transport of Mature Transcript to Cytoplasm,0.6114182848237403,0.8636055469764116,2/83,0.4796042477559098,NUP210;U2AF1,0.004048582995951417,2,H1ESC
700,Fanconi Anemia Pathway,0.6137519260265828,0.8636055469764116,1/38,0.5210281182939862,FANCL,0.0020242914979757085,1,H1ESC
701,Interactions of Rev With Host Cellular Proteins,0.6137519260265828,0.8636055469764116,1/38,0.5210281182939862,NUP210,0.0020242914979757085,1,H1ESC
702,Maturation of Spike Protein 9694548,0.6137519260265828,0.8636055469764116,1/38,0.5210281182939862,ZDHHC11,0.0020242914979757085,1,H1ESC
703,NEP NS2 Interacts With the Cellular Export Machinery,0.6137519260265828,0.8636055469764116,1/38,0.5210281182939862,NUP210,0.0020242914979757085,1,H1ESC
704,Regulation of Ornithine Decarboxylase (ODC),0.6137519260265828,0.8636055469764116,1/38,0.5210281182939862,OAZ2,0.0020242914979757085,1,H1ESC
705,"Transport of Bile Salts and Organic Acids, Metal Ions and Amine Compounds",0.6179448493912619,0.8682737827140677,2/84,0.463506852343626,SLC13A3;SLC39A14,0.004048582995951417,2,H1ESC
706,Association of TriC CCT With Target Proteins During Biosynthesis,0.6233103828856662,0.8684324435710405,1/39,0.4912315291567782,KIF13A,0.0020242914979757085,1,H1ESC
707,Chromatin Modifications During the Maternal to Zygotic Transition (MZT),0.6233103828856662,0.8684324435710405,1/39,0.4912315291567782,TET3,0.0020242914979757085,1,H1ESC
708,Export of Viral Ribonucleoproteins From Nucleus,0.6233103828856662,0.8684324435710405,1/39,0.4912315291567782,NUP210,0.0020242914979757085,1,H1ESC
709,Response of Mtb to Phagocytosis,0.6233103828856662,0.8684324435710405,1/39,0.4912315291567782,NOS2,0.0020242914979757085,1,H1ESC
710,SIRT1 Negatively Regulates rRNA Expression,0.6233103828856662,0.8684324435710405,1/39,0.4912315291567782,SIRT1,0.0020242914979757085,1,H1ESC
711,SUMOylation of Ubiquitinylation Proteins,0.6233103828856662,0.8684324435710405,1/39,0.4912315291567782,NUP210,0.0020242914979757085,1,H1ESC
712,Glucose Metabolism,0.6243868739841764,0.8687121724997237,2/85,0.448033295990062,NUP210;PGAM2,0.004048582995951417,2,H1ESC
713,Cardiac Conduction,0.6263481870663857,0.8690531256371273,3/130,0.4361872568417159,RYR1;KCNK12;CACNA2D2,0.006072874493927126,3,H1ESC
714,Toll-like Receptor Cascades,0.6263840572888569,0.8690531256371273,4/174,0.4343442067731496,APP;RPS6KA5;PELI3;PELI2,0.008097165991902834,4,H1ESC
715,Adaptive Immune System,0.6293503984457809,0.871949155388568,20/854,0.4374418939348112,TRIM71;MYLIP;CXADR;KLHL25;FBXO27;FBXO2;PVR;MRC2;RNF144B;KLC3;RNF138;CDH1;KRAS;OSBPL1A;LONRF1;KBTBD8;XDH;RAPGEF3;AP1M2;SPTBN2,0.04048582995951417,20,H1ESC
716,Signaling by FGFR3,0.6326327630904302,0.8734680902869038,1/40,0.4635804559070145,KRAS,0.0020242914979757085,1,H1ESC
717,Fatty Acid Metabolism,0.6353062283957851,0.8734680902869038,4/176,0.4162711567163231,FADS2;PRKAA2;DPEP1;ELOVL7,0.008097165991902834,4,H1ESC
718,Platelet Homeostasis,0.6370180886581126,0.8734680902869038,2/87,0.4188445867516759,NOS2;GNB3,0.004048582995951417,2,H1ESC
719,Cleavage of the Damaged Pyrimidine,0.6417248858668768,0.8734680902869038,1/41,0.4378819386085267,TERF1,0.0020242914979757085,1,H1ESC
720,Defective Pyroptosis,0.6417248858668768,0.8734680902869038,1/41,0.4378819386085267,DNMT3B,0.0020242914979757085,1,H1ESC
721,Depyrimidination,0.6417248858668768,0.8734680902869038,1/41,0.4378819386085267,TERF1,0.0020242914979757085,1,H1ESC
722,MTOR Signalling,0.6417248858668768,0.8734680902869038,1/41,0.4378819386085267,PRKAA2,0.0020242914979757085,1,H1ESC
723,PRC2 Methylates Histones and DNA,0.6417248858668768,0.8734680902869038,1/41,0.4378819386085267,DNMT3B,0.0020242914979757085,1,H1ESC
724,Recognition and Association of DNA Glycosylase With Site Containing an Affected Pyrimidine,0.6417248858668768,0.8734680902869038,1/41,0.4378819386085267,TERF1,0.0020242914979757085,1,H1ESC
725,"Sensory Perception of Sweet, Bitter, and Umami (Glutamate) Taste",0.6417248858668768,0.8734680902869038,1/41,0.4378819386085267,GNB3,0.0020242914979757085,1,H1ESC
726,Signaling by FGFR4,0.6417248858668768,0.8734680902869038,1/41,0.4378819386085267,KRAS,0.0020242914979757085,1,H1ESC
727,Signaling by Retinoic Acid,0.6417248858668768,0.8734680902869038,1/41,0.4378819386085267,RARG,0.0020242914979757085,1,H1ESC
728,Cytokine Signaling in Immune System,0.6418933848983396,0.8734680902869038,18/776,0.4146497485754778,IFITM3;APP;LAMA5;NUP210;NOS2;FANCL;PELI3;PELI2;HSPA2;OSMR;FOXO1;IL17RB;PPM1B;RPS6KA5;IL23A;GRB10;KRAS;MAPT,0.03643724696356275,18,H1ESC
729,Biological Oxidations,0.6440835167334885,0.8745090619599254,5/222,0.399844954381549,SULT2B1;GLYATL1;UGP2;DPEP1;CHAC1,0.010121457489878543,5,H1ESC
730,Signaling by NTRKs,0.6466877583449177,0.8745090619599254,3/134,0.3939025368061606,RPS6KA5;KRAS;GRIN2B,0.006072874493927126,3,H1ESC
731,Meiosis,0.6493139103377211,0.8745090619599254,2/89,0.3918270005318816,HSPA2;TERF1,0.004048582995951417,2,H1ESC
732,Degradation of AXIN,0.6505924271435736,0.8745090619599254,1/42,0.4139641135514312,TNKS2,0.0020242914979757085,1,H1ESC
733,Formation of WDR5-containing Histone-Modifying Complexes,0.6505924271435736,0.8745090619599254,1/42,0.4139641135514312,PSIP1,0.0020242914979757085,1,H1ESC
734,NCAM1 Interactions,0.6505924271435736,0.8745090619599254,1/42,0.4139641135514312,NRTN,0.0020242914979757085,1,H1ESC
735,NS1 Mediated Effects on Host Pathways,0.6505924271435736,0.8745090619599254,1/42,0.4139641135514312,NUP210,0.0020242914979757085,1,H1ESC
736,Regulation of Beta-Cell Development,0.6505924271435736,0.8745090619599254,1/42,0.4139641135514312,FOXO1,0.0020242914979757085,1,H1ESC
737,Transport of Mature mRNA Derived From an Intronless Transcript,0.6505924271435736,0.8745090619599254,1/42,0.4139641135514312,NUP210,0.0020242914979757085,1,H1ESC
738,MITF-M-regulated Melanocyte Development,0.6565591709887497,0.8772640637836262,3/136,0.3744564711439784,TCF7L1;CDH1;SIRT1,0.006072874493927126,3,H1ESC
739,Aspirin ADME,0.6592409232352959,0.8772640637836262,1/43,0.3916734931026416,GLYATL1,0.0020242914979757085,1,H1ESC
740,"Base-Excision Repair, AP Site Formation",0.6592409232352959,0.8772640637836262,1/43,0.3916734931026416,TERF1,0.0020242914979757085,1,H1ESC
741,Negative Regulation of MAPK Pathway,0.6592409232352959,0.8772640637836262,1/43,0.3916734931026416,KRAS,0.0020242914979757085,1,H1ESC
742,Signaling by FGFR2 in Disease,0.6592409232352959,0.8772640637836262,1/43,0.3916734931026416,KRAS,0.0020242914979757085,1,H1ESC
743,Transport of Mature mRNAs Derived From Intronless Transcripts,0.6592409232352959,0.8772640637836262,1/43,0.3916734931026416,NUP210,0.0020242914979757085,1,H1ESC
744,Voltage Gated Potassium Channels,0.6592409232352959,0.8772640637836262,1/43,0.3916734931026416,KCNC1,0.0020242914979757085,1,H1ESC
745,HIV Infection,0.6633148309516212,0.8772640637836262,5/227,0.3646064268927669,NUP210;ELMO1;TAF4B;PSIP1;AP1M2,0.010121457489878543,5,H1ESC
746,G Alpha (I) Signalling Events,0.6669857550150234,0.8772640637836262,7/316,0.3616467839569454,APP;GNB3;PRKCA;ADCY2;ADCY1;MCHR1;RGS6,0.01417004048582996,7,H1ESC
747,Regulation of TP53 Activity Through Phosphorylation,0.667134598102901,0.8772640637836262,2/92,0.3549632919775049,PRKAA2;TAF4B,0.004048582995951417,2,H1ESC
748,Bile Acid and Bile Salt Metabolism,0.6676757743514494,0.8772640637836262,1/44,0.370872648656278,OSBPL1A,0.0020242914979757085,1,H1ESC
749,Collagen Chain Trimerization,0.6676757743514494,0.8772640637836262,1/44,0.370872648656278,COL18A1,0.0020242914979757085,1,H1ESC
750,Elastic Fibre Formation,0.6676757743514494,0.8772640637836262,1/44,0.370872648656278,MFAP4,0.0020242914979757085,1,H1ESC
751,NR1H3 & NR1H2 Regulate Gene Expression Linked to Cholesterol Transport and Efflux,0.6676757743514494,0.8772640637836262,1/44,0.370872648656278,APOC1,0.0020242914979757085,1,H1ESC
752,PI3K Cascade,0.6676757743514494,0.8772640637836262,1/44,0.370872648656278,FGFR1,0.0020242914979757085,1,H1ESC
753,TP53 Regulates Transcription of Cell Death Genes,0.6676757743514494,0.8772640637836262,1/44,0.370872648656278,BCL2L14,0.0020242914979757085,1,H1ESC
754,Uptake and Actions of Bacterial Toxins,0.6676757743514494,0.8772640637836262,1/44,0.370872648656278,GUCY2C,0.0020242914979757085,1,H1ESC
755,Post-translational Modification Synthesis of GPI-anchored Proteins,0.6729102812937493,0.8772740108369508,2/93,0.3435683723586531,RECK;GPLD1,0.004048582995951417,2,H1ESC
756,Signaling by ALK Fusions and Activated Point Mutants,0.6729102812937493,0.8772740108369508,2/93,0.3435683723586531,PPM1B;VCL,0.004048582995951417,2,H1ESC
757,Signaling by ALK in Cancer,0.6729102812937493,0.8772740108369508,2/93,0.3435683723586531,PPM1B;VCL,0.004048582995951417,2,H1ESC
758,Interleukin-1 Family Signaling,0.6757031232237141,0.8772740108369508,3/140,0.3386211544773247,APP;PELI3;PELI2,0.006072874493927126,3,H1ESC
759,DAP12 Interactions,0.6759022475681287,0.8772740108369508,1/45,0.3514382299386887,KRAS,0.0020242914979757085,1,H1ESC
760,TAK1-dependent IKK and NF-kappa-B Activation,0.6759022475681287,0.8772740108369508,1/45,0.3514382299386887,APP,0.0020242914979757085,1,H1ESC
761,Class B 2 (Secretin Family Receptors),0.6786044464112265,0.8772740108369508,2/94,0.3325881671135289,GNB3;WNT4,0.004048582995951417,2,H1ESC
762,MITF-M-dependent Gene Expression,0.6786044464112265,0.8772740108369508,2/94,0.3325881671135289,TCF7L1;SIRT1,0.004048582995951417,2,H1ESC
763,Oxidative Stress Induced Senescence,0.6786044464112265,0.8772740108369508,2/94,0.3325881671135289,PHC1;CBX2,0.004048582995951417,2,H1ESC
764,Diseases of Signal Transduction by Growth Factor Receptors and Second Messengers,0.6798665938465226,0.8772740108369508,10/451,0.3446522666628217,PPM1B;JAG1;NRG3;TNKS2;KDR;FOXO6;KRAS;FOXO1;VCL;FGFR1,0.020242914979757085,10,H1ESC
765,Signaling by Interleukins,0.6825140616613797,0.8772740108369508,10/452,0.3403910216490467,APP;LAMA5;RPS6KA5;NOS2;IL23A;PELI3;PELI2;OSMR;FOXO1;IL17RB,0.020242914979757085,10,H1ESC
766,Metabolism of Polyamines,0.6839254807432137,0.8772740108369508,1/46,0.333259263850014,OAZ2,0.0020242914979757085,1,H1ESC
767,SUMOylation of DNA Replication Proteins,0.6839254807432137,0.8772740108369508,1/46,0.333259263850014,NUP210,0.0020242914979757085,1,H1ESC
768,Unfolded Protein Response (UPR),0.6842175876749714,0.8772740108369508,2/95,0.3220050562257818,WFS1;CREB3L1,0.004048582995951417,2,H1ESC
769,Cell Surface Interactions at the Vascular Wall,0.6854863230511576,0.8772740108369508,5/233,0.3264758071791969,CXADR;SDC4;SLC7A8;EPCAM;KRAS,0.010121457489878543,5,H1ESC
770,Bacterial Infection Pathways,0.6895373449203871,0.8772740108369508,3/143,0.3141842651312796,GUCY2C;NOS2;CDH1,0.006072874493927126,3,H1ESC
771,Cyclin D Associated Events in G1,0.6917504849211475,0.8772740108369508,1/47,0.3162356913375497,E2F5,0.0020242914979757085,1,H1ESC
772,G1 Phase,0.6917504849211475,0.8772740108369508,1/47,0.3162356913375497,E2F5,0.0020242914979757085,1,H1ESC
773,HIV Transcription Initiation,0.6917504849211475,0.8772740108369508,1/47,0.3162356913375497,TAF4B,0.0020242914979757085,1,H1ESC
774,Heme Signaling,0.6917504849211475,0.8772740108369508,1/47,0.3162356913375497,SIRT1,0.0020242914979757085,1,H1ESC
775,Inhibition of DNA Recombination at Telomere,0.6917504849211475,0.8772740108369508,1/47,0.3162356913375497,TERF1,0.0020242914979757085,1,H1ESC
776,RNA Polymerase II HIV Promoter Escape,0.6917504849211475,0.8772740108369508,1/47,0.3162356913375497,TAF4B,0.0020242914979757085,1,H1ESC
777,RNA Polymerase II Promoter Escape,0.6917504849211475,0.8772740108369508,1/47,0.3162356913375497,TAF4B,0.0020242914979757085,1,H1ESC
778,RNA Polymerase II Transcription Initiation,0.6917504849211475,0.8772740108369508,1/47,0.3162356913375497,TAF4B,0.0020242914979757085,1,H1ESC
779,RNA Polymerase II Transcription Initiation And Promoter Clearance,0.6917504849211475,0.8772740108369508,1/47,0.3162356913375497,TAF4B,0.0020242914979757085,1,H1ESC
780,RNA Polymerase II Transcription Pre-Initiation And Promoter Opening,0.6917504849211475,0.8772740108369508,1/47,0.3162356913375497,TAF4B,0.0020242914979757085,1,H1ESC
781,Sensory Perception of Taste,0.6917504849211475,0.8772740108369508,1/47,0.3162356913375497,GNB3,0.0020242914979757085,1,H1ESC
782,Metabolism of Lipids,0.6930745724528913,0.8772740108369508,17/758,0.3308828858582101,AGPAT5;CERS4;PRKAA2;CHKA;MBOAT2;PLAAT3;ELOVL7;FUT2;ACER2;FADS2;GPD1;DPEP1;TNFAIP8L3;FAR2;OSBPL1A;CERS1;MFSD2A,0.03441295546558704,17,H1ESC
783,Interferon Signaling,0.6933294601775901,0.8772740108369508,6/280,0.3160697456976492,IFITM3;PPM1B;NUP210;FANCL;MAPT;HSPA2,0.012145748987854251,6,H1ESC
784,Recycling Pathway of L1,0.6993821481071776,0.8838052113660129,1/48,0.3002771014819026,RPS6KA5,0.0020242914979757085,1,H1ESC
785,P75 NTR Receptor-Mediated Signalling,0.7005761824506654,0.884187751897023,2/98,0.2924750388450759,ARHGEF39;RASGRF2,0.004048582995951417,2,H1ESC
786,Hedgehog 'Off' State,0.7058706551924347,0.8886826819991434,2/99,0.2833210239707963,ADCY2;ADCY1,0.004048582995951417,2,H1ESC
787,XBP1(S) Activates Chaperone Genes,0.7068252380013348,0.8886826819991434,1/49,0.2853016354951409,WFS1,0.0020242914979757085,1,H1ESC
788,Viral Messenger RNA Synthesis,0.7068252380013348,0.8886826819991434,1/49,0.2853016354951409,NUP210,0.0020242914979757085,1,H1ESC
789,Transport of Small Molecules,0.7112071872934745,0.8930601642976288,16/724,0.3028720615355668,RYR1;SLC2A14;MYLIP;SLC13A3;SLC24A3;SLC1A3;ADCY2;ADCY1;VLDLR;SLC39A14;SLC5A5;SLC7A8;MYO5B;APOC1;GNB3;ATP9A,0.032388663967611336,16,H1ESC
790,COPI-dependent Golgi-to-ER Retrograde Traffic,0.7162256174551153,0.8982247945834063,2/101,0.265963757817546,KLC3;KIF21A,0.004048582995951417,2,H1ESC
791,S Phase,0.7200837025916492,0.8998677621296093,3/150,0.2642362446438343,GINS1;ORC1;E2F5,0.006072874493927126,3,H1ESC
792,Cargo Trafficking to the Periciliary Membrane,0.7211641843679832,0.8998677621296093,1/51,0.2580098046324512,MCHR1,0.0020242914979757085,1,H1ESC
793,Extension of Telomeres,0.7211641843679832,0.8998677621296093,1/51,0.2580098046324512,TERF1,0.0020242914979757085,1,H1ESC
794,IRE1alpha Activates Chaperones,0.7211641843679832,0.8998677621296093,1/51,0.2580098046324512,WFS1,0.0020242914979757085,1,H1ESC
795,Intraflagellar Transport,0.7348031697923674,0.9157346035603372,1/53,0.2338430687555776,KIF17,0.0020242914979757085,1,H1ESC
796,Toll Like Receptor 3 (TLR3) Cascade,0.7407783661660685,0.9192999160550474,2/106,0.2275501804358905,APP;RPS6KA5,0.004048582995951417,2,H1ESC
797,snRNP Assembly,0.741370900044393,0.9192999160550474,1/54,0.2227943171231455,NUP210,0.0020242914979757085,1,H1ESC
798,Ion Homeostasis,0.741370900044393,0.9192999160550474,1/54,0.2227943171231455,RYR1,0.0020242914979757085,1,H1ESC
799,Metabolism of Non-Coding RNA,0.741370900044393,0.9192999160550474,1/54,0.2227943171231455,NUP210,0.0020242914979757085,1,H1ESC
800,Intrinsic Pathway for Apoptosis,0.7477762971021314,0.9222446345203584,1/55,0.2123713958718794,UACA,0.0020242914979757085,1,H1ESC
801,Ion Transport by P-type ATPases,0.7477762971021314,0.9222446345203584,1/55,0.2123713958718794,ATP9A,0.0020242914979757085,1,H1ESC
802,Synthesis of DNA,0.7500799553295653,0.9222446345203584,2/108,0.2139501510177885,GINS1;ORC1,0.004048582995951417,2,H1ESC
803,Factors Involved in Megakaryocyte Development and Platelet Production,0.7520772743048466,0.9222446345203584,3/158,0.217334475665142,DOCK5;KLC3;KIF21A,0.006072874493927126,3,H1ESC
804,HIV Life Cycle,0.7520772743048466,0.9222446345203584,3/158,0.217334475665142,NUP210;TAF4B;PSIP1,0.006072874493927126,3,H1ESC
805,Golgi Associated Vesicle Biogenesis,0.7540233655089061,0.9222446345203584,1/56,0.2025313748384091,AP1M2,0.0020242914979757085,1,H1ESC
806,HSP90 Chaperone Cycle for Steroid Hormone Receptors (SHR) in the Presence of Ligand,0.7540233655089061,0.9222446345203584,1/56,0.2025313748384091,HSPA2,0.0020242914979757085,1,H1ESC
807,Interleukin-12 Family Signaling,0.7540233655089061,0.9222446345203584,1/56,0.2025313748384091,IL23A,0.0020242914979757085,1,H1ESC
808,Drug ADME,0.7546222777865698,0.9222446345203584,2/109,0.2074901100749941,GLYATL1;XDH,0.004048582995951417,2,H1ESC
809,RSV-host Interactions,0.7546222777865698,0.9222446345203584,2/109,0.2074901100749941,SDC4;HSPG2,0.004048582995951417,2,H1ESC
810,MyD88-independent TLR4 Cascade,0.7590932649156074,0.9222446345203584,2/110,0.2012452186705618,APP;RPS6KA5,0.004048582995951417,2,H1ESC
811,TRIF (TICAM1)-mediated TLR4 Signaling,0.7590932649156074,0.9222446345203584,2/110,0.2012452186705618,APP;RPS6KA5,0.004048582995951417,2,H1ESC
812,Signaling by GPCR,0.7605528350107112,0.9222446345203584,15/706,0.2333845501067799,APP;PLPPR3;RASGRF2;ARHGEF39;ADCY2;PRKCA;ADCY1;MCHR1;P2RY2;GNB3;KRAS;PDE7A;NTSR1;RGS6;WNT4,0.030364372469635626,15,H1ESC
813,Signaling by NOTCH,0.7620496892985901,0.9222446345203584,4/209,0.2088570078416492,NOTCH3;TLE2;JAG1;TLE1,0.008097165991902834,4,H1ESC
814,Mitotic Prophase,0.7634936608774839,0.9222446345203584,2/111,0.1952073288518522,NUP210;PRKCA,0.004048582995951417,2,H1ESC
815,Vesicle-mediated Transport,0.7643045026364687,0.9222446345203584,16/752,0.2294510475884399,SCARB2;APP;PRKAA2;STON1;STON2;FNBP1L;GJC1;KLC3;AP1G2;CTTN;CLTCL1;GJB7;PACSIN3;KIF21A;AP1M2;SPTBN2,0.032388663967611336,16,H1ESC
816,mRNA 3'-End Processing,0.7660580431902977,0.9222446345203584,1/58,0.184445632581358,U2AF1,0.0020242914979757085,1,H1ESC
817,Constitutive Signaling by NOTCH1 HD+PEST Domain Mutants,0.7660580431902977,0.9222446345203584,1/58,0.184445632581358,JAG1,0.0020242914979757085,1,H1ESC
818,Constitutive Signaling by NOTCH1 PEST Domain Mutants,0.7660580431902977,0.9222446345203584,1/58,0.184445632581358,JAG1,0.0020242914979757085,1,H1ESC
819,Glycosphingolipid Metabolism,0.7660580431902977,0.9222446345203584,1/58,0.184445632581358,FUT2,0.0020242914979757085,1,H1ESC
820,Orc1 Removal From Chromatin,0.7660580431902977,0.9222446345203584,1/58,0.184445632581358,ORC1,0.0020242914979757085,1,H1ESC
821,Signaling by NOTCH1 HD+PEST Domain Mutants in Cancer,0.7660580431902977,0.9222446345203584,1/58,0.184445632581358,JAG1,0.0020242914979757085,1,H1ESC
822,Signaling by NOTCH1 PEST Domain Mutants in Cancer,0.7660580431902977,0.9222446345203584,1/58,0.184445632581358,JAG1,0.0020242914979757085,1,H1ESC
823,Signaling by NOTCH1 in Cancer,0.7660580431902977,0.9222446345203584,1/58,0.184445632581358,JAG1,0.0020242914979757085,1,H1ESC
824,tRNA Processing in the Nucleus,0.7718531780255616,0.9247323099050206,1/59,0.1761303834756414,NUP210,0.0020242914979757085,1,H1ESC
825,Arachidonate Metabolism,0.7718531780255616,0.9247323099050206,1/59,0.1761303834756414,DPEP1,0.0020242914979757085,1,H1ESC
826,Cytoprotection by HMOX1,0.7718531780255616,0.9247323099050206,1/59,0.1761303834756414,STAP2,0.0020242914979757085,1,H1ESC
827,Formation of Paraxial Mesoderm,0.7718531780255616,0.9247323099050206,1/59,0.1761303834756414,FGFR1,0.0020242914979757085,1,H1ESC
828,Disorders of Transmembrane Transporters,0.7740960958054687,0.9251847313723192,3/164,0.1879849597868569,NUP210;SLC1A3;SLC5A5,0.006072874493927126,3,H1ESC
829,Protein Localization,0.7740960958054687,0.9251847313723192,3/164,0.1879849597868569,APP;NOS2;PIPOX,0.006072874493927126,3,H1ESC
830,Cdc20 Phospho-APC C Mediated Degradation of Cyclin A,0.7775050398532741,0.9269129194500828,1/60,0.1682584050247831,BUB1B,0.0020242914979757085,1,H1ESC
831,Recruitment and ATM-med Phosphorylation of Repair and Signaling Proteins at DNA Double Strand Breaks,0.7775050398532741,0.9269129194500828,1/60,0.1682584050247831,EYA1,0.0020242914979757085,1,H1ESC
832,Signaling by NTRK1 (TRKA),0.7804044413977776,0.9269129194500828,2/115,0.1729749691729583,RPS6KA5;KRAS,0.004048582995951417,2,H1ESC
833,APC Cdc20 Mediated Degradation of Cell Cycle Proteins Prior to Satisfation of the Checkpoint,0.7830171638096466,0.9269129194500828,1/61,0.1608013686962252,BUB1B,0.0020242914979757085,1,H1ESC
834,Assembly of Collagen Fibrils and Other Multimeric Structures,0.7830171638096466,0.9269129194500828,1/61,0.1608013686962252,COL18A1,0.0020242914979757085,1,H1ESC
835,DNA Double Strand Break Response,0.7830171638096466,0.9269129194500828,1/61,0.1608013686962252,EYA1,0.0020242914979757085,1,H1ESC
836,Nuclear Events (Kinase and Transcription Factor Activation),0.7830171638096466,0.9269129194500828,1/61,0.1608013686962252,RPS6KA5,0.0020242914979757085,1,H1ESC
837,"Nucleotide-binding Domain, Leucine Rich Repeat Containing Receptor (NLR) Signaling Pathways",0.7830171638096466,0.9269129194500828,1/61,0.1608013686962252,APP,0.0020242914979757085,1,H1ESC
838,Apoptosis,0.7878675903746444,0.9308157477332774,3/168,0.170760321602967,CDH1;MAPT;UACA,0.006072874493927126,3,H1ESC
839,Cellular Response to Hypoxia,0.7883929979414012,0.9308157477332774,1/62,0.1537331056824832,CA9,0.0020242914979757085,1,H1ESC
840,GPCR Downstream Signalling,0.7891290764553289,0.9308157477332774,13/633,0.1949731499948603,APP;RASGRF2;ARHGEF39;ADCY2;PRKCA;ADCY1;MCHR1;P2RY2;GNB3;KRAS;PDE7A;NTSR1;RGS6,0.02631578947368421,13,H1ESC
841,APC C Cdc20 Mediated Degradation of Mitotic Proteins,0.7936359053314057,0.9317003764363956,1/63,0.1470294137708877,BUB1B,0.0020242914979757085,1,H1ESC
842,MAP Kinase Activation,0.7936359053314057,0.9317003764363956,1/63,0.1470294137708877,RPS6KA5,0.0020242914979757085,1,H1ESC
843,Transcriptional Regulation by MECP2,0.7936359053314057,0.9317003764363956,1/63,0.1470294137708877,GRIN2B,0.0020242914979757085,1,H1ESC
844,Translation of Structural Proteins 9694635,0.7936359053314057,0.9317003764363956,1/63,0.1470294137708877,ZDHHC11,0.0020242914979757085,1,H1ESC
845,Activation of APC C and APC C Cdc20 Mediated Degradation of Mitotic Proteins,0.7987491663915057,0.9358597449282684,1/64,0.1406678839020454,BUB1B,0.0020242914979757085,1,H1ESC
846,Signaling by Nuclear Receptors,0.7999857588568277,0.9358597449282684,5/270,0.1656768758413442,MYLIP;RARG;APOC1;GNB3;KRAS,0.010121457489878543,5,H1ESC
847,O-linked Glycosylation of Mucins,0.803735980665668,0.9358597449282684,1/65,0.1346277446412066,GALNT16,0.0020242914979757085,1,H1ESC
848,RAB Geranylgeranylation,0.803735980665668,0.9358597449282684,1/65,0.1346277446412066,RAB20,0.0020242914979757085,1,H1ESC
849,RUNX1 Regulates Genes Involved in Megakaryocyte Differentiation and Platelet Function,0.803735980665668,0.9358597449282684,1/65,0.1346277446412066,MYL9,0.0020242914979757085,1,H1ESC
850,FCGR3A-mediated IL10 Synthesis,0.803782764797263,0.9358597449282684,2/121,0.1446549669427035,ADCY2;ADCY1,0.004048582995951417,2,H1ESC
851,G1 S Transition,0.803782764797263,0.9358597449282684,2/121,0.1446549669427035,ORC1;E2F5,0.004048582995951417,2,H1ESC
852,Collagen Biosynthesis and Modifying Enzymes,0.8133426748643182,0.94477275581429,1/67,0.1234359128094658,COL18A1,0.0020242914979757085,1,H1ESC
853,RNA Polymerase II Transcription Termination,0.8133426748643182,0.94477275581429,1/67,0.1234359128094658,U2AF1,0.0020242914979757085,1,H1ESC
854,Downstream Signaling Events of B Cell Receptor (BCR),0.8179685675782149,0.9479261904644732,1/68,0.1182496710114872,KRAS,0.0020242914979757085,1,H1ESC
855,Regulation of APC C Activators Between G1 S and Early Anaphase,0.8179685675782149,0.9479261904644732,1/68,0.1182496710114872,BUB1B,0.0020242914979757085,1,H1ESC
856,Cellular Responses to Stress,0.820946794954275,0.9502674686051816,16/787,0.1604766449209747,PRKAA2;PHC1;NUP210;WFS1;CBX2;HMGA2;HSPA2;TERF1;SIRT1;ETS2;IMPACT;CREB3L1;GRB10;STAP2;CA9;CHAC1,0.032388663967611336,16,H1ESC
857,Metabolism of Water-Soluble Vitamins and Cofactors,0.8249250578674223,0.9537595074644324,2/127,0.1213047245863687,BTD;PANK1,0.004048582995951417,2,H1ESC
858,Base Excision Repair,0.8311709683367061,0.9576325210104676,1/71,0.1041466414266546,TERF1,0.0020242914979757085,1,H1ESC
859,Transcription of the HIV Genome,0.8311709683367061,0.9576325210104676,1/71,0.1041466414266546,TAF4B,0.0020242914979757085,1,H1ESC
860,Translocation of SLC2A4 (GLUT4) to the Plasma Membrane,0.8311709683367061,0.9576325210104676,1/71,0.1041466414266546,PRKAA2,0.0020242914979757085,1,H1ESC
861,Neddylation,0.8330904010672291,0.9587304847548622,4/234,0.1249352426910711,KLHL25;FBXO2;FBXO27;KBTBD8,0.008097165991902834,4,H1ESC
862,Signaling by NOTCH4,0.8353558607158085,0.9602236544960394,1/72,0.0998859303788179,JAG1,0.0020242914979757085,1,H1ESC
863,C-type Lectin Receptors (CLRs),0.8378606529073735,0.961572430338594,2/131,0.1080184876232988,RPS6KA5;KRAS,0.004048582995951417,2,H1ESC
864,Cyclin E Associated Events During G1 S Transition,0.8394372224528451,0.961572430338594,1/73,0.0958251169109577,E2F5,0.0020242914979757085,1,H1ESC
865,Pre-NOTCH Transcription and Translation,0.8394372224528451,0.961572430338594,1/73,0.0958251169109577,NOTCH3,0.0020242914979757085,1,H1ESC
866,RHOC GTPase Cycle,0.8434176098366543,0.9637861754085464,1/74,0.0919532357697733,ARHGEF28,0.0020242914979757085,1,H1ESC
867,Respiratory Syncytial Virus Infection Pathway,0.8439991266909954,0.9637861754085464,2/133,0.1019696516885384,SDC4;HSPG2,0.004048582995951417,2,H1ESC
868,APC C-mediated Degradation of Cell Cycle Proteins,0.8472995159650566,0.9637861754085464,1/75,0.0882600284399332,BUB1B,0.0020242914979757085,1,H1ESC
869,Cyclin A Cdk2-associated Events at S Phase Entry,0.8472995159650566,0.9637861754085464,1/75,0.0882600284399332,E2F5,0.0020242914979757085,1,H1ESC
870,Regulation of Mitotic Cell Cycle,0.8472995159650566,0.9637861754085464,1/75,0.0882600284399332,BUB1B,0.0020242914979757085,1,H1ESC
871,Transcriptional Regulation by Small RNAs,0.8472995159650566,0.9637861754085464,1/75,0.0882600284399332,NUP210,0.0020242914979757085,1,H1ESC
872,Epigenetic Regulation by WDR5-containing Histone Modifying Complexes,0.8499261281617809,0.9637861754085464,2/135,0.0962822594254516,PSIP1;SIRT1,0.004048582995951417,2,H1ESC
873,Golgi-to-ER Retrograde Transport,0.8499261281617809,0.9637861754085464,2/135,0.0962822594254516,KLC3;KIF21A,0.004048582995951417,2,H1ESC
874,NoRC Negatively Regulates rRNA Expression,0.8510853726389985,0.9637861754085464,1/76,0.0847358898758867,DNMT3B,0.0020242914979757085,1,H1ESC
875,Regulation of mRNA Stability by Proteins That Bind AU-rich Elements,0.8510853726389985,0.9637861754085464,1/76,0.0847358898758867,PRKCA,0.0020242914979757085,1,H1ESC
876,Signaling by Hedgehog,0.8528121957045954,0.9646404767833052,2/136,0.0935666453414915,ADCY2;ADCY1,0.004048582995951417,2,H1ESC
877,Interferon Alpha Beta Signaling,0.85837836659512,0.9698306829867416,1/78,0.0781593800022904,IFITM3,0.0020242914979757085,1,H1ESC
878,Mitotic G1 Phase and G1 S Transition,0.8611695215015773,0.9715851737559744,2/139,0.0858989488173992,ORC1;E2F5,0.004048582995951417,2,H1ESC
879,Switching of Origins to a Post-Replicative State,0.8618900734932031,0.9715851737559744,1/79,0.0750906504999599,ORC1,0.0020242914979757085,1,H1ESC
880,Late SARS-CoV-2 Infection Events,0.8653148733538283,0.9743386542190664,1/80,0.0721581953039789,ZDHHC11,0.0020242914979757085,1,H1ESC
881,RNA Polymerase II Pre-transcription Events,0.8686549126108647,0.9769905593083648,1/81,0.0693550269324662,TAF4B,0.0020242914979757085,1,H1ESC
882,Peptide Ligand-Binding Receptors,0.8703296786938205,0.9773299281811832,3/198,0.0840348876152769,APP;MCHR1;NTSR1,0.006072874493927126,3,H1ESC
883,DNA Replication,0.8716376300199947,0.9773299281811832,2/143,0.0766993257310471,GINS1;ORC1,0.004048582995951417,2,H1ESC
884,Infection With Mycobacterium Tuberculosis,0.8719122847180919,0.9773299281811832,1/82,0.066674575205783,NOS2,0.0020242914979757085,1,H1ESC
885,Late Phase of HIV Life Cycle,0.8765951871014761,0.9806920809799484,2/145,0.0724970257091627,NUP210;TAF4B,0.004048582995951417,2,H1ESC
886,PI Metabolism,0.8781871455738391,0.9806920809799484,1/84,0.0616574556317269,TNFAIP8L3,0.0020242914979757085,1,H1ESC
887,Programmed Cell Death,0.8788661895072318,0.9806920809799484,3/202,0.0765427080555626,CDH1;MAPT;UACA,0.006072874493927126,3,H1ESC
888,Transcriptional Regulation by RUNX1,0.8788661895072318,0.9806920809799484,3/202,0.0765427080555626,PHC1;CBX2;MYL9,0.006072874493927126,3,H1ESC
889,DDX58 IFIH1-mediated Induction of Interferon-Alpha Beta,0.8841551950046562,0.983275732561232,1/86,0.057061577589741,APP,0.0020242914979757085,1,H1ESC
890,Peptide Hormone Metabolism,0.8841551950046562,0.983275732561232,1/86,0.057061577589741,GNB3,0.0020242914979757085,1,H1ESC
891,TP53 Regulates Metabolic Genes,0.8841551950046562,0.983275732561232,1/86,0.057061577589741,PRKAA2,0.0020242914979757085,1,H1ESC
892,Nuclear Events Mediated by NFE2L2,0.8870288732825696,0.9853669006677592,1/87,0.0549088593637652,PRKAA2,0.0020242914979757085,1,H1ESC
893,SARS-CoV-2 Infection,0.8888226598406087,0.9862551214338746,5/313,0.0751145051605856,NUP210;SDC4;ZDHHC11;HSPG2;CRB3,0.010121457489878543,5,H1ESC
894,RAC2 GTPase Cycle,0.8898314056677022,0.9862712339914644,1/88,0.0528467301560554,SYDE1,0.0020242914979757085,1,H1ESC
895,Pre-NOTCH Expression and Processing,0.892564550091084,0.9870947978710762,1/89,0.0508708465899484,NOTCH3,0.0020242914979757085,1,H1ESC
896,Selective Autophagy,0.892564550091084,0.9870947978710762,1/89,0.0508708465899484,PRKAA2,0.0020242914979757085,1,H1ESC
897,Collagen Formation,0.8952300211206544,0.9889400678749322,1/90,0.048977105399796,COL18A1,0.0020242914979757085,1,H1ESC
898,Activation of HOX Genes During Differentiation,0.8978294909814202,0.9896076167261876,1/91,0.0471616281504947,RARG,0.0020242914979757085,1,H1ESC
899,Activation of Anterior HOX Genes in Hindbrain Development During Early Embryogenesis,0.8978294909814202,0.9896076167261876,1/91,0.0471616281504947,RARG,0.0020242914979757085,1,H1ESC
900,Telomere Maintenance,0.900364590747462,0.9913004151181825,1/92,0.0454207469742951,TERF1,0.0020242914979757085,1,H1ESC
901,Death Receptor Signaling,0.9028108461090106,0.992271845484176,2/157,0.051887993814765,ARHGEF39;RASGRF2,0.004048582995951417,2,H1ESC
902,Autophagy,0.9047433214145753,0.992271845484176,2/158,0.0504745769823429,PRKAA2;RNASE1,0.004048582995951417,2,H1ESC
903,Amplification of Signal From Unattached Kinetochores via a MAD2 Inhibitory Signal,0.9052480041967532,0.992271845484176,1/94,0.042149076361053,BUB1B,0.0020242914979757085,1,H1ESC
904,Amplification of Signal From the Kinetochores,0.9052480041967532,0.992271845484176,1/94,0.042149076361053,BUB1B,0.0020242914979757085,1,H1ESC
905,Regulation of TP53 Activity,0.9085011204094584,0.9947385336050582,2/160,0.0477672580772295,PRKAA2;TAF4B,0.004048582995951417,2,H1ESC
906,Antigen processing-Cross Presentation,0.9098925229245536,0.9951635972890376,1/96,0.0391364856048832,MRC2,0.0020242914979757085,1,H1ESC
907,Mitochondrial Biogenesis,0.912128864310719,0.9954145581916758,1/97,0.037720067315015,PRKAA2,0.0020242914979757085,1,H1ESC
908,Mitochondrial Protein Degradation,0.912128864310719,0.9954145581916758,1/97,0.037720067315015,APP,0.0020242914979757085,1,H1ESC
909,Immunoregulatory Interactions Between a Lymphoid and a non-Lymphoid Cell,0.9159795398649448,0.9985183555450826,3/223,0.047006947393383,CXADR;CDH1;PVR,0.006072874493927126,3,H1ESC
910,Class A 1 (Rhodopsin-like Receptors),0.9169975774309692,0.9985308417250508,5/333,0.0518037777038756,APP;PLPPR3;P2RY2;MCHR1;NTSR1,0.010121457489878543,5,H1ESC
911,Assembly of the Pre-Replicative Complex,0.9205338087322114,0.9999655263739448,1/101,0.032593243114872,ORC1,0.0020242914979757085,1,H1ESC
912,COPI-mediated Anterograde Transport,0.9205338087322114,0.9999655263739448,1/101,0.032593243114872,SPTBN2,0.0020242914979757085,1,H1ESC
913,Immune System,0.9241080755951816,0.9999655263739448,44/2150,0.0637606166784397,ARHGAP9;TRIM71;IFITM3;APP;LAMA5;PELI3;FBXO27;PELI2;IQGAP2;PVR;FOXO1;MRC2;KLC3;RPS6KA5;RNF138;CDH1;TIMP2;GRB10;LONRF1;XDH;AP1M2;SPTBN2;MYLIP;CXADR;NUP210;KLHL25;NOS2;FANCL;FBXO2;TMC6;HSPA2;OSMR;UNC13D;IL17RB;RNF144B;PPM1B;IL23A;ELMO1;KRAS;MAPT;OSBPL1A;KBTBD8;RAPGEF3;VCL,0.08906882591093117,44,H1ESC
914,Epigenetic Regulation of Adipogenesis Genes by MLL3 and MLL4 Complexes,0.9244303879163052,0.9999655263739448,1/103,0.0303209313380942,SIRT1,0.0020242914979757085,1,H1ESC
915,Epigenetic Regulation of Gene Expression by MLL3 and MLL4 Complexes,0.9244303879163052,0.9999655263739448,1/103,0.0303209313380942,SIRT1,0.0020242914979757085,1,H1ESC
916,MLL4 and MLL3 Complexes Regulate Expression of PPARG Targets in Adipogenesis and Hepatic Steatosis,0.9244303879163052,0.9999655263739448,1/103,0.0303209313380942,SIRT1,0.0020242914979757085,1,H1ESC
917,Response of EIF2AK4 (GCN2) to Amino Acid Deficiency,0.9299206150086556,0.9999655263739448,1/106,0.0272307573790347,IMPACT,0.0020242914979757085,1,H1ESC
918,Transcriptional Regulation by RUNX2,0.9299206150086556,0.9999655263739448,1/106,0.0272307573790347,ZNF521,0.0020242914979757085,1,H1ESC
919,Stimuli-sensing Channels,0.9316607484032732,0.9999655263739448,1/107,0.0262784409615925,RYR1,0.0020242914979757085,1,H1ESC
920,Maternal to Zygotic Transition (MZT),0.935012706092328,0.9999655263739448,1/109,0.0244807249848699,TET3,0.0020242914979757085,1,H1ESC
921,Adipogenesis,0.9366266374075286,0.9999655263739448,1/110,0.0236323595493632,ZNF423,0.0020242914979757085,1,H1ESC
922,FCERI Mediated MAPK Activation,0.9382005650073696,0.9999655263739448,1/111,0.0228157944425701,KRAS,0.0020242914979757085,1,H1ESC
923,Mitotic Spindle Checkpoint,0.9382005650073696,0.9999655263739448,1/111,0.0228157944425701,BUB1B,0.0020242914979757085,1,H1ESC
924,SARS-CoV-1-host Interactions,0.9397354785914996,0.9999655263739448,1/112,0.0220297148874719,SERPINE1,0.0020242914979757085,1,H1ESC
925,Ion Channel Transport,0.9439836345230675,0.9999655263739448,2/184,0.0248807287192779,RYR1;ATP9A,0.004048582995951417,2,H1ESC
926,GPCR Ligand Binding,0.9450718321027044,0.9999655263739448,7/467,0.0336217239836284,APP;PLPPR3;P2RY2;GNB3;MCHR1;NTSR1;WNT4,0.01417004048582996,7,H1ESC
927,EML4 and NUDC in Mitotic Spindle Formation,0.9455039411779294,0.9999655263739448,1/116,0.0191660249097162,BUB1B,0.0020242914979757085,1,H1ESC
928,DNA Replication Pre-Initiation,0.9481780773834136,0.9999655263739448,1/118,0.0178871009288754,ORC1,0.0020242914979757085,1,H1ESC
929,Chromosome Maintenance,0.9494656226158504,0.9999655263739448,1/119,0.0172823470736554,TERF1,0.0020242914979757085,1,H1ESC
930,KEAP1-NFE2L2 Pathway,0.9494656226158504,0.9999655263739448,1/119,0.0172823470736554,PRKAA2,0.0020242914979757085,1,H1ESC
931,Ub-specific Processing Proteases,0.9505504632668892,0.9999655263739448,2/190,0.0211834798696907,TNKS2;USP44,0.004048582995951417,2,H1ESC
932,ESR-mediated Signaling,0.9525714080162117,0.9999655263739448,2/192,0.0200806250359154,GNB3;KRAS,0.004048582995951417,2,H1ESC
933,Selenoamino Acid Metabolism,0.9531398303322932,0.9999655263739448,1/122,0.015596149256992,CBS,0.0020242914979757085,1,H1ESC
934,Resolution of Sister Chromatid Cohesion,0.9576273604450998,0.9999655263739448,1/126,0.0136167220868082,BUB1B,0.0020242914979757085,1,H1ESC
935,Cilium Assembly,0.959893768946721,0.9999655263739448,2/200,0.0162258306741927,KIF17;MCHR1,0.004048582995951417,2,H1ESC
936,Formation of the Cornified Envelope,0.960709180366759,0.9999655263739448,1/129,0.0123088677977655,PRSS8,0.0020242914979757085,1,H1ESC
937,Cellular Response to Chemical Stress,0.9615476996787846,0.9999655263739448,2/202,0.0153863740534496,PRKAA2;STAP2,0.004048582995951417,2,H1ESC
938,mRNA Splicing - Major Pathway,0.9631361363506292,0.9999655263739448,2/204,0.0145912438588917,U2AF1;SRSF12,0.004048582995951417,2,H1ESC
939,Intra-Golgi and Retrograde Golgi-to-ER Traffic,0.9631361363506292,0.9999655263739448,2/204,0.0145912438588917,KLC3;KIF21A,0.004048582995951417,2,H1ESC
940,Gene Silencing by RNA,0.9653564072404026,0.9999655263739448,1/134,0.0104172936491706,NUP210,0.0020242914979757085,1,H1ESC
941,G2 M Checkpoints,0.9678770383481484,0.9999655263739448,1/137,0.0094325689495067,ORC1,0.0020242914979757085,1,H1ESC
942,SARS-CoV-2 Activates Modulates Innate and Adaptive Immune Responses,0.968675891121198,0.9999655263739448,1/138,0.0091266388254906,NUP210,0.0020242914979757085,1,H1ESC
943,RHO GTPases Activate Formins,0.9694549150173992,0.9999655263739448,1/139,0.008831183043668,BUB1B,0.0020242914979757085,1,H1ESC
944,mRNA Splicing,0.9708067174174946,0.9999655263739448,2/215,0.0109090194009962,U2AF1;SRSF12,0.004048582995951417,2,H1ESC
945,FCGR3A-mediated Phagocytosis,0.9716778661494124,0.9999655263739448,1/142,0.0080038943626154,ELMO1,0.0020242914979757085,1,H1ESC
946,Leishmania Phagocytosis,0.9716778661494124,0.9999655263739448,1/142,0.0080038943626154,ELMO1,0.0020242914979757085,1,H1ESC
947,Parasite Infection,0.9716778661494124,0.9999655263739448,1/142,0.0080038943626154,ELMO1,0.0020242914979757085,1,H1ESC
948,Macroautophagy,0.97238236735421,0.9999655263739448,1/143,0.0077466427517803,PRKAA2,0.0020242914979757085,1,H1ESC
949,Regulation of Actin Dynamics for Phagocytic Cup Formation,0.97238236735421,0.9999655263739448,1/143,0.0077466427517803,ELMO1,0.0020242914979757085,1,H1ESC
950,SARS-CoV-2-host Interactions,0.9726160800835058,0.9999655263739448,2/218,0.0100798556356716,NUP210;CRB3,0.004048582995951417,2,H1ESC
951,Processing of Capped Intron-Containing Pre-mRNA,0.973330617165777,0.9999655263739448,3/285,0.0112591074279551,NUP210;U2AF1;SRSF12,0.006072874493927126,3,H1ESC
952,tRNA Processing,0.9743926464775232,0.9999655263739448,1/146,0.0070258420925057,NUP210,0.0020242914979757085,1,H1ESC
953,Influenza Viral RNA Transcription and Replication,0.9762568585997964,0.9999655263739448,1/149,0.0063752545821469,NUP210,0.0020242914979757085,1,H1ESC
954,DNA Double-Strand Break Repair,0.977985596959423,0.9999655263739448,1/152,0.0057876335591472,EYA1,0.0020242914979757085,1,H1ESC
955,Organelle Biogenesis and Maintenance,0.9788455044072424,0.9999655263739448,3/297,0.0085369421149019,PRKAA2;KIF17;MCHR1,0.006072874493927126,3,H1ESC
956,Neutrophil Degranulation,0.9793501745135752,0.9999655263739448,6/478,0.0103456790019924,ARHGAP9;TIMP2;TMC6;IQGAP2;UNC13D;VCL,0.012145748987854251,6,H1ESC
957,ER to Golgi Anterograde Transport,0.9795886879130006,0.9999655263739448,1/155,0.0052565350167892,SPTBN2,0.0020242914979757085,1,H1ESC
958,Metabolism of Steroids,0.9795886879130006,0.9999655263739448,1/155,0.0052565350167892,OSBPL1A,0.0020242914979757085,1,H1ESC
959,SARS-CoV-1 Infection,0.9805921400345,0.9999655263739448,1/157,0.004931010724924,SERPINE1,0.0020242914979757085,1,H1ESC
960,Cellular Response to Starvation,0.9824537275675634,0.9999655263739448,1/161,0.0043415761899062,IMPACT,0.0020242914979757085,1,H1ESC
961,Signaling by the B Cell Receptor (BCR),0.9828905763797624,0.9999655263739448,1/162,0.0042060394642133,KRAS,0.0020242914979757085,1,H1ESC
962,DNA Repair,0.984222209383298,0.9999655263739448,3/312,0.0060368401902296,EYA1;FANCL;TERF1,0.006072874493927126,3,H1ESC
963,SARS-CoV Infections,0.9850440978739372,0.9999655263739448,6/498,0.0071601230186583,NUP210;SDC4;SERPINE1;ZDHHC11;HSPG2;CRB3,0.012145748987854251,6,H1ESC
964,Fcgamma Receptor (FCGR) Dependent Phagocytosis,0.985292878757707,0.9999655263739448,1/168,0.0034802596894309,ELMO1,0.0020242914979757085,1,H1ESC
965,Influenza Infection,0.9856591595549236,0.9999655263739448,1/169,0.0033725842082711,NUP210,0.0020242914979757085,1,H1ESC
966,HCMV Late Events,0.9863646293450572,0.9999655263739448,1/171,0.0031674924530509,NUP210,0.0020242914979757085,1,H1ESC
967,Separation of Sister Chromatids,0.9882798830767576,0.9999655263739448,1/177,0.0026264051337303,BUB1B,0.0020242914979757085,1,H1ESC
968,"Cell Cycle, Mitotic",0.9888786467430412,0.9999655263739448,6/516,0.0051216192152503,GINS1;NUP210;ORC1;BUB1B;PRKCA;E2F5,0.012145748987854251,6,H1ESC
969,Cell Cycle Checkpoints,0.9892153023106262,0.9999655263739448,2/261,0.0032755830133683,ORC1;BUB1B,0.004048582995951417,2,H1ESC
970,Post-translational Protein Modification,0.9892165242037456,0.9999655263739448,24/1457,0.0069824591171032,APP;PHC1;THRB;NUP210;KLHL25;GALNT16;WFS1;FBXO27;FBXO2;USP44;CBX2;ADAMTS16;TTLL6;AGBL4;RAB20;TNKS2;ADAMTS17;DNMT3B;SCG3;THSD7A;RECK;KBTBD8;GPLD1;SPTBN2,0.048582995951417005,24,H1ESC
971,Disease,0.9898468146153344,0.9999655263739448,38/2131,0.0070752137044783,GUCY2C;NOTCH3;APP;SDC4;SERPINE1;FOXO6;SLC1A3;PSIP1;ADCY2;ADCY1;FOXO1;SLC5A5;ADAMTS16;TNKS2;CDH1;HYAL1;ADAMTS17;DNMT3B;KDR;THSD7A;AP1M2;CHST6;JAG1;NUP210;NOS2;ZDHHC11;HSPG2;PPM1B;BTD;NRG3;ELMO1;DPEP1;GNB3;TAF4B;KRAS;VCL;CRB3;FGFR1,0.07692307692307693,38,H1ESC
972,Sensory Perception,0.9903806172163988,0.9999655263739448,8/640,0.0047516565287298,TMIE;SDC4;CDH23;CACNA2D2;CIB2;GNB3;PRKCA;HSPG2,0.016194331983805668,8,H1ESC
973,Transport to the Golgi and Subsequent Modification,0.9906610891461848,0.9999655263739448,1/186,0.0019876642972096,SPTBN2,0.0020242914979757085,1,H1ESC
974,Deubiquitination,0.9907546845037848,0.9999655263739448,2/268,0.0027310234650103,TNKS2;USP44,0.004048582995951417,2,H1ESC
975,Cell Cycle,0.9916314205236942,0.9999655263739448,8/649,0.0040712505020508,GINS1;NUP210;ORC1;BUB1B;PRKCA;HSPA2;TERF1;E2F5,0.016194331983805668,8,H1ESC
976,Fc Epsilon Receptor (FCERI) Signaling,0.9929256053380764,0.9999655263739448,1/197,0.0014187611909969,KRAS,0.0020242914979757085,1,H1ESC
977,Mitotic Prometaphase,0.9939203218495384,0.9999655263739448,1/203,0.0011820970975783,BUB1B,0.0020242914979757085,1,H1ESC
978,Transcriptional Regulation by TP53,0.9942149863094996,0.9999655263739448,3/362,0.0018906436511505,PRKAA2;TAF4B;BCL2L14,0.006072874493927126,3,H1ESC
979,HCMV Early Events,0.9942198263210948,0.9999655263739448,1/205,0.0011125621855782,NUP210,0.0020242914979757085,1,H1ESC
980,Signaling by ROBO Receptors,0.9949057021590964,0.9999655263739448,1/210,0.0009565099499930436,PRKCA,0.0020242914979757085,1,H1ESC
981,M Phase,0.995286670463822,0.9999655263739448,3/372,0.0014970646667212,NUP210;BUB1B;PRKCA,0.006072874493927126,3,H1ESC
982,Keratinization,0.9957315676642632,0.9999655263739448,1/217,0.0007748693621272564,PRSS8,0.0020242914979757085,1,H1ESC
983,Mitotic Anaphase,0.9961419722800124,0.9999655263739448,1/221,0.0006873485422929884,BUB1B,0.0020242914979757085,1,H1ESC
984,Mitotic Metaphase and Anaphase,0.9962382607082496,0.9999655263739448,1/222,0.000667094374211726,BUB1B,0.0020242914979757085,1,H1ESC
985,Infectious Disease,0.9984169996587868,0.9999655263739448,18/1311,0.0008438660106579063,GUCY2C;APP;NUP210;SDC4;NOS2;SERPINE1;PSIP1;ADCY2;ADCY1;ZDHHC11;HSPG2;CDH1;ELMO1;DPEP1;GNB3;TAF4B;AP1M2;CRB3,0.03643724696356275,18,H1ESC
986,HCMV Infection,0.998524036377234,0.9999655263739448,1/259,0.00022351945882233504,NUP210,0.0020242914979757085,1,H1ESC
987,Asparagine N-linked Glycosylation,0.999549975427772,0.9999655263739448,1/306,5.747924522622353e-05,SPTBN2,0.0020242914979757085,1,H1ESC
988,Innate Immune System,0.9997014462744696,0.9999655263739448,13/1149,0.0001305017795910955,ARHGAP9;APP;NOS2;PELI3;PELI2;TMC6;IQGAP2;UNC13D;RPS6KA5;TIMP2;ELMO1;KRAS;VCL,0.02631578947368421,13,H1ESC
989,Metabolism of Proteins,0.9998495928368486,0.9999655263739448,29/2067,8.040540266353362e-05,APP;THRB;GALNT16;FBXO27;ADAMTS16;RAB20;TNKS2;P2RY2;ADAMTS17;KIF13A;DNMT3B;THSD7A;RGS6;SPTBN2;PHC1;NUP210;KLHL25;WFS1;FBXO2;USP44;CBX2;HSPG2;TTLL6;AGBL4;GNB3;SCG3;RECK;KBTBD8;GPLD1,0.058704453441295545,29,H1ESC
990,Viral Infection Pathways,0.999886798868013,0.9999655263739448,10/1029,4.243480861117494e-05,NUP210;SDC4;SERPINE1;ELMO1;TAF4B;PSIP1;ZDHHC11;HSPG2;AP1M2;CRB3,0.020242914979757085,10,H1ESC
991,Metabolism of RNA,0.9999655263739448,0.9999655263739448,5/761,8.742488589300688e-06,NUP210;IGF2BP1;PRKCA;U2AF1;SRSF12,0.010121457489878543,5,H1ESC
