,log2FoldChange,padj,contrasted_with
ENSG00000161638,4.640833012372158,2.9092760511345427e-217,H1ESC
ENSG00000235162,5.255875663827367,1.4105974440068906e-167,H1ESC
ENSG00000258101,3.3691907511577868,0.0018361034101036392,H1ESC
ENSG00000136867,2.8635407031706,3.5410495107803217e-25,H1ESC
ENSG00000148671,9.121682144443001,6.86635908624553e-24,H1ESC
ENSG00000114353,2.1241762048519526,1.33624728148766e-82,H1ESC
ENSG00000168078,2.626341259148534,1.6893441730915012e-13,H1ESC
ENSG00000108797,3.414308450142054,2.5865655550941296e-56,H1ESC
ENSG00000267279,2.8597629055085925,5.887104886831879e-16,H1ESC
ENSG00000230896,2.5560709431938595,2.3143602272381907e-07,H1ESC
ENSG00000113369,2.7631247485073414,6.362334178499408e-40,H1ESC
ENSG00000237352,4.533420002737167,0.04644436134004577,H1ESC
ENSG00000241749,6.299480237254296,7.927849036116236e-20,H1ESC
ENSG00000184178,2.430300880124422,6.774759054526246e-56,H1ESC
ENSG00000259146,3.95633744884062,1.3980652717592067e-09,H1ESC
ENSG00000149571,6.489848553207052,1.429460925481813e-76,H1ESC
ENSG00000197043,3.0712522188674947,5.272179057212174e-159,H1ESC
ENSG00000154654,3.03190998259914,1.1348569560928186e-06,H1ESC
ENSG00000248323,4.077797509953583,0.0037964906007502616,H1ESC
ENSG00000251003,7.701410183800573,0.003725712514704047,H1ESC
ENSG00000234883,3.89860093758826,1.0488783876597898e-06,H1ESC
ENSG00000180509,2.0944596986842057,0.00860523253260241,H1ESC
ENSG00000136542,10.344196527542822,1.1833264875033317e-51,H1ESC
ENSG00000151702,5.833126652831261,3.8320520887395245e-32,H1ESC
ENSG00000164574,3.7993103697208266,1.7055667929588173e-129,H1ESC
ENSG00000166963,6.1765035209953485,1.8501809130907622e-186,H1ESC
ENSG00000132669,6.903231800142038,1.6357953145672773e-142,H1ESC
ENSG00000136044,2.5214259290079193,2.5470884863568035e-44,H1ESC
ENSG00000144821,2.391759244183593,0.0028988514853306776,H1ESC
ENSG00000258289,2.1197536841210645,1.6086233767500792e-35,H1ESC
ENSG00000198363,4.298723121361446,1.5533881965016715e-195,H1ESC
ENSG00000205221,5.487103882683332,1.7754917299927554e-13,H1ESC
ENSG00000184584,8.92301352102214,2.8776780437210794e-61,H1ESC
ENSG00000221817,2.0480992837471095,9.019931129119841e-10,H1ESC
ENSG00000284693,2.1378277359575217,0.0025799085181829233,H1ESC
ENSG00000020577,2.4172505248047464,2.9457265744332095e-33,H1ESC
ENSG00000214548,8.078826597693645,4.514041284310045e-125,H1ESC
ENSG00000139926,5.003060278836316,4.138046156105172e-127,H1ESC
ENSG00000164038,2.5417512602475396,1.2767858241899084e-28,H1ESC
ENSG00000164111,2.6156579280488654,9.91428995396838e-138,H1ESC
ENSG00000132170,4.381780542517441,2.802738670527749e-13,H1ESC
ENSG00000265808,2.78443355895667,1.543676208023563e-71,H1ESC
ENSG00000137573,2.7870589680686906,0.0010544138666562684,H1ESC
ENSG00000082438,3.4072634474836194,1.7368033995882721e-34,H1ESC
ENSG00000115295,10.207305587111687,6.818917426478757e-33,H1ESC
ENSG00000285644,3.69111386037494,0.0008762256158261462,H1ESC
ENSG00000247809,8.810234881532448,0.0006973033514101167,H1ESC
ENSG00000067221,3.5472429760391218,9.12204217679211e-61,H1ESC
ENSG00000277496,7.084926750022326,0.0055210368527938685,H1ESC
ENSG00000167157,3.519261738142581,1.4207667758537534e-06,H1ESC
ENSG00000112773,4.707335360818811,6.28296337627352e-203,H1ESC
ENSG00000163430,2.2777730669271232,6.148595320358169e-66,H1ESC
ENSG00000184384,2.4883255460005023,2.2128835165773087e-61,H1ESC
ENSG00000126368,2.081423437547529,6.264759599813111e-22,H1ESC
ENSG00000268658,3.735131764857935,6.524001445831744e-07,H1ESC
ENSG00000279118,5.15533214113516,1.062012498428042e-12,H1ESC
ENSG00000276547,2.7779715927926367,5.022706450125563e-18,H1ESC
ENSG00000151239,2.801338833534595,1.1734417035990907e-113,H1ESC
ENSG00000196878,4.346825777226829,1.5023960926907095e-47,H1ESC
ENSG00000178209,3.03457767940877,8.444749179973932e-107,H1ESC
ENSG00000165915,2.7755673440024684,1.4379908570065435e-48,H1ESC
ENSG00000166199,2.0475210415046914,9.239933926284942e-19,H1ESC
ENSG00000151876,3.6691040980124403,1.2082578397257487e-14,H1ESC
ENSG00000145817,2.631934103355808,1.3762191492720918e-111,H1ESC
ENSG00000145681,4.94649928184212,3.315634672674477e-05,H1ESC
ENSG00000213406,5.1267280701745,0.031452773039452084,H1ESC
ENSG00000075420,2.1662298397611823,2.3966738478775916e-33,H1ESC
ENSG00000103888,5.879146345885609,2.3831920147255085e-08,H1ESC
ENSG00000180398,2.74152200688751,1.455198347942793e-87,H1ESC
ENSG00000188921,2.610367150911497,8.383807049897249e-21,H1ESC
ENSG00000174307,2.4885788217140945,1.963350726329293e-70,H1ESC
ENSG00000142798,2.134260113436102,8.724609188776489e-31,H1ESC
ENSG00000221963,4.284096850698015,6.379789268186818e-19,H1ESC
ENSG00000227028,3.570911074177785,0.0010407983609622138,H1ESC
ENSG00000141232,2.1764506138142323,6.3350566251318185e-40,H1ESC
ENSG00000223685,2.1026510097085946,0.03100958340065303,H1ESC
ENSG00000243414,3.0289006132307663,3.192638472129346e-05,H1ESC
ENSG00000151388,2.141781845494812,3.766016608063561e-29,H1ESC
ENSG00000145391,4.9983550043364495,1.662813743695474e-142,H1ESC
ENSG00000095321,2.8812127122303086,1.4597064516080633e-65,H1ESC
ENSG00000077420,9.689493370386147,4.164145709056629e-30,H1ESC
ENSG00000120519,2.0427361257390824,7.026668052220593e-16,H1ESC
ENSG00000142627,2.0412676081252954,4.6373233591320855e-39,H1ESC
ENSG00000188783,2.2730928125637773,7.654929059385308e-07,H1ESC
ENSG00000169499,4.789433071068664,4.17311074481943e-164,H1ESC
ENSG00000138080,6.326920674509867,3.309512667522738e-177,H1ESC
ENSG00000138434,4.817993615849593,2.0538589589753417e-303,H1ESC
ENSG00000080573,2.1368239037754657,2.3060485956615757e-07,H1ESC
ENSG00000168386,9.053517351094875,1.950252116122273e-56,H1ESC
ENSG00000283064,3.5288103470560257,0.009563402694141509,H1ESC
ENSG00000254337,4.603803129799611,0.04455554664977325,H1ESC
ENSG00000178719,2.115351390907191,3.219790190944339e-36,H1ESC
ENSG00000157551,2.929991359384223,0.006398091656588266,H1ESC
ENSG00000003436,2.919279147777578,1.2675276320632354e-60,H1ESC
ENSG00000105520,3.250074083871073,3.5553357178597426e-58,H1ESC
ENSG00000214960,2.662650867627765,5.956000308097921e-12,H1ESC
ENSG00000137070,2.157754631937275,1.498479222962853e-27,H1ESC
ENSG00000119943,2.1795713515280037,6.518985818421026e-20,H1ESC
ENSG00000127241,4.842381727505495,7.644394446987229e-10,H1ESC
ENSG00000197980,3.129766278386598,0.01717520788670492,H1ESC
ENSG00000143786,2.6469514100523135,2.763052107032348e-15,H1ESC
ENSG00000158863,2.7291922609010375,3.754187948766753e-58,H1ESC
ENSG00000152291,2.508050865349961,4.525218891494987e-137,H1ESC
ENSG00000133110,7.534813376603439,1.1473180746700597e-11,H1ESC
ENSG00000153071,5.957950169343634,2.356529113141092e-226,H1ESC
ENSG00000145623,4.064661779380531,4.2151628185838093e-137,H1ESC
ENSG00000111145,2.5512057828980588,8.387857254297155e-60,H1ESC
ENSG00000122359,2.194026315920438,1.8201609750193988e-33,H1ESC
ENSG00000180628,3.9908297098965124,8.401778477354115e-121,H1ESC
ENSG00000205683,5.468457863192294,1.197942535454429e-24,H1ESC
ENSG00000100647,2.5708276094270186,3.05058821687352e-37,H1ESC
ENSG00000172985,2.8373544715923593,6.091805389787918e-17,H1ESC
ENSG00000115183,2.1634737939954176,1.3038218810326136e-44,H1ESC
ENSG00000067066,8.149999105973409,1.162255944244154e-81,H1ESC
ENSG00000187079,2.2050716562429855,2.7896910012952496e-79,H1ESC
ENSG00000118985,4.399058009327145,4.1802466484144055e-113,H1ESC
ENSG00000170624,5.649030714746115,6.986360372738672e-29,H1ESC
ENSG00000110841,2.007850050510168,7.493745671534612e-54,H1ESC
ENSG00000134996,2.2453683213505884,1.007962027355809e-47,H1ESC
ENSG00000231131,11.053832518151504,2.797600640117993e-05,H1ESC
ENSG00000128805,3.235167780304426,2.9873772830837736e-57,H1ESC
ENSG00000225830,2.7068762209023216,3.29576416294464e-27,H1ESC
ENSG00000131018,4.909522489152489,6.726416145961762e-267,H1ESC
ENSG00000137936,2.4824165710027786,3.706986762350318e-15,H1ESC
ENSG00000232600,6.267705045847676,0.012585479600076799,H1ESC
ENSG00000128284,5.169890370954515,0.00036537984999869766,H1ESC
ENSG00000062725,2.060934245854604,1.18776723379583e-51,H1ESC
ENSG00000166825,9.117684809830992,1.6606489620501823e-237,H1ESC
ENSG00000152377,3.4652077573948334,1.7464034881056787e-74,H1ESC
ENSG00000113621,2.2220278978405776,3.6711906194654726e-52,H1ESC
ENSG00000135404,2.619090280996675,4.6870593992106606e-138,H1ESC
ENSG00000164099,3.9519101291505443,1.4181695986259214e-74,H1ESC
ENSG00000154447,2.3652377997796403,1.4110372180036332e-76,H1ESC
ENSG00000143369,5.823942908913634,1.8058155467331786e-79,H1ESC
ENSG00000081237,3.022488540932093,0.00013636858551369907,H1ESC
ENSG00000155816,5.551575594026786,3.225189236702466e-171,H1ESC
ENSG00000142327,2.439539031308601,9.385571656018481e-58,H1ESC
ENSG00000149090,6.0420844144818115,1.3178061742780716e-184,H1ESC
ENSG00000121281,3.4762335469612147,4.919529412072735e-72,H1ESC
ENSG00000102781,2.9561552372729225,1.147545922557575e-56,H1ESC
ENSG00000112902,3.383366897272339,1.6986790619059065e-89,H1ESC
ENSG00000198053,3.9906611264319287,1.1300866342621625e-76,H1ESC
ENSG00000145147,3.7584802120800216,1.662246227249311e-165,H1ESC
ENSG00000203778,2.047437644477791,1.4560077266926805e-18,H1ESC
ENSG00000013016,2.7373668803735933,3.857355311411558e-65,H1ESC
ENSG00000115414,5.470435120513722,4.337105365080633e-104,H1ESC
ENSG00000135905,6.48491273576012,1.3181798409527587e-184,H1ESC
ENSG00000135074,2.843528126530119,1.140160696777884e-24,H1ESC
ENSG00000189223,7.0752157547681325,1.1338009400034875e-06,H1ESC
ENSG00000164543,2.96530903895743,2.2462103530753762e-61,H1ESC
ENSG00000146006,4.104296430916664,0.003722351784273687,H1ESC
ENSG00000109320,2.4112404899110182,1.2610411574964703e-43,H1ESC
ENSG00000162733,7.426623305807688,0.0,H1ESC
ENSG00000166250,3.36095742107739,1.7568992274458251e-56,H1ESC
ENSG00000197702,4.774142473934004,4.768120245396331e-148,H1ESC
ENSG00000154175,6.194120689676642,8.224867741611273e-28,H1ESC
ENSG00000157227,2.2937242197372876,1.158502111877494e-88,H1ESC
ENSG00000186575,2.0390477223324037,2.1321999315492288e-86,H1ESC
ENSG00000250697,6.09675037750336,0.014521877241838337,H1ESC
ENSG00000139436,2.48344747659884,1.6082700907370256e-66,H1ESC
ENSG00000169019,2.8152428793513473,9.853538810118869e-57,H1ESC
ENSG00000138675,17.303447080500582,4.8130493101244865e-11,H1ESC
ENSG00000281501,2.6032651968145197,2.0518265045578525e-07,H1ESC
ENSG00000137312,2.1095281217164867,3.550443629197367e-41,H1ESC
ENSG00000165533,2.4640685316189623,3.109396328378673e-50,H1ESC
ENSG00000134030,2.7353515493459213,2.5114726358097616e-78,H1ESC
ENSG00000141469,3.2136432977336122,0.0038522062374408113,H1ESC
ENSG00000159899,2.037371716779585,2.476671171632587e-49,H1ESC
ENSG00000233237,2.054935495929161,7.427883895675848e-09,H1ESC
ENSG00000164741,5.155203648785062,2.34382564423868e-241,H1ESC
ENSG00000100228,2.7457061588412426,1.3779179177868906e-28,H1ESC
ENSG00000070081,2.4679872834466723,2.909424568243692e-44,H1ESC
ENSG00000196923,2.648369262190399,1.068033937530672e-140,H1ESC
ENSG00000183775,4.322857264105878,6.498880398847367e-26,H1ESC
ENSG00000092607,5.141668361270282,3.177001090065154e-26,H1ESC
ENSG00000141696,2.031811995437887,2.9760089858255117e-28,H1ESC
ENSG00000144455,2.1249494789716947,1.306649646136689e-47,H1ESC
ENSG00000162302,2.619148679145485,2.555199842165663e-35,H1ESC
ENSG00000166848,2.9008491251957698,2.3776714234592904e-75,H1ESC
ENSG00000197536,2.472656373722674,0.00017839889654415028,H1ESC
ENSG00000164220,9.61962331808927,1.2216156185209291e-58,H1ESC
ENSG00000279253,2.988071720714261,2.5750027766812133e-12,H1ESC
ENSG00000111424,5.301753380771451,2.0406401185030504e-50,H1ESC
ENSG00000160360,2.173247013490954,9.32690275313108e-75,H1ESC
ENSG00000151892,2.825352901102902,6.813295221465394e-14,H1ESC
ENSG00000112186,3.4590423224188154,4.625323715247018e-93,H1ESC
ENSG00000111897,2.7567203627487857,3.411789302615194e-55,H1ESC
ENSG00000116678,2.8703602431783217,6.403744227191084e-24,H1ESC
ENSG00000106479,2.0530971017974644,1.6364351203335978e-11,H1ESC
ENSG00000250072,3.7808231797386602,0.007162838219332943,H1ESC
ENSG00000135090,2.0982087984924305,8.77524298508653e-47,H1ESC
ENSG00000246203,3.5055721148470447,0.0002211334815432282,H1ESC
ENSG00000116604,2.002736466519661,4.679318024787524e-35,H1ESC
ENSG00000147526,2.9328201502894533,3.9814195126788566e-49,H1ESC
ENSG00000063660,4.163302763716902,1.3086406867375538e-202,H1ESC
ENSG00000167460,2.0208002698836025,1.1649732025605451e-37,H1ESC
ENSG00000279415,2.0685359033561728,9.846910303124604e-06,H1ESC
ENSG00000005469,2.4561744619497032,1.423529306647452e-38,H1ESC
ENSG00000171867,5.477588959874677,9.528376811720963e-67,H1ESC
ENSG00000139173,3.0482362631974538,1.7345597855337872e-24,H1ESC
ENSG00000151726,2.280655729083049,3.7865459665401714e-51,H1ESC
ENSG00000162852,2.0130222529391255,2.7723675379222023e-39,H1ESC
ENSG00000253368,2.576438586254768,3.32980271830041e-100,H1ESC
ENSG00000060718,3.4984283810164722,6.303474448712118e-26,H1ESC
ENSG00000100558,3.343913613871786,2.0559351942031733e-15,H1ESC
ENSG00000110090,2.4871421222325023,4.4061958562526574e-23,H1ESC
ENSG00000276851,7.428983126191383,0.004038481540235368,H1ESC
ENSG00000072062,2.0708208381842064,1.1417130446775661e-43,H1ESC
ENSG00000102910,2.042636051805584,4.4161967643048055e-68,H1ESC
ENSG00000201428,2.4520832681099445,0.0018569576743292886,H1ESC
ENSG00000148411,2.070917164657299,1.217192524025174e-48,H1ESC
ENSG00000196639,7.030226708229931,4.581039281526226e-25,H1ESC
ENSG00000232453,5.122440800872832,0.000357067732240555,H1ESC
ENSG00000142166,2.270385507190778,8.392267535402187e-53,H1ESC
ENSG00000149256,3.0860480692566807,8.089475911902522e-23,H1ESC
ENSG00000152229,2.2578347569176147,1.724167335218192e-26,H1ESC
ENSG00000120693,3.8345118745355453,4.061034927240163e-35,H1ESC
ENSG00000155324,3.887468996633494,1.164735360611048e-37,H1ESC
ENSG00000138134,2.983856018970374,1.3419549745957063e-34,H1ESC
ENSG00000118503,2.500625533445636,4.936474124308342e-17,H1ESC
ENSG00000178075,2.4376301086404792,1.619469241481574e-13,H1ESC
ENSG00000134668,4.573694152992184,1.0027402839825572e-108,H1ESC
ENSG00000166741,14.333878543995805,4.7565692448986885e-08,H1ESC
ENSG00000067225,2.1749833316252576,4.219101789888183e-115,H1ESC
ENSG00000225648,2.6154471419897907,1.7332789027650907e-31,H1ESC
ENSG00000106080,2.1700704647544056,5.543271732699075e-48,H1ESC
ENSG00000164187,2.0689370335492794,6.033694464828556e-19,H1ESC
ENSG00000175395,2.9965351722598785,1.1665881735711243e-30,H1ESC
ENSG00000013288,3.5273047648512694,4.395242307937998e-138,H1ESC
ENSG00000146197,6.408465458654216,1.6551600973818431e-99,H1ESC
ENSG00000279170,4.007625003110734,0.005121572462974973,H1ESC
ENSG00000114019,2.731427571692669,5.713436253996468e-77,H1ESC
ENSG00000058262,2.126416632835278,3.603790444840957e-63,H1ESC
ENSG00000151414,6.384592105159971,2.2461419018402896e-206,H1ESC
ENSG00000159461,2.856861680338865,6.663634305480852e-119,H1ESC
ENSG00000169247,5.61225691939064,1.818195916654945e-54,H1ESC
ENSG00000186577,2.795113045736332,7.584535713700373e-34,H1ESC
ENSG00000152952,3.8414520044651352,4.615382908487651e-45,H1ESC
ENSG00000115419,2.5565342902037145,5.98061619233159e-17,H1ESC
ENSG00000139192,3.762867235722298,3.5024464333354706e-13,H1ESC
ENSG00000118508,4.0933620618501765,4.3871977985667135e-125,H1ESC
ENSG00000144118,2.4569326646548184,5.7511145132522446e-64,H1ESC
ENSG00000149577,2.074304113611733,4.984090806491249e-20,H1ESC
ENSG00000135362,2.056540761756111,9.36802988105338e-34,H1ESC
ENSG00000198542,12.70715805583689,2.1056715419305563e-18,H1ESC
ENSG00000250786,2.4700992537600097,1.4641302309599244e-25,H1ESC
ENSG00000161011,2.0521522613441276,8.821507000512542e-24,H1ESC
ENSG00000125843,2.7615110922981287,4.173827612650694e-46,H1ESC
ENSG00000215039,2.924078381157559,1.6823733986317096e-29,H1ESC
ENSG00000122863,3.407984148265775,1.7054436328641574e-99,H1ESC
ENSG00000245067,7.084278993306676,0.005535919320348452,H1ESC
ENSG00000112343,4.59508187217565,1.1143520416122952e-58,H1ESC
ENSG00000065534,4.874355888673747,1.7829351965477416e-146,H1ESC
ENSG00000162618,5.554566030724486,3.7070486062043324e-50,H1ESC
ENSG00000147509,3.820443268710321,1.23745031272913e-11,H1ESC
ENSG00000099940,2.0022844955527543,6.545290141418801e-48,H1ESC
ENSG00000155729,2.265251007615703,1.5192046690409047e-28,H1ESC
ENSG00000110237,3.628997014810594,1.0097250713929401e-132,H1ESC
ENSG00000168807,2.020414956281861,4.130060049434435e-35,H1ESC
ENSG00000278969,2.4463528808722015,0.03617054485164332,H1ESC
ENSG00000152936,5.123115197116598,0.03154701457038611,H1ESC
ENSG00000109452,7.64595753988015,6.315763102627102e-128,H1ESC
ENSG00000119900,2.1609698895305662,2.9517421576885947e-25,H1ESC
ENSG00000177311,4.145707699188217,1.9444450772510582e-250,H1ESC
ENSG00000091986,5.603597203381845,3.3199088186622016e-258,H1ESC
ENSG00000168404,3.19047204593523,2.1583411056288378e-36,H1ESC
ENSG00000106804,3.1980326510431376,5.657951443349551e-13,H1ESC
ENSG00000258938,3.5034933973172735,0.0002096092910698716,H1ESC
ENSG00000188554,2.2086149287368593,7.939306622739273e-57,H1ESC
ENSG00000206538,3.4909270581111715,1.9838177889749397e-82,H1ESC
ENSG00000151116,2.1664326069765902,1.4948672100848838e-27,H1ESC
ENSG00000150281,4.52555658572052,5.0060126303789996e-39,H1ESC
ENSG00000243797,5.4900436302210815,0.024272753217073936,H1ESC
ENSG00000006576,2.1890983564669035,2.086709210002866e-58,H1ESC
ENSG00000139289,2.1050741885392554,5.214224376312149e-24,H1ESC
ENSG00000165806,2.3343498115075283,7.536436711987801e-30,H1ESC
ENSG00000230417,4.8456768989422985,2.608657893853525e-05,H1ESC
ENSG00000162616,3.8613408332497263,2.062234493450609e-24,H1ESC
ENSG00000100243,2.6946911322815748,2.940224556829913e-85,H1ESC
ENSG00000049323,3.70403797099173,2.603086077372595e-103,H1ESC
ENSG00000133816,6.807246819036051,0.0,H1ESC
ENSG00000182718,4.832076544255937,0.0,H1ESC
ENSG00000130513,2.9491625916619864,7.045797014518499e-20,H1ESC
ENSG00000169994,4.273590317357354,5.9284239169140474e-06,H1ESC
ENSG00000188372,2.358276346424681,2.0030181869112662e-09,H1ESC
ENSG00000181722,4.426180980531945,1.4645888841828905e-51,H1ESC
ENSG00000068912,2.3014673198851296,2.3681180879201116e-57,H1ESC
ENSG00000152689,4.735389174674551,1.905886047912179e-10,H1ESC
ENSG00000078098,14.29480028825273,5.2056922015070155e-08,H1ESC
ENSG00000226800,3.6248550952380985,7.18376623580826e-07,H1ESC
ENSG00000229647,7.79868859697297,0.0024352677642938796,H1ESC
ENSG00000213977,2.31756545718341,6.298967402921015e-40,H1ESC
ENSG00000137809,5.381820553691239,1.8000828232559898e-14,H1ESC
ENSG00000084112,2.675714316083785,2.0089840485530553e-65,H1ESC
ENSG00000138347,13.306611470975527,4.639053445152904e-20,H1ESC
ENSG00000116171,2.0489659648081364,1.4487987953953198e-41,H1ESC
ENSG00000120913,2.061934535257353,3.852613753328265e-29,H1ESC
ENSG00000268061,2.240017761516264,0.00021569864685662627,H1ESC
ENSG00000127863,3.9776222286135914,8.413147381491929e-40,H1ESC
ENSG00000197448,2.1627416929269576,8.358641777317655e-41,H1ESC
ENSG00000139350,2.06915554202621,1.1776842647096996e-12,H1ESC
ENSG00000050405,3.1336512516876245,1.0137351351356271e-103,H1ESC
ENSG00000150347,7.232143735463829,4.004616412432996e-245,H1ESC
ENSG00000197415,2.3864483134374583,4.892447064365969e-16,H1ESC
ENSG00000162630,7.019769318964034,0.006138504190135804,H1ESC
ENSG00000042832,2.4209364645518763,0.0370099740529737,H1ESC
ENSG00000026508,8.005070843804157,0.0,H1ESC
ENSG00000251442,7.276324710880707,0.004529570908705384,H1ESC
ENSG00000135617,2.477972325107039,4.4698822250812274e-38,H1ESC
ENSG00000135919,2.1967606720732906,1.5522008939706102e-11,H1ESC
ENSG00000109079,2.680896770047094,1.8053407795127474e-75,H1ESC
ENSG00000051108,2.1700073328301626,1.3717562731382103e-53,H1ESC
ENSG00000171617,2.387133953634792,2.3645830317506893e-13,H1ESC
ENSG00000067798,5.112916752572037,3.246983076310202e-140,H1ESC
ENSG00000134531,8.59189566775895,1.1244504919777308e-118,H1ESC
ENSG00000136928,2.3942386651813568,1.7328401117002216e-07,H1ESC
ENSG00000188641,7.039734613742558,9.492699006124319e-82,H1ESC
ENSG00000087253,3.569552476545331,1.2287438697653128e-62,H1ESC
ENSG00000178878,4.162942509065991,6.2480497535697825e-40,H1ESC
ENSG00000196975,2.970879464814386,2.065100203204115e-82,H1ESC
ENSG00000110047,2.72392897243716,1.3045654981785216e-93,H1ESC
ENSG00000144642,3.6978329825296767,1.1822165611668864e-49,H1ESC
ENSG00000168374,2.2929760878215735,4.327721444120088e-58,H1ESC
ENSG00000079257,2.0387091066876457,6.757351331489021e-13,H1ESC
ENSG00000144810,6.012603143549759,1.0679540413342665e-42,H1ESC
ENSG00000031081,2.144113989469977,6.79702345297544e-58,H1ESC
ENSG00000162704,2.3473223911357786,3.030818276875154e-98,H1ESC
ENSG00000104324,4.288745667775437,5.6304563497372195e-68,H1ESC
ENSG00000233559,7.023499166561801,0.005983686997226224,H1ESC
ENSG00000124209,2.2253668600921155,2.526066331036317e-53,H1ESC
ENSG00000283154,2.160671159969544,2.8149148598242704e-18,H1ESC
ENSG00000285867,4.968364195793395,7.947621383602629e-20,H1ESC
ENSG00000231407,2.4748074142069356,0.017102144523235434,H1ESC
ENSG00000159082,2.6641774878798645,3.5982355518160486e-65,H1ESC
ENSG00000167720,2.4160245122462,2.0777246691985253e-22,H1ESC
ENSG00000038002,2.8612399157069275,6.965526132770125e-70,H1ESC
ENSG00000163565,7.204873883095761,2.046156011382247e-99,H1ESC
ENSG00000116729,4.775255234350238,6.08072877145756e-93,H1ESC
ENSG00000115963,4.718406370847976,1.3495111027897223e-131,H1ESC
ENSG00000165475,3.020688299386037,2.306447751801266e-27,H1ESC
ENSG00000139629,3.6248108323214483,2.657593793290604e-94,H1ESC
ENSG00000204540,3.4035196457504355,1.4843733465779918e-08,H1ESC
ENSG00000163513,4.234614245341699,1.5716390364759534e-84,H1ESC
ENSG00000178685,2.1437362557652504,2.6271038926242548e-06,H1ESC
ENSG00000155754,6.0499851702425245,0.015173198011681755,H1ESC
ENSG00000233117,5.538174517992496,0.02316494342570319,H1ESC
ENSG00000044090,2.365178216367551,8.934279528797089e-42,H1ESC
ENSG00000001461,4.226218807777545,2.5832282610362103e-78,H1ESC
ENSG00000104368,5.769243492586481,5.102184910161385e-65,H1ESC
ENSG00000135903,8.9062838477925,1.6730851202464715e-17,H1ESC
ENSG00000166710,3.884687310608743,2.132546537546004e-197,H1ESC
ENSG00000197496,2.3479419413113987,1.7690200145829076e-41,H1ESC
ENSG00000272142,2.1526404314625327,6.757171086613382e-08,H1ESC
ENSG00000153904,2.6758361122943364,3.097210853103659e-50,H1ESC
ENSG00000125945,2.811881977289218,6.742011798973421e-44,H1ESC
ENSG00000134259,7.052501921124344,4.898580825931727e-47,H1ESC
ENSG00000105339,3.310839104376095,3.975678803387607e-28,H1ESC
ENSG00000171150,2.9133191745632803,3.591978260820357e-125,H1ESC
ENSG00000204217,2.4370425639720876,4.186846008208053e-84,H1ESC
ENSG00000246273,3.0161405462365205,1.2106678864300965e-16,H1ESC
ENSG00000088256,2.481945715705511,1.5314939602096248e-87,H1ESC
ENSG00000167555,5.545569451497796,3.0127955671101825e-23,H1ESC
ENSG00000049239,2.5244451375444275,1.059889448808447e-53,H1ESC
ENSG00000082482,6.510016932248634,8.543431339528528e-83,H1ESC
ENSG00000164916,2.7296950531466613,8.006666385725936e-108,H1ESC
ENSG00000188596,2.1850821013373,0.017723254018750082,H1ESC
ENSG00000113805,6.620081150609279,5.318965449288205e-57,H1ESC
ENSG00000164081,2.4381562311762797,2.6553404860848046e-34,H1ESC
ENSG00000116704,3.353423232586797,3.845231435654351e-102,H1ESC
ENSG00000128655,3.934784432439751,2.624835145188478e-10,H1ESC
ENSG00000110092,3.8273333592267993,4.944552047830637e-72,H1ESC
ENSG00000224597,10.360077791902663,8.553645886089217e-13,H1ESC
ENSG00000182329,6.084869227871791,0.015241873695229186,H1ESC
ENSG00000172965,2.888499659509223,2.355660077737792e-44,H1ESC
ENSG00000142552,3.663028218603613,4.687372608577416e-22,H1ESC
ENSG00000128606,2.9004936783284974,0.0014580721388956393,H1ESC
ENSG00000150093,2.7420967777658585,4.955765518196206e-139,H1ESC
ENSG00000156150,6.591546087032247,2.651902458227607e-09,H1ESC
ENSG00000135862,2.587795848658401,1.319718896923332e-83,H1ESC
ENSG00000242247,2.644455638970397,2.3803775648740167e-84,H1ESC
ENSG00000122042,2.0741731367769316,8.911471232113001e-26,H1ESC
ENSG00000164619,4.362216349592762,2.7863910088842992e-45,H1ESC
ENSG00000153113,3.1549847944319356,3.8509985385983606e-99,H1ESC
ENSG00000101346,2.0421454493654556,4.439170959276751e-74,H1ESC
ENSG00000143164,2.1636659648072625,2.464606079811136e-71,H1ESC
ENSG00000166401,6.228554277482112,9.10356144366224e-88,H1ESC
ENSG00000237773,2.241102659654213,0.004642917906312754,H1ESC
ENSG00000185129,3.2205547751900423,3.1525555213544383e-79,H1ESC
ENSG00000181751,2.7133601294920555,3.7308100886932327e-59,H1ESC
ENSG00000166888,2.4082561061525953,4.548569800215199e-78,H1ESC
ENSG00000137076,2.757371536977625,1.8094910423199096e-150,H1ESC
ENSG00000145349,3.7637405697398547,5.654573395361473e-125,H1ESC
ENSG00000226571,6.5473975312034645,0.009700265639353948,H1ESC
ENSG00000181789,2.033749458604808,1.9801568734675783e-42,H1ESC
ENSG00000143753,2.1601297028523807,2.385815871785224e-39,H1ESC
ENSG00000169213,2.481915184236584,1.4540485447942578e-95,H1ESC
ENSG00000162746,4.474890387839219,1.3981492817994214e-16,H1ESC
ENSG00000115902,5.3012024864234535,9.13493232146451e-58,H1ESC
ENSG00000085063,3.8591835029568813,2.043853293993907e-113,H1ESC
ENSG00000151135,4.16415597109575,1.840404940071246e-138,H1ESC
ENSG00000107738,8.46370798730999,8.297104128745235e-30,H1ESC
ENSG00000250305,5.738474880462305,3.544353008360332e-61,H1ESC
ENSG00000042445,2.204880015817308,4.7444174461904437e-32,H1ESC
ENSG00000106153,2.3000430243384247,7.331149052172341e-89,H1ESC
ENSG00000103522,2.6027749071096227,1.4062961854212664e-08,H1ESC
ENSG00000110876,6.206819702908708,9.140953174133968e-23,H1ESC
ENSG00000168769,2.359110878716476,1.589643805439635e-41,H1ESC
ENSG00000198663,3.01291125984835,1.490782627292241e-140,H1ESC
ENSG00000057019,2.8872258414202223,3.5230712708567254e-23,H1ESC
ENSG00000155970,2.1927826415344303,3.409674240085612e-17,H1ESC
ENSG00000222005,4.014617819930616,0.004702961525985443,H1ESC
ENSG00000170485,3.0848484642675067,7.354972622429397e-23,H1ESC
ENSG00000280143,2.8295640108486366,1.3726445867855785e-24,H1ESC
ENSG00000134871,2.3147315587978223,6.725783667463297e-33,H1ESC
ENSG00000165757,3.679544134298279,4.737709593773016e-43,H1ESC
ENSG00000177606,3.2861567110995096,8.41411537743015e-93,H1ESC
ENSG00000164292,4.511589014100664,1.863323154342356e-88,H1ESC
ENSG00000170214,2.382774322359018,0.020092118008173475,H1ESC
ENSG00000154027,3.710154214546912,6.057046863948469e-87,H1ESC
ENSG00000180488,2.078890204010807,1.4635597368870755e-36,H1ESC
ENSG00000084070,3.068218689399949,2.8498108424968223e-52,H1ESC
ENSG00000185697,3.5580335590693806,1.687430796012989e-52,H1ESC
ENSG00000185340,2.5979969209993854,1.816799212985182e-67,H1ESC
ENSG00000213699,2.109217316881606,7.935426657920133e-45,H1ESC
ENSG00000174282,3.0919550348081506,7.312285077991004e-106,H1ESC
ENSG00000138119,8.024148286422545,0.0,H1ESC
ENSG00000144746,2.4555151807157447,1.5852005268172746e-63,H1ESC
ENSG00000117151,2.245798956644928,3.1749536852754417e-21,H1ESC
ENSG00000083444,3.317130886142813,1.618448278210081e-90,H1ESC
ENSG00000197106,4.021222471277465,9.150829713049667e-17,H1ESC
ENSG00000141756,2.069667511143794,3.1193467678321382e-49,H1ESC
ENSG00000213949,3.377438331618587,1.8592358822862194e-41,H1ESC
ENSG00000138639,6.282002743054249,8.657016182486147e-50,H1ESC
ENSG00000163191,3.611736568807139,6.27208195340124e-188,H1ESC
ENSG00000180530,2.497718591590892,4.5924422082534324e-49,H1ESC
ENSG00000148053,3.30530933588744,4.568245469663195e-05,H1ESC
ENSG00000164088,2.4011837726511898,1.892594620494185e-41,H1ESC
ENSG00000196754,3.928950069522001,9.23655417822329e-13,H1ESC
ENSG00000136114,4.446968767567907,1.95816427877699e-20,H1ESC
ENSG00000197256,2.462086502564882,5.4646542144782904e-73,H1ESC
ENSG00000182095,4.714776841215016,5.344677709861694e-209,H1ESC
ENSG00000112964,3.4485510811302404,3.0038903838061175e-14,H1ESC
ENSG00000080493,4.545308069722763,6.944900727002809e-98,H1ESC
ENSG00000163453,10.84870977364095,1.364285078069353e-126,H1ESC
ENSG00000072840,2.5683684236194906,7.427124595256401e-81,H1ESC
ENSG00000184371,4.785241885872627,7.497273138281025e-42,H1ESC
ENSG00000165410,3.7604549333806006,3.7271975945194937e-138,H1ESC
ENSG00000115935,3.366719075978861,2.448975854661807e-97,H1ESC
ENSG00000153214,2.690450690254757,4.489285058828596e-91,H1ESC
ENSG00000081923,5.293161056524323,2.884466046229495e-143,H1ESC
ENSG00000122707,4.876654002652766,1.3495387634566074e-269,H1ESC
ENSG00000153558,2.5499053828095786,1.1721652902821591e-23,H1ESC
ENSG00000143479,2.1725460417657763,2.5357130121024847e-41,H1ESC
ENSG00000166482,3.6171833634429604,2.705473593511596e-24,H1ESC
ENSG00000197879,2.5381282466791926,2.759740382822514e-106,H1ESC
ENSG00000148634,3.180895798466498,3.122247285478893e-110,H1ESC
ENSG00000185760,5.255411841608594,6.009027432592504e-63,H1ESC
ENSG00000185070,3.0793871250693763,8.24023753827493e-34,H1ESC
ENSG00000150938,5.547172531843514,0.0,H1ESC
ENSG00000144426,2.048179470354429,1.0488253768137532e-23,H1ESC
ENSG00000065413,2.2659002887991773,6.668855744004285e-11,H1ESC
ENSG00000082014,3.58772310803115,1.6768161991847832e-71,H1ESC
ENSG00000167767,6.701512332869841,3.244881453169052e-14,H1ESC
ENSG00000178031,7.2991317784738285,1.7215980233173285e-69,H1ESC
ENSG00000170153,2.08415469106674,4.0419671510688693e-22,H1ESC
ENSG00000128283,3.638435813673832,1.5090366490012776e-150,H1ESC
ENSG00000138356,3.5225332623510246,1.1300160212407588e-68,H1ESC
ENSG00000204381,4.148479826726665,7.273986220442439e-52,H1ESC
ENSG00000049192,3.9045756193478116,1.4242017778835918e-90,H1ESC
ENSG00000111727,4.027667291057679,1.435418333150651e-110,H1ESC
ENSG00000065357,2.518761195994305,2.121002207446853e-48,H1ESC
ENSG00000197506,7.620110795006055,0.0029808156336061913,H1ESC
ENSG00000145431,5.774804928052478,1.9486998895314126e-126,H1ESC
ENSG00000139899,3.218814905495726,2.73639594599369e-13,H1ESC
ENSG00000172935,2.8342912558681888,8.426637322642331e-51,H1ESC
ENSG00000140853,3.4149031789961724,1.4121399486302638e-53,H1ESC
ENSG00000235531,3.7282978477576623,8.081907889752146e-22,H1ESC
ENSG00000165887,3.6396474709734443,0.0017552478073669974,H1ESC
ENSG00000172403,3.6232615405568898,4.322442257879365e-17,H1ESC
ENSG00000078401,2.8517466262786892,1.972774088282619e-10,H1ESC
ENSG00000204262,4.300630491682969,4.238961587332759e-107,H1ESC
ENSG00000185924,3.0872861972032863,2.0477881993065968e-05,H1ESC
ENSG00000166949,3.183091674283418,4.272717334186387e-24,H1ESC
ENSG00000113140,3.907629091845807,1.0173707802306204e-87,H1ESC
ENSG00000164283,11.945862832272581,4.402407742984576e-05,H1ESC
ENSG00000125827,2.0612163903259457,4.7105986042921255e-34,H1ESC
ENSG00000177628,3.8731941072385823,1.1889981044705547e-103,H1ESC
ENSG00000110427,4.785814635087943,2.921006472318075e-177,H1ESC
ENSG00000182934,2.1209582187159364,3.9386056090546425e-89,H1ESC
ENSG00000005884,4.073366513956573,1.3613997835911703e-204,H1ESC
ENSG00000181904,2.131209516418485,1.4637506043209302e-43,H1ESC
ENSG00000181072,4.293598275568304,9.328742456740702e-09,H1ESC
ENSG00000101417,2.015947507151838,3.9406531709268904e-20,H1ESC
ENSG00000074527,6.3687311949773076,1.5171497609829356e-83,H1ESC
ENSG00000009413,2.51561882147935,3.755794623998181e-39,H1ESC
ENSG00000169908,5.745748379808256,3.2112528452399615e-06,H1ESC
ENSG00000132718,2.6935881912956323,1.0340006609377327e-70,H1ESC
ENSG00000259583,3.3521239077251392,9.556049497761622e-11,H1ESC
ENSG00000146859,7.196849623253139,0.005451765041021832,H1ESC
ENSG00000116260,2.139691509373673,5.499213584416242e-38,H1ESC
ENSG00000171206,2.2705784585294895,5.501571090249771e-87,H1ESC
ENSG00000109680,2.6766474024454423,4.633714510157307e-27,H1ESC
ENSG00000100106,2.0567852105667397,2.007820217422675e-31,H1ESC
ENSG00000226965,5.9403399375658745,0.017096416292312844,H1ESC
ENSG00000106992,2.314882848730668,1.5299034555328804e-16,H1ESC
ENSG00000096092,2.106193907892072,5.0455083961322805e-29,H1ESC
ENSG00000184304,2.069470577621782,4.518642279582798e-47,H1ESC
ENSG00000176438,10.125200848152577,9.413254940632547e-42,H1ESC
ENSG00000153317,2.321607062798702,3.289974711180064e-73,H1ESC
ENSG00000182197,3.72926688178387,1.4439915430227334e-70,H1ESC
ENSG00000100196,4.83421781016664,1.5141362139404723e-171,H1ESC
ENSG00000183023,5.177270924779268,9.028529239075017e-153,H1ESC
ENSG00000188549,6.881882539817074,8.020153160111079e-106,H1ESC
ENSG00000166173,2.437256014057719,3.8252964956605016e-50,H1ESC
ENSG00000112977,3.264118200218672,2.800250623230889e-87,H1ESC
ENSG00000180801,3.218741729337456,7.458427451994788e-95,H1ESC
ENSG00000170390,7.316008905975049,3.7351929179789336e-104,H1ESC
ENSG00000197442,2.908070592508373,8.181670221762418e-23,H1ESC
ENSG00000233621,2.4879763207090937,6.9388715319371e-09,H1ESC
ENSG00000183840,2.4222745502064065,1.2694664353555002e-10,H1ESC
ENSG00000261040,4.978644610536763,6.487036672652548e-30,H1ESC
ENSG00000103381,2.9729180515967593,9.551633141006216e-104,H1ESC
ENSG00000133121,3.8563849370109113,8.053717229776665e-138,H1ESC
ENSG00000113070,2.162655403740146,1.6291016438090905e-10,H1ESC
ENSG00000173905,2.3846108441707754,8.324114332677939e-57,H1ESC
ENSG00000154188,4.29787863057619,3.015916963899541e-134,H1ESC
ENSG00000139211,4.745201142173847,1.8893074968122593e-88,H1ESC
ENSG00000175764,3.3911723320516463,7.0824518369034e-23,H1ESC
ENSG00000137449,4.238326974684943,3.0184136903394294e-71,H1ESC
ENSG00000076356,4.47785191487609,6.81538412223878e-96,H1ESC
ENSG00000175806,2.572134904667104,3.1118258625329723e-35,H1ESC
ENSG00000183569,2.8355617460307507,1.4454592088665922e-07,H1ESC
ENSG00000004776,7.675381040539659,2.412256952871088e-18,H1ESC
ENSG00000126524,3.2388828531547036,8.709956080817532e-112,H1ESC
ENSG00000168685,10.496507093480869,3.386076656544613e-33,H1ESC
ENSG00000116962,2.4848483766963683,6.518637094951091e-102,H1ESC
ENSG00000128340,4.416052443368094,2.595068786518446e-32,H1ESC
ENSG00000140859,4.090937499408784,4.4574571709538056e-64,H1ESC
ENSG00000182621,2.28726507498742,5.680703740164313e-22,H1ESC
ENSG00000197614,8.095754332658945,2.2219408508355446e-13,H1ESC
ENSG00000095383,2.722949202491587,1.3466540604247993e-75,H1ESC
ENSG00000049245,2.5301057274961587,4.520944954540796e-86,H1ESC
ENSG00000168615,4.50504654927909,9.592430288782068e-258,H1ESC
ENSG00000179820,2.7142657533611647,1.0719629620963615e-97,H1ESC
ENSG00000124788,3.9416645950867415,2.6460687178888206e-64,H1ESC
ENSG00000137831,3.1999669223518556,3.7003695127586906e-25,H1ESC
ENSG00000034533,6.821547643294886,6.824438533246192e-11,H1ESC
ENSG00000100934,2.4190615229713077,6.023910059858609e-96,H1ESC
ENSG00000119699,2.7758724300886666,4.236664440092721e-08,H1ESC
ENSG00000106034,8.803661318452491,1.169711251631661e-131,H1ESC
ENSG00000136960,3.077279238712901,7.986272175406424e-11,H1ESC
ENSG00000175662,6.140568687405034,1.2449621317417326e-146,H1ESC
ENSG00000048828,2.0352040344902362,6.317418864414032e-80,H1ESC
ENSG00000197467,3.3120245360595537,3.4635139574576126e-95,H1ESC
ENSG00000162599,2.354043762968943,3.542551261112747e-32,H1ESC
ENSG00000164932,5.4313612642874185,2.3041238355585686e-56,H1ESC
ENSG00000258484,7.750965057358531,0.0042268765944054555,H1ESC
ENSG00000022277,2.0244798997326843,2.0097884084477063e-67,H1ESC
ENSG00000174099,6.915662097316959,1.194532307854761e-240,H1ESC
ENSG00000198873,2.6785163430780887,1.5573567168596358e-18,H1ESC
ENSG00000162368,2.495241997888874,1.4021310530687188e-91,H1ESC
ENSG00000215717,2.08649540193772,2.396078526766878e-43,H1ESC
ENSG00000006534,7.616907277693485,1.1170519652473601e-55,H1ESC
ENSG00000108509,2.444872467855693,3.069814134064551e-63,H1ESC
ENSG00000013364,6.095943385340115,0.0,H1ESC
ENSG00000188643,4.69470951116053,9.851784200814219e-142,H1ESC
ENSG00000131378,3.7625266538512863,4.1490649941678927e-125,H1ESC
ENSG00000258824,5.121312113910215,0.03185511859598419,H1ESC
ENSG00000273096,2.7523643018520634,0.012247270482215994,H1ESC
ENSG00000121691,2.1570809396347643,2.076309065752846e-40,H1ESC
ENSG00000102452,2.4297653433347377,1.092098993972718e-14,H1ESC
ENSG00000164171,3.4999644695118337,2.687751035059896e-46,H1ESC
ENSG00000160013,12.443362321727793,2.1452655679278557e-06,H1ESC
ENSG00000151164,3.874130906295926,0.0005181195083484326,H1ESC
ENSG00000119917,4.639032792382108,2.8016338713682263e-38,H1ESC
ENSG00000172339,2.7054018307529586,3.5178259790748807e-32,H1ESC
ENSG00000277972,2.0645046647546743,2.9691923813264576e-31,H1ESC
ENSG00000181019,3.691213045875039,6.133121967101596e-19,H1ESC
ENSG00000105810,2.4126681626161806,2.243031828664405e-27,H1ESC
ENSG00000156050,4.60268909438681,8.054495078537256e-27,H1ESC
ENSG00000115461,6.020254669638572,3.294429992129805e-99,H1ESC
ENSG00000075399,2.604976717741428,3.3454252605916617e-22,H1ESC
ENSG00000128641,2.286448861210203,3.5297373097753994e-75,H1ESC
ENSG00000124098,2.0852500968954515,3.94470107946426e-19,H1ESC
ENSG00000257303,3.95566934291565,0.004824060700951963,H1ESC
ENSG00000107249,5.25643235626045,2.9562745414069675e-70,H1ESC
ENSG00000130045,2.3940360831906817,3.1387890188438523e-10,H1ESC
ENSG00000118495,4.789452962182376,1.419624138614176e-76,H1ESC
ENSG00000113916,2.2113443126995347,3.60415992444852e-46,H1ESC
ENSG00000157379,2.101712410392537,4.014403684188745e-33,H1ESC
ENSG00000253200,2.286896461459085,2.533591963031e-12,H1ESC
ENSG00000119185,2.5219389521359554,2.0035988621927426e-63,H1ESC
ENSG00000273763,3.122845086441081,0.004011109811531335,H1ESC
ENSG00000144152,3.331394193931762,1.1114538467142173e-06,H1ESC
ENSG00000173559,4.818637522083779,7.399087002945463e-222,H1ESC
ENSG00000103187,2.1841332204716712,1.6265256368100826e-72,H1ESC
ENSG00000136279,2.6404382731268954,1.2724786944367356e-108,H1ESC
ENSG00000231290,4.725787468180131,3.6229749196610675e-13,H1ESC
ENSG00000087303,4.543232061877285,1.0041397432843512e-206,H1ESC
ENSG00000100100,3.095947139122457,7.971835374707724e-29,H1ESC
ENSG00000154127,2.8959964274726993,1.483034129326111e-73,H1ESC
ENSG00000179859,2.630276926047163,3.5907391922292505e-12,H1ESC
ENSG00000120725,4.600090844763363,1.5269945648548405e-111,H1ESC
ENSG00000124191,4.4665422947238955,6.38701724029883e-81,H1ESC
ENSG00000122884,3.0723027496300315,3.6142042014353254e-39,H1ESC
ENSG00000078808,2.1068358952320456,3.4560816884262847e-65,H1ESC
ENSG00000125618,5.891706818794441,0.00024655139703882843,H1ESC
ENSG00000110693,5.322457688115135,1.88081695733307e-11,H1ESC
ENSG00000176697,3.991392405109562,1.1008589922111956e-71,H1ESC
ENSG00000069943,2.0749761346993125,2.807342570039832e-17,H1ESC
ENSG00000104936,2.6225402077992612,2.001543220802291e-31,H1ESC
ENSG00000011422,3.226101357488412,4.747840087009113e-65,H1ESC
ENSG00000234719,7.124851236468986,0.005159800029692782,H1ESC
ENSG00000171587,3.4913412589954222,1.14521225642314e-20,H1ESC
ENSG00000135677,2.1226866117312477,5.573968904639732e-92,H1ESC
ENSG00000177675,3.82409839170483,4.321862593577524e-11,H1ESC
ENSG00000154511,2.4407759111019467,4.501130020600398e-48,H1ESC
ENSG00000165521,4.559474770377555,2.0920983745642156e-49,H1ESC
ENSG00000173039,2.0478668923509487,1.3097897981337428e-58,H1ESC
ENSG00000164713,2.0793751300499212,4.092029083797444e-65,H1ESC
ENSG00000132824,2.314326537290795,8.786639513892978e-69,H1ESC
ENSG00000274315,2.1898745547043927,0.002348191843499556,H1ESC
ENSG00000135047,2.85998657352401,5.8386613086461736e-120,H1ESC
ENSG00000156113,4.162577938145176,2.7872329185321263e-53,H1ESC
ENSG00000164674,3.6976425803892163,9.297446035764046e-21,H1ESC
ENSG00000197429,2.3032355250341796,7.402389877971245e-37,H1ESC
ENSG00000171631,4.89530659614394,0.0007843087098211477,H1ESC
ENSG00000101333,3.1087278960064095,2.053122321279534e-79,H1ESC
ENSG00000148180,3.2452800603620373,6.200369087770409e-71,H1ESC
ENSG00000138172,5.152722131061613,9.699225925133264e-92,H1ESC
ENSG00000114270,4.039087544168945,3.852813627822615e-101,H1ESC
ENSG00000184588,2.316419612002473,3.6422782141780514e-26,H1ESC
ENSG00000221968,2.0918788048934527,2.794786128623236e-72,H1ESC
ENSG00000239697,2.3678428664605344,2.7340859800237744e-20,H1ESC
ENSG00000153976,3.096288802231273,1.2290716898311867e-37,H1ESC
ENSG00000105137,3.0051114377918693,1.1447637381977938e-130,H1ESC
ENSG00000128595,2.733299347410404,8.173289268495106e-172,H1ESC
ENSG00000166275,2.4958332777582704,3.0309807133528523e-18,H1ESC
ENSG00000112246,6.858874488243503,5.410578367309395e-92,H1ESC
ENSG00000068028,2.0416432153178428,8.387681867936643e-35,H1ESC
ENSG00000143507,5.051697304743073,4.758046144702746e-71,H1ESC
ENSG00000283538,5.245805536768225,0.028917274741460105,H1ESC
ENSG00000228768,2.0386260411570882,0.021071417873497703,H1ESC
ENSG00000245937,2.4523456746990844,5.824073885414281e-24,H1ESC
ENSG00000164172,2.092583306550558,3.163803539154963e-42,H1ESC
ENSG00000010438,11.237033138974445,1.926510086270763e-05,H1ESC
ENSG00000285973,2.127025173909624,0.04901732444683924,H1ESC
ENSG00000152465,2.0674202647582014,4.38479874177559e-11,H1ESC
ENSG00000110719,3.024743993515144,4.2450516561435225e-83,H1ESC
ENSG00000154229,3.1293085180812907,8.156634875611217e-107,H1ESC
ENSG00000269834,4.040792031984437,0.00029570532849648723,H1ESC
ENSG00000237172,3.9807861485224922,7.090787418303686e-93,H1ESC
ENSG00000151491,3.8696718141115207,1.4545293832424594e-115,H1ESC
ENSG00000137463,3.2217032004472816,1.3410344742442771e-08,H1ESC
ENSG00000173641,8.597763675032633,3.326646528990012e-21,H1ESC
ENSG00000116663,3.871290827944309,3.4584376735304755e-11,H1ESC
ENSG00000168487,4.365191618488093,9.566774855998707e-108,H1ESC
ENSG00000252835,2.984752532942578,1.2847625744201246e-20,H1ESC
ENSG00000113732,2.642661596208004,5.756987679466548e-55,H1ESC
ENSG00000158828,3.0023111972319096,3.80823541796995e-79,H1ESC
ENSG00000260877,6.1678027110774885,0.014238813522620457,H1ESC
ENSG00000234494,4.8606053162936735,3.0306543667601364e-13,H1ESC
ENSG00000099250,7.26131571346858,0.0,H1ESC
ENSG00000073756,8.984231470551007,4.749134385148083e-72,H1ESC
ENSG00000237803,6.272107136719801,0.012198602810543736,H1ESC
ENSG00000169507,8.645031032962502,0.0008901320687032065,H1ESC
ENSG00000132510,2.358260441499331,4.185836211467548e-27,H1ESC
ENSG00000259426,4.225844344096121,1.5636960104776518e-10,H1ESC
ENSG00000255346,5.90162010505217,0.01821990083700305,H1ESC
ENSG00000135318,8.236905504843548,2.6521140113477998e-284,H1ESC
ENSG00000137198,2.8848197904451793,1.5400816366905945e-14,H1ESC
ENSG00000270194,2.0406449489351375,3.596918165271693e-07,H1ESC
ENSG00000225746,8.247545394313468,7.885883166168245e-48,H1ESC
ENSG00000087116,3.1418302565477036,4.448259166190797e-106,H1ESC
ENSG00000145246,3.943892660405495,1.9177171839106727e-88,H1ESC
ENSG00000230082,2.6431349548350314,0.0004555268861510767,H1ESC
ENSG00000151348,2.0016203972054534,9.362020025818721e-62,H1ESC
ENSG00000127920,4.876185168688793,1.1265621222810646e-118,H1ESC
ENSG00000008256,2.667230581898853,5.3770674338202336e-61,H1ESC
ENSG00000171889,5.778963505956791,6.628717829578777e-26,H1ESC
ENSG00000168405,4.958632340173505,3.3313507721180145e-08,H1ESC
ENSG00000116701,4.379370335241858,7.668469584428383e-05,H1ESC
ENSG00000186889,2.511356134814097,3.9888697264622585e-10,H1ESC
ENSG00000105755,2.754645019497221,6.460332647733084e-34,H1ESC
ENSG00000139793,5.919461586402117,8.009448117751141e-111,H1ESC
ENSG00000105971,5.499501166690751,3.685909197364553e-159,H1ESC
ENSG00000125520,2.5492398911485528,2.9070246122736374e-47,H1ESC
ENSG00000101188,2.9485131357178456,4.938252915676594e-14,H1ESC
ENSG00000261582,2.2519248362987434,0.009268354405171842,H1ESC
ENSG00000167778,3.6217208539303614,5.987193825360289e-148,H1ESC
ENSG00000114853,3.440998165189389,2.2442978683145474e-72,H1ESC
ENSG00000038945,7.1226371391782015,8.42719385386213e-06,H1ESC
ENSG00000134153,2.649134220041411,3.4048260377206246e-65,H1ESC
ENSG00000253537,2.806572494926051,1.6596824330383925e-06,H1ESC
ENSG00000106819,10.460389301791151,6.41931403929161e-05,H1ESC
ENSG00000124570,2.3825717489583216,6.808710631253022e-45,H1ESC
ENSG00000118515,2.8175288865652623,6.033372737022376e-59,H1ESC
ENSG00000070882,2.5962711206888955,1.9388999457933787e-86,H1ESC
ENSG00000169126,2.2359426767291173,1.0796905785830808e-17,H1ESC
ENSG00000065308,3.743910413982742,4.68535669232556e-239,H1ESC
ENSG00000244694,3.6171605883728297,6.318876448062598e-07,H1ESC
ENSG00000171466,3.4890426290726655,1.853831009591213e-69,H1ESC
ENSG00000105976,3.5188802324121053,7.168309647124962e-83,H1ESC
ENSG00000196935,2.8960050154246932,1.1005836779985641e-96,H1ESC
ENSG00000136830,3.496088327372965,6.142203763472159e-135,H1ESC
ENSG00000114779,2.875371396762014,5.635535419604864e-49,H1ESC
ENSG00000116871,2.4277820042256635,5.192737802288959e-76,H1ESC
ENSG00000173530,3.8925868963471997,2.4416910456602333e-103,H1ESC
ENSG00000196460,2.743919000485483,1.5245751075856512e-08,H1ESC
ENSG00000073969,2.4055637702884036,1.4311899970958117e-44,H1ESC
ENSG00000140450,3.8956827532092784,2.1772481139413784e-24,H1ESC
ENSG00000122870,6.552803555842707,3.117825663605178e-217,H1ESC
ENSG00000169231,3.5049509994335093,5.3057389526128617e-42,H1ESC
ENSG00000152332,3.171987396656346,8.986538760940544e-186,H1ESC
ENSG00000258399,6.869938736290085,8.645154548924655e-14,H1ESC
ENSG00000142173,3.470616568558072,5.483454910836602e-127,H1ESC
ENSG00000143995,7.996295119109418,4.987336333036632e-100,H1ESC
ENSG00000119801,2.091096145076179,4.308307950960841e-27,H1ESC
ENSG00000184988,2.358287926217126,6.74569913772322e-24,H1ESC
ENSG00000246640,3.031603404426367,0.00038098829855888553,H1ESC
ENSG00000159176,5.006501265610363,0.0,H1ESC
ENSG00000116675,2.4830124322043323,9.40124018323554e-42,H1ESC
ENSG00000226312,5.560290089164777,0.0226052787092757,H1ESC
ENSG00000021762,2.6793575139479597,7.278809759713512e-63,H1ESC
ENSG00000235609,2.966418043200759,4.567597077539792e-08,H1ESC
ENSG00000138131,7.658365583522793,3.835549481009957e-62,H1ESC
ENSG00000057657,4.94680688650825,3.302396913347683e-45,H1ESC
ENSG00000235927,2.7446816443027466,7.347672198714386e-10,H1ESC
ENSG00000229951,6.069889074858602,0.014722851530005611,H1ESC
ENSG00000103066,2.6432075687562784,2.7883075485097412e-65,H1ESC
ENSG00000135046,7.784393899788881,0.0,H1ESC
ENSG00000169583,5.934478338224142,2.6927009918543202e-09,H1ESC
ENSG00000168679,6.355073153765799,7.949433591654575e-48,H1ESC
ENSG00000270820,2.2939801018471164,7.819653281224072e-07,H1ESC
ENSG00000250303,2.4492257924371126,8.358279194530454e-06,H1ESC
ENSG00000182578,4.136600231265455,0.00015636511346518129,H1ESC
ENSG00000109511,6.365159776177068,0.011552527285804049,H1ESC
ENSG00000136240,2.6550557277494313,1.2852855992118593e-92,H1ESC
ENSG00000186318,3.9282997676341864,1.094933671138173e-118,H1ESC
ENSG00000136026,3.2863549424026695,2.8372335662886618e-179,H1ESC
ENSG00000150051,6.543018471494414,1.8283369634534847e-62,H1ESC
ENSG00000134072,2.8169541136068315,1.5665037590934054e-27,H1ESC
ENSG00000020181,4.649308646264076,8.236547016018677e-184,H1ESC
ENSG00000129009,5.226736825108665,5.591489363620018e-12,H1ESC
ENSG00000169432,4.200848348860161,1.7486337878797828e-102,H1ESC
ENSG00000180891,2.5717975852991826,8.710256238194424e-72,H1ESC
ENSG00000108691,4.1367714594962175,3.0532802518757043e-21,H1ESC
ENSG00000256235,2.30838608462689,2.2931235623079523e-24,H1ESC
ENSG00000259345,3.96158245934126,1.2183089810263148e-21,H1ESC
ENSG00000048471,2.1348179790053905,5.276127847381363e-49,H1ESC
ENSG00000138760,2.1239773109284474,4.075947735055042e-82,H1ESC
ENSG00000129055,2.4149292942133473,1.988263919967438e-56,H1ESC
ENSG00000143127,2.4009076774528646,9.563225771055165e-07,H1ESC
ENSG00000282849,6.112410085338995,0.014198678106811712,H1ESC
ENSG00000115641,3.199377802290759,8.460015255471384e-88,H1ESC
ENSG00000177981,2.453648937826176,1.6698572719354341e-46,H1ESC
ENSG00000185567,5.5764802938433355,6.672461395907698e-143,H1ESC
ENSG00000165124,3.974928180799737,1.1763202638120185e-36,H1ESC
ENSG00000135766,2.8267153825649123,1.1007791037086327e-72,H1ESC
ENSG00000106367,2.0850836206761705,4.023712087523434e-64,H1ESC
ENSG00000115561,2.9997569676252733,1.0751442826855099e-71,H1ESC
ENSG00000132000,4.324598337040904,2.767175043343638e-34,H1ESC
ENSG00000196576,2.0611627017205603,2.1636637571957006e-45,H1ESC
ENSG00000139304,8.035613868392588,1.145030687535489e-14,H1ESC
ENSG00000148848,5.918337516476663,8.892718051042453e-36,H1ESC
ENSG00000100599,4.359393632381127,2.0939762789537331e-69,H1ESC
ENSG00000198768,3.3571035626607753,1.9127557293687515e-19,H1ESC
ENSG00000122420,7.695785207436111,2.6013171966602107e-41,H1ESC
ENSG00000117143,2.5477866648001153,5.595507923718869e-25,H1ESC
ENSG00000162849,5.170373910259009,1.2012379486394163e-58,H1ESC
ENSG00000233608,6.236619624134643,1.8352779378515138e-161,H1ESC
ENSG00000125505,2.0411512408726185,1.7125192511947376e-68,H1ESC
ENSG00000134138,7.098240104623108,5.495887045913219e-77,H1ESC
ENSG00000180914,8.365139795061681,3.872439274271207e-304,H1ESC
ENSG00000253837,7.6757006196428765,0.002894646594055924,H1ESC
ENSG00000185634,3.9202715745319967,1.4904730096355438e-17,H1ESC
ENSG00000115091,2.211444430515713,2.2297939061204473e-92,H1ESC
ENSG00000182950,2.469032717483837,0.03527458744129421,H1ESC
ENSG00000183955,2.3838809437416733,1.18973107340438e-56,H1ESC
ENSG00000086062,3.0361847244216484,1.6910725471163345e-83,H1ESC
ENSG00000198682,4.778460100995845,2.4284434941260165e-124,H1ESC
ENSG00000162909,5.829511337350618,0.0,H1ESC
ENSG00000048405,2.358110142229788,5.672879280021896e-44,H1ESC
ENSG00000154736,3.4455929983474634,9.843424132302249e-18,H1ESC
ENSG00000198121,5.350769279348492,5.742048549466923e-81,H1ESC
ENSG00000168994,5.861169600468959,1.0560340708211156e-111,H1ESC
ENSG00000145022,3.396154765751397,1.093209970520358e-67,H1ESC
ENSG00000258727,2.701370663613906,8.569624840005718e-11,H1ESC
ENSG00000154319,6.197755875570328,4.651245479493241e-83,H1ESC
ENSG00000066322,2.9210266752540894,9.453079955722696e-88,H1ESC
ENSG00000162434,2.6477505599595808,4.005010232463946e-119,H1ESC
ENSG00000164692,6.364029228103644,6.013149229889671e-204,H1ESC
ENSG00000185404,5.261248587468637,1.8300451111032953e-50,H1ESC
ENSG00000171055,3.25912003376096,9.8579553720012e-121,H1ESC
ENSG00000124942,7.060126372030588,0.0,H1ESC
ENSG00000146376,4.22513062520257,1.0473693478430092e-210,H1ESC
ENSG00000186470,2.1725792140535916,7.739811207999535e-15,H1ESC
ENSG00000254685,2.2510238722714084,1.7112676819334193e-16,H1ESC
ENSG00000117298,2.228988286558002,2.1012284389199604e-70,H1ESC
ENSG00000280211,2.289648421158693,0.004478618106780291,H1ESC
ENSG00000271643,2.016655365714819,1.9642906814411683e-16,H1ESC
ENSG00000012171,2.8235784330261318,1.4863078089944926e-24,H1ESC
ENSG00000133019,2.024167543482586,0.011531855116206783,H1ESC
ENSG00000171346,3.1237473996536296,4.245299090880257e-12,H1ESC
ENSG00000159200,4.083353356346717,5.492314361982399e-100,H1ESC
ENSG00000159231,2.5320046625753667,2.4578154854995008e-17,H1ESC
ENSG00000206190,4.210093348152511,4.5232255488834094e-117,H1ESC
ENSG00000236013,4.6110896125922896,0.04438424425815916,H1ESC
ENSG00000114480,4.055906983335433,4.499965537325837e-130,H1ESC
ENSG00000080823,3.6480101662940925,3.181824532142812e-27,H1ESC
ENSG00000165046,2.936203884765274,8.632664456646427e-23,H1ESC
ENSG00000186340,3.4468302596605995,1.768504594881564e-66,H1ESC
ENSG00000265972,3.006735724982174,3.755354234368444e-40,H1ESC
ENSG00000154710,2.12962403074693,7.996706390822955e-12,H1ESC
ENSG00000226742,4.784433346088232,3.067556552752288e-29,H1ESC
ENSG00000165868,2.4330882989114113,2.2851904639167884e-56,H1ESC
ENSG00000138758,2.9629179766416995,7.418534703683856e-40,H1ESC
ENSG00000173114,7.269662407730567,3.687471754719913e-38,H1ESC
ENSG00000172375,2.0194612154318268,2.425316239288298e-20,H1ESC
ENSG00000102931,2.9721099330182255,1.4215566679134248e-116,H1ESC
ENSG00000080503,2.518349169451953,2.0795095390829203e-60,H1ESC
ENSG00000160216,4.870859182216194,3.796904715083146e-249,H1ESC
ENSG00000119636,2.8726747242088106,1.8880002965863172e-09,H1ESC
ENSG00000213625,2.598227944339584,2.65308841690512e-93,H1ESC
ENSG00000285106,4.236131046921149,1.7289449257618994e-22,H1ESC
ENSG00000167601,3.593918598154451,5.111988119109909e-171,H1ESC
ENSG00000164484,3.12271727421988,3.906118159175059e-47,H1ESC
ENSG00000172037,2.6693649504292383,9.439391300023636e-88,H1ESC
ENSG00000103175,3.778235871200049,0.000169078984325428,H1ESC
ENSG00000144320,2.7806235361982665,1.3807562160957697e-52,H1ESC
ENSG00000185475,2.0887859354464027,2.877561677473895e-17,H1ESC
ENSG00000170921,2.4832971117548595,7.01554469239327e-34,H1ESC
ENSG00000073008,2.6523631094039044,8.892718051042453e-36,H1ESC
ENSG00000170558,2.746315695211644,5.9329198316257905e-28,H1ESC
ENSG00000134853,5.542090436405243,1.0405930053517448e-13,H1ESC
ENSG00000158710,3.3777421305039104,4.2183795069539917e-63,H1ESC
ENSG00000266074,3.9639059592955497,2.623389503922451e-66,H1ESC
ENSG00000267519,4.491240447992138,2.9501512745579907e-36,H1ESC
ENSG00000150637,2.837393303740364,0.0007474156223156156,H1ESC
ENSG00000141449,4.738494138151013,9.941809235666685e-15,H1ESC
ENSG00000169826,2.11225095027804,1.0645897528508898e-46,H1ESC
ENSG00000126005,2.6799950653066498,4.8038625323745254e-42,H1ESC
ENSG00000116977,2.1589118425722433,4.079892929400518e-48,H1ESC
ENSG00000214106,3.394104233202932,3.458549230755091e-20,H1ESC
ENSG00000115756,2.7575878162145298,1.3529182556531067e-30,H1ESC
ENSG00000197635,4.137796825926679,9.030258265906726e-76,H1ESC
ENSG00000023191,2.675370533401411,9.275555248620117e-81,H1ESC
ENSG00000171962,2.4784588248467574,0.003963307881525546,H1ESC
ENSG00000141753,3.140365286464274,3.49023003820957e-71,H1ESC
ENSG00000113578,6.6521450339233805,6.521945140781492e-67,H1ESC
ENSG00000137842,2.1166295491511593,2.825343303276618e-17,H1ESC
ENSG00000140285,8.69985932155854,1.0210360252906326e-10,H1ESC
ENSG00000224020,7.378614429324492,0.003929993439151322,H1ESC
ENSG00000105889,3.0632832250871274,5.868479616687387e-17,H1ESC
ENSG00000253276,3.630572151717822,2.9673913788999895e-72,H1ESC
ENSG00000183671,4.239152851747864,7.278256126810494e-32,H1ESC
ENSG00000182534,4.045445593253521,2.8909146018089088e-84,H1ESC
ENSG00000145730,2.0802276260584485,2.9284414395723422e-24,H1ESC
ENSG00000240184,3.0200775925333416,9.120586286049258e-86,H1ESC
ENSG00000167617,4.822390858569396,1.3098671783541911e-55,H1ESC
ENSG00000187720,3.0649862235374306,4.926722687675552e-98,H1ESC
ENSG00000120820,3.4183092280837633,3.544353008360332e-61,H1ESC
ENSG00000227124,10.2400729092832,0.00010163150999126369,H1ESC
ENSG00000162734,3.107154211207404,3.5846334980797816e-103,H1ESC
ENSG00000170004,3.3193183858491726,9.350176804375352e-91,H1ESC
ENSG00000165092,9.060223725512625,4.90592894839716e-27,H1ESC
ENSG00000172667,3.565696657170774,1.721699185017317e-76,H1ESC
ENSG00000174306,3.7002222028602723,1.882202240548756e-152,H1ESC
ENSG00000113441,2.7347721204111677,8.480991489816401e-73,H1ESC
ENSG00000174132,2.408245034702606,1.8742271981356406e-20,H1ESC
ENSG00000260439,3.629591891408688,0.008229439763348943,H1ESC
ENSG00000107175,2.650329774087751,1.20966194697281e-78,H1ESC
ENSG00000170017,3.7534004838551707,5.430589533424257e-155,H1ESC
ENSG00000075945,3.278768752197914,5.4065625238539774e-76,H1ESC
ENSG00000152601,4.359417374940339,9.393793221491145e-191,H1ESC
ENSG00000124201,2.187341692875972,6.772288656867777e-62,H1ESC
ENSG00000184347,2.7789493786692736,6.17130577514486e-16,H1ESC
ENSG00000168917,2.490376501317706,5.031758967839126e-47,H1ESC
ENSG00000165996,2.128852568802105,7.728682649498483e-22,H1ESC
ENSG00000114850,2.2650363678353043,1.5755735289928353e-74,H1ESC
ENSG00000164010,2.078822778441532,1.9867046100031014e-23,H1ESC
ENSG00000120658,2.643520303639265,2.48220180039494e-05,H1ESC
ENSG00000259207,4.889247295976087,2.6023875924923956e-09,H1ESC
ENSG00000129636,2.504157819136385,6.407920541923816e-52,H1ESC
ENSG00000183283,2.197372699545903,2.7306142182621557e-42,H1ESC
ENSG00000163069,2.302239384768675,1.5591612114998894e-81,H1ESC
ENSG00000090097,3.1174947053982702,6.099694414398071e-90,H1ESC
ENSG00000168306,2.8230490707869724,7.803142673707927e-25,H1ESC
ENSG00000249669,6.394956732772336,3.969619878656421e-55,H1ESC
ENSG00000164294,2.274237107385436,1.6264134735995814e-76,H1ESC
ENSG00000164318,2.103727985071204,0.006299571250262275,H1ESC
ENSG00000262185,2.6427200752274125,0.00021538173656400687,H1ESC
ENSG00000285646,3.336335945094485,7.787710457658526e-07,H1ESC
ENSG00000134333,2.050669729143715,2.6288150794241916e-54,H1ESC
ENSG00000167740,2.126884895325145,9.270403201812414e-13,H1ESC
ENSG00000089225,9.261786703988328,1.699310683495969e-27,H1ESC
ENSG00000121851,3.2064619192228654,6.424962470026344e-16,H1ESC
ENSG00000282057,5.889793766332382,1.3087005720848167e-52,H1ESC
ENSG00000135272,2.453093487999125,1.3310739585811716e-29,H1ESC
ENSG00000116106,3.6756367985022163,1.0583174163125303e-83,H1ESC
ENSG00000168497,7.994028318100544,1.4854609523162307e-08,H1ESC
ENSG00000068971,2.3659336214912794,1.1428777149698947e-22,H1ESC
ENSG00000251314,3.0019670995477328,0.019299553182589996,H1ESC
ENSG00000013561,2.1067661181002855,2.3297654014210614e-35,H1ESC
ENSG00000185088,2.0072325475807866,2.534436824210621e-25,H1ESC
ENSG00000065833,3.2637003445901547,1.3481750780202313e-60,H1ESC
ENSG00000283175,4.5440818349986145,4.4811301154323094e-10,H1ESC
ENSG00000144579,2.208335519822822,1.5778487591725584e-75,H1ESC
ENSG00000126458,3.484521353118447,7.597478892752814e-90,H1ESC
ENSG00000103227,2.354736237736816,7.987862985265647e-18,H1ESC
ENSG00000134686,4.3612622627220645,9.065074813093253e-198,H1ESC
ENSG00000152133,2.2364113900119844,2.1642122984352888e-28,H1ESC
ENSG00000050165,5.256571834358589,4.333304788778714e-147,H1ESC
ENSG00000166548,3.8103118594610277,5.12898304994602e-69,H1ESC
ENSG00000139567,5.942166397731323,9.574448359360413e-17,H1ESC
ENSG00000157168,6.768934048408618,8.016764598791109e-140,H1ESC
ENSG00000172260,5.5078265726298445,1.1249422307604446e-152,H1ESC
ENSG00000227014,3.134109913868802,0.003780820339878765,H1ESC
ENSG00000068903,2.990016655466333,3.303250545257478e-72,H1ESC
ENSG00000267577,3.789913422783887,1.4438642235661416e-06,H1ESC
ENSG00000100417,3.1302235055240644,1.3712424090724527e-96,H1ESC
ENSG00000138623,4.0790214800896125,6.202816191915466e-76,H1ESC
ENSG00000140280,2.3858392893602356,9.468164791448992e-21,H1ESC
ENSG00000135480,4.517622701684143,1.9807018653056705e-07,H1ESC
ENSG00000112208,2.310421523690175,2.654329951819457e-63,H1ESC
ENSG00000102471,2.164988589601717,3.798434534960045e-24,H1ESC
ENSG00000137699,3.154519758765734,0.00018899297367095335,H1ESC
ENSG00000126562,5.391531085848593,5.3220104034294775e-92,H1ESC
ENSG00000177469,5.241975057063587,0.0,H1ESC
ENSG00000185022,2.2025806308054916,5.995902117886649e-28,H1ESC
ENSG00000163359,8.164737386141335,7.277383805436873e-252,H1ESC
ENSG00000183323,6.683734389034286,1.5576992556041804e-10,H1ESC
ENSG00000183287,5.825220938698476,2.8438065347143354e-159,H1ESC
ENSG00000142156,2.4844878033876996,1.0717698275742589e-63,H1ESC
ENSG00000232855,4.136328110456705,0.00352179942770449,H1ESC
ENSG00000146112,2.795667503333982,1.891206864445456e-111,H1ESC
ENSG00000135926,3.3389485408716344,1.0883399402791548e-165,H1ESC
ENSG00000138641,2.705040501396757,4.616894843378627e-30,H1ESC
ENSG00000198796,7.889621141215656,3.4877768279506065e-131,H1ESC
ENSG00000174945,3.4197738101680857,5.345506504735789e-25,H1ESC
ENSG00000255587,3.047218244496528,0.008099445253242622,H1ESC
ENSG00000141905,6.897960842815826,3.3738160136517996e-306,H1ESC
ENSG00000086696,7.022083812788,0.00817604106292685,H1ESC
ENSG00000168528,3.24094480457121,1.2713350859804152e-59,H1ESC
ENSG00000229989,3.6858636239492566,9.750912364526568e-06,H1ESC
ENSG00000180332,9.061935845864193,0.0006111067363212834,H1ESC
ENSG00000108854,2.6886997111783746,2.749741266903864e-18,H1ESC
ENSG00000153930,3.6338978595109808,0.010910526149301587,H1ESC
ENSG00000232295,5.507933209404931,0.024168720569114652,H1ESC
ENSG00000054392,4.442484819527051,1.076492784541392e-20,H1ESC
ENSG00000158747,4.1536713171230195,1.1614464144762425e-52,H1ESC
ENSG00000115993,2.229227836398062,2.31991488068516e-62,H1ESC
ENSG00000109072,3.1237983156710096,0.003995182499327586,H1ESC
ENSG00000134352,4.800562844024312,4.3497346194365405e-184,H1ESC
ENSG00000204592,2.796870903369005,4.091733495737732e-121,H1ESC
ENSG00000164733,5.22005403510383,2.6260501415016288e-145,H1ESC
ENSG00000147573,4.281745371272964,2.151191426169753e-05,H1ESC
ENSG00000144959,4.029174050208359,1.0135649773153567e-54,H1ESC
ENSG00000134109,2.3732162182419745,2.3978864990250567e-64,H1ESC
ENSG00000222009,4.356772973930515,1.4687265258257185e-38,H1ESC
ENSG00000070540,2.6376841214790305,1.0268672203755084e-40,H1ESC
ENSG00000152582,2.719487793478126,2.2032213281735033e-08,H1ESC
ENSG00000253159,3.6728869431986406,2.1137424470708085e-18,H1ESC
ENSG00000177694,5.957302174186585,2.1172013904660448e-44,H1ESC
ENSG00000168874,6.706273724780215,1.5917114799373082e-81,H1ESC
ENSG00000111077,3.9859985481864353,4.808214428293282e-72,H1ESC
ENSG00000145476,2.4770148127836715,4.1729511147590075e-17,H1ESC
ENSG00000117475,2.199668805459171,2.8858718815925373e-55,H1ESC
ENSG00000197208,5.573389494651537,8.213517734752344e-41,H1ESC
ENSG00000100345,2.0044094592957182,2.1569731852419935e-63,H1ESC
ENSG00000107957,3.5037935680794705,6.4651549922446725e-71,H1ESC
ENSG00000240889,2.064548942917467,3.00657966797101e-05,H1ESC
ENSG00000183011,2.460047404477002,3.411627072361004e-46,H1ESC
ENSG00000136010,3.7883566417190697,7.828020549277995e-97,H1ESC
ENSG00000140104,2.4106282409799387,1.251270746000659e-21,H1ESC
ENSG00000147650,2.3457906518432643,2.2960820849873577e-79,H1ESC
ENSG00000136153,5.074207351128913,5.1774232405745584e-200,H1ESC
ENSG00000272622,4.975931823783307,4.157374254355027e-06,H1ESC
ENSG00000150687,6.202435190384388,7.959205368643394e-152,H1ESC
ENSG00000175115,2.166545373034551,3.689909922392981e-63,H1ESC
ENSG00000006282,2.697594510510233,3.76601249083174e-86,H1ESC
ENSG00000130511,2.077922573317422,6.889982239518368e-42,H1ESC
ENSG00000133433,2.8962160646673287,2.5259094589428844e-11,H1ESC
ENSG00000139278,7.717174228018018,8.287985236536344e-151,H1ESC
ENSG00000120860,3.3813623034825664,3.2206400964309445e-57,H1ESC
ENSG00000147872,2.1848713305285203,7.906574409688352e-53,H1ESC
ENSG00000204054,4.882904937625068,7.984372099082084e-66,H1ESC
ENSG00000240498,3.7216441450987867,0.0006735788050232177,H1ESC
ENSG00000005238,3.602493298182183,1.3221223455955378e-95,H1ESC
ENSG00000119408,2.4260072765868665,4.401300491527913e-59,H1ESC
ENSG00000270124,3.559363363926216,1.7119470377049072e-05,H1ESC
ENSG00000147459,2.795213311632231,5.640169841049837e-71,H1ESC
ENSG00000255248,7.918013905679131,9.292934533844618e-181,H1ESC
ENSG00000187688,2.872034011907205,2.214897054116016e-05,H1ESC
ENSG00000187624,2.8260815943684996,4.752717056221009e-15,H1ESC
ENSG00000112851,2.3546512355201026,1.2133192888101267e-60,H1ESC
ENSG00000224080,2.4994118539189807,9.498398432574546e-06,H1ESC
ENSG00000273382,2.3415948755969795,3.966210234208075e-12,H1ESC
ENSG00000149591,3.2568971366119777,6.713967595948002e-94,H1ESC
ENSG00000110628,2.062407125263598,2.1909726401985126e-15,H1ESC
ENSG00000215386,4.1778281637912,0.0036624704309335676,H1ESC
ENSG00000224577,3.876674826682145,0.004954519742935651,H1ESC
ENSG00000168140,3.958284263696938,1.3172185770251384e-110,H1ESC
ENSG00000107282,4.722041679584691,1.9063492002647465e-102,H1ESC
ENSG00000275074,3.4712298776932013,2.0679450228695264e-28,H1ESC
ENSG00000196154,4.529285641197338,1.1440757701925892e-42,H1ESC
ENSG00000071967,4.181233463620304,3.3846502729521707e-180,H1ESC
ENSG00000145743,2.605712264624093,1.7774599142289302e-38,H1ESC
ENSG00000159216,8.477645626695132,1.3973258364875478e-126,H1ESC
ENSG00000049130,3.0926642801152853,2.3831103529902873e-31,H1ESC
ENSG00000111321,4.595192981192467,1.3952632429567946e-141,H1ESC
ENSG00000127870,2.114207965777757,1.5833499784235497e-60,H1ESC
ENSG00000146707,2.274840307507903,8.055276346542089e-16,H1ESC
ENSG00000245522,2.3726995807767794,2.086076427568933e-05,H1ESC
ENSG00000073921,2.3972327071156765,9.600826231439908e-63,H1ESC
ENSG00000138829,4.194373722048626,7.951460538704478e-86,H1ESC
ENSG00000279822,3.2879352289101678,1.4596762376527402e-12,H1ESC
ENSG00000155016,2.7464309900168242,3.1313063442781157e-52,H1ESC
ENSG00000107611,4.088177975569561,9.59243934123939e-14,H1ESC
ENSG00000119673,2.358393863203037,1.27232858160581e-22,H1ESC
ENSG00000127124,4.832242784863394,2.091189884621963e-87,H1ESC
ENSG00000110031,6.248576579836869,5.5868584594923154e-55,H1ESC
ENSG00000179136,3.3522091391462085,0.013648890440407246,H1ESC
ENSG00000250240,5.7989769270896145,0.018663459187259968,H1ESC
ENSG00000142227,5.05194939864229,9.209695226859192e-258,H1ESC
ENSG00000166130,3.6337382436808516,2.5643146948523582e-127,H1ESC
ENSG00000134013,4.295071270081594,2.7130641386919974e-170,H1ESC
ENSG00000142733,2.1273420397904577,1.3458540375021372e-34,H1ESC
ENSG00000106546,2.6988156118294344,3.1145228239720485e-66,H1ESC
ENSG00000115380,2.188907732903469,1.4787640620674055e-36,H1ESC
ENSG00000222000,2.0545296348826096,0.032491466715441966,H1ESC
ENSG00000135631,2.988511813229956,6.886530838117122e-158,H1ESC
ENSG00000100292,2.1102840774376985,3.3634496806999715e-11,H1ESC
ENSG00000248905,2.5444443236996492,2.800474647567821e-24,H1ESC
ENSG00000102886,2.1256718938363917,0.0003285751531447614,H1ESC
ENSG00000166033,2.379709877642089,1.3707518102701669e-40,H1ESC
ENSG00000151929,3.2680125715811377,1.7014886216723177e-127,H1ESC
ENSG00000129116,2.6087346732300967,1.9312416192892246e-21,H1ESC
ENSG00000143499,3.1112485765598112,3.5414019088256115e-52,H1ESC
ENSG00000153993,2.789849283676096,8.753924493962168e-28,H1ESC
ENSG00000115252,5.612918696601084,8.942222915481318e-16,H1ESC
ENSG00000166147,7.909842122821474,0.0,H1ESC
ENSG00000136048,4.856271973934784,2.1165606461764966e-198,H1ESC
ENSG00000176171,2.08358002273125,3.0112137010124436e-28,H1ESC
ENSG00000117758,2.8454952982768122,3.6792125743089076e-35,H1ESC
ENSG00000173626,4.471569773559926,0.048166033750743964,H1ESC
ENSG00000151067,2.968823970426868,1.1027927536089934e-27,H1ESC
ENSG00000180875,7.817600420761921,3.1186813094288734e-20,H1ESC
ENSG00000079150,3.343702648234888,2.6717216833985202e-64,H1ESC
ENSG00000155957,2.1684256344004287,8.906577762045481e-13,H1ESC
ENSG00000223403,7.0913449581966335,1.5591884570436326e-06,H1ESC
ENSG00000164761,5.62691381956161,7.662771322143352e-156,H1ESC
ENSG00000104325,2.0491774658136714,2.8609286822821296e-36,H1ESC
ENSG00000171488,2.130040992387781,1.829235578046859e-11,H1ESC
ENSG00000261553,3.3925280026157263,1.5183492361437768e-19,H1ESC
ENSG00000116117,2.190224105160801,2.1540390045249852e-27,H1ESC
ENSG00000081189,3.1067284789691554,4.286535508829827e-14,H1ESC
ENSG00000105270,2.1323929581298136,3.433394721360159e-28,H1ESC
ENSG00000110880,2.569936571532899,5.413103854086231e-68,H1ESC
ENSG00000174332,2.900532774408129,3.677986355105017e-07,H1ESC
ENSG00000162542,2.8140507251383644,2.5272306900228203e-17,H1ESC
ENSG00000142794,2.6577547333353757,2.210272965611796e-37,H1ESC
ENSG00000170634,2.19514183559568,6.132767858068939e-11,H1ESC
ENSG00000219626,2.503787859159783,7.82306092232034e-14,H1ESC
ENSG00000115145,2.306321774658664,4.742991299259835e-40,H1ESC
ENSG00000278107,2.9749369932800076,0.005769700583609429,H1ESC
ENSG00000180481,2.1297547188120545,0.010937996213625505,H1ESC
ENSG00000085276,4.197456538754171,9.29277880083416e-17,H1ESC
ENSG00000122008,2.170070802271195,6.320155758695734e-51,H1ESC
ENSG00000173614,3.0279226640259376,1.071776584946188e-37,H1ESC
ENSG00000106397,2.4065827682498235,9.252198325476868e-46,H1ESC
ENSG00000091436,4.262366387556085,4.5754046695604765e-295,H1ESC
ENSG00000172159,3.1893268361161007,4.5344686600314176e-14,H1ESC
ENSG00000273143,3.00086939046363,0.0051728039954142095,H1ESC
ENSG00000233452,4.604955264117128,5.453766624912151e-13,H1ESC
ENSG00000140836,4.917487079614154,1.9311668988196955e-84,H1ESC
ENSG00000146674,7.693300380561155,0.0,H1ESC
ENSG00000172927,5.977159370538558,4.0819890938002554e-36,H1ESC
ENSG00000188662,4.17537433869782,0.00011730402019276078,H1ESC
ENSG00000182612,4.375509607637475,7.027446832971059e-45,H1ESC
ENSG00000156860,2.611238531113528,3.508639819097344e-78,H1ESC
ENSG00000106829,2.41161197869059,3.79832517202943e-32,H1ESC
ENSG00000064042,3.806769402274159,0.0016230770275773702,H1ESC
ENSG00000173546,5.29470099209473,2.344517835626382e-207,H1ESC
ENSG00000143458,2.6055637005631778,1.3930522476549105e-39,H1ESC
ENSG00000254245,4.841375848932065,2.843574744633722e-12,H1ESC
ENSG00000170545,2.3909422701368577,9.859795678738848e-29,H1ESC
ENSG00000236130,5.027050873249363,0.0006246117713170241,H1ESC
ENSG00000178033,4.753445700313889,6.897063210242869e-19,H1ESC
ENSG00000139433,2.100511933440256,3.8505880404873526e-69,H1ESC
ENSG00000092969,3.1566681607947396,1.9031584276259033e-07,H1ESC
ENSG00000175348,3.132077144433835,5.264247214417206e-54,H1ESC
ENSG00000245975,2.219114754473593,0.0009771476535329437,H1ESC
ENSG00000139291,2.064157157661092,3.6422782141780514e-26,H1ESC
ENSG00000182752,4.878072640060796,9.935475488623616e-73,H1ESC
ENSG00000126709,2.2295812172181106,2.110492194011904e-14,H1ESC
ENSG00000082126,5.969363830613895,5.5863647538333633e-14,H1ESC
ENSG00000232807,3.0779894824548277,0.0175442282674092,H1ESC
ENSG00000273680,2.266240418625339,0.00015761658140510377,H1ESC
ENSG00000197780,2.0556066266217097,6.125270100298593e-20,H1ESC
ENSG00000143382,3.5346793738574203,2.1604918658749446e-43,H1ESC
ENSG00000126860,6.1936977844650665,0.014007180162122778,H1ESC
ENSG00000164296,2.7522862663549748,3.295848212384642e-28,H1ESC
ENSG00000198853,3.691688184904856,1.691947314960518e-110,H1ESC
ENSG00000140092,5.950398899726073,9.033794339182576e-117,H1ESC
ENSG00000225339,4.5114710303231735,2.370962804979654e-14,H1ESC
ENSG00000034152,3.0552038978297054,2.4830592802280556e-96,H1ESC
ENSG00000275023,2.611345589189609,2.2795064169492255e-68,H1ESC
ENSG00000145632,2.1942646678185023,1.590933344319034e-34,H1ESC
ENSG00000113721,4.192157021049673,4.674170962172395e-121,H1ESC
ENSG00000261253,2.137129231686987,0.00777449564912405,H1ESC
ENSG00000122490,2.0218751866198046,2.745816497149332e-23,H1ESC
ENSG00000169189,2.518546385209143,7.265202517265242e-54,H1ESC
ENSG00000222035,2.8198629279422973,0.02486110287467751,H1ESC
ENSG00000134330,2.5177259414696636,1.3335570420920611e-51,H1ESC
ENSG00000214944,3.761159845439574,9.776500231669931e-38,H1ESC
ENSG00000177453,2.9063950886846146,0.00703658796215497,H1ESC
ENSG00000070404,4.681346705908879,3.042446783665855e-150,H1ESC
ENSG00000107796,6.251010824419056,2.3302607469715168e-95,H1ESC
ENSG00000196526,3.259929286884111,5.906032653004952e-149,H1ESC
ENSG00000163659,3.9390633510850024,1.2707888989225848e-129,H1ESC
ENSG00000067167,2.490477645258235,8.088371485689474e-37,H1ESC
ENSG00000112414,3.8981438496501855,1.2896982213854033e-25,H1ESC
ENSG00000104331,2.228216901083049,5.142636180588323e-80,H1ESC
ENSG00000143344,2.913469899815743,2.8539858334676786e-50,H1ESC
ENSG00000075223,6.4121441539779855,3.431170881839978e-143,H1ESC
ENSG00000144043,2.5003501508005503,1.5641167795867673e-97,H1ESC
ENSG00000184743,2.7574997846547706,1.0262503224619226e-148,H1ESC
ENSG00000237187,4.34040610578862,4.790923179528484e-50,H1ESC
ENSG00000109436,4.3171324149094765,3.2633646174333896e-115,H1ESC
ENSG00000119681,7.999079458116786,2.52600564152018e-258,H1ESC
ENSG00000197324,3.9535824572600307,6.9621167733196784e-245,H1ESC
ENSG00000054793,2.444758651247064,1.1129495932230592e-26,H1ESC
ENSG00000162643,2.4409466465260117,1.9629117638038062e-05,H1ESC
ENSG00000153066,2.3480532527011158,1.623829303281869e-48,H1ESC
ENSG00000128791,2.9622504596471075,8.380117759012578e-88,H1ESC
ENSG00000138193,2.77445056287229,6.201638689231923e-07,H1ESC
ENSG00000145040,5.5887021776548,4.2263324766117155e-10,H1ESC
ENSG00000112561,2.6549177694922967,2.029820293541655e-22,H1ESC
ENSG00000072163,3.9134265824149694,1.8634577846537223e-97,H1ESC
ENSG00000169554,9.730664701183056,5.872173092541094e-66,H1ESC
ENSG00000141526,7.255136248300458,0.0,H1ESC
ENSG00000173221,3.3619079525604305,2.959801920397243e-75,H1ESC
ENSG00000175416,3.28571500220252,1.891576781916252e-128,H1ESC
ENSG00000124813,3.364758177481269,1.3473242125016623e-40,H1ESC
ENSG00000064012,2.4606412329489,3.532480371735127e-29,H1ESC
ENSG00000163431,5.264550748307323,3.7677951205911813e-48,H1ESC
ENSG00000150456,2.2047272707471435,1.3172548429611086e-13,H1ESC
ENSG00000076513,3.5994712461514373,1.231967693724971e-189,H1ESC
ENSG00000205795,2.2131682822772576,0.006703660946377292,H1ESC
ENSG00000203805,8.592362870693204,1.470214477779777e-15,H1ESC
ENSG00000164418,4.759883245618045,1.1756957035362403e-83,H1ESC
ENSG00000152492,2.676173078516937,1.4737995958300694e-60,H1ESC
ENSG00000113580,3.8070241062490036,6.737958692925532e-141,H1ESC
ENSG00000227482,2.230066882858974,0.04583197729167928,H1ESC
ENSG00000093167,2.735999684242226,5.778302672796637e-116,H1ESC
ENSG00000162614,4.836756487935236,1.189326917979399e-114,H1ESC
ENSG00000164850,4.571714890628812,2.5577410106331685e-25,H1ESC
ENSG00000179833,2.761862574862848,1.1464705930656433e-60,H1ESC
ENSG00000162241,3.668195696691879,2.7090171987300028e-20,H1ESC
ENSG00000255197,4.492269133895796,0.04760881568201375,H1ESC
ENSG00000176472,4.150722073587122,1.3997964874694914e-05,H1ESC
ENSG00000074842,2.9936902914054424,3.5370150671359294e-106,H1ESC
ENSG00000183963,4.163171974717927,1.828591416225838e-86,H1ESC
ENSG00000166479,2.148487169404491,2.1483154991563853e-78,H1ESC
ENSG00000171408,9.880642511199726,0.0005634734179069778,H1ESC
ENSG00000183741,2.184098319740369,2.6408544347996095e-54,H1ESC
ENSG00000074416,8.876471021745912,2.7142538985768473e-162,H1ESC
ENSG00000160991,2.014245809909615,1.3956342095690901e-33,H1ESC
ENSG00000143669,6.229263477411891,4.500423294496831e-100,H1ESC
ENSG00000232977,4.77490641727309,4.4041829357538616e-13,H1ESC
ENSG00000105928,3.154103839074951,1.296674357981006e-63,H1ESC
ENSG00000163171,3.69950995095068,2.964539203042164e-80,H1ESC
ENSG00000167995,2.729119425576104,4.7268722172628105e-06,H1ESC
ENSG00000277152,4.269198225403818,4.247327026326648e-06,H1ESC
ENSG00000107959,2.2650681460361897,3.4124313959156464e-77,H1ESC
ENSG00000166317,4.368130904508447,7.627928008883234e-15,H1ESC
ENSG00000148834,3.1274720577804627,3.229066123091701e-109,H1ESC
ENSG00000010704,3.8024761587011278,8.268601210262144e-55,H1ESC
ENSG00000128591,6.0291784213282,0.0,H1ESC
ENSG00000091136,2.078378875233347,2.8185656635524227e-74,H1ESC
ENSG00000279232,2.2750936835362503,0.0016943087367701645,H1ESC
ENSG00000165424,2.9086901402230336,2.0920826919031635e-91,H1ESC
ENSG00000145390,3.7647358516006464,1.5511368163687414e-51,H1ESC
ENSG00000164465,2.3818159492330415,2.2448430467465635e-29,H1ESC
ENSG00000173706,3.5324747867462505,3.773053871169189e-96,H1ESC
ENSG00000103196,2.115768012588747,6.926261765730696e-32,H1ESC
ENSG00000101160,2.9963396273148457,3.9998383490895237e-28,H1ESC
ENSG00000064601,2.2161308759729064,4.9153650118411775e-62,H1ESC
ENSG00000110013,3.120026558566714,4.313928826918115e-35,H1ESC
ENSG00000137478,3.2258075743752324,7.835807722630318e-106,H1ESC
ENSG00000109846,5.048557417755899,1.7649538169067303e-29,H1ESC
ENSG00000013588,7.3154499624277785,1.2235615495011752e-171,H1ESC
ENSG00000107281,2.093240057710646,4.523818870260619e-21,H1ESC
ENSG00000151093,2.722518520477889,1.2824218763788104e-19,H1ESC
ENSG00000104419,3.511521945123432,4.1614234134297867e-91,H1ESC
ENSG00000249279,6.488481025785174,0.011899385622091847,H1ESC
ENSG00000130005,2.2264102479130483,4.945979844098153e-30,H1ESC
ENSG00000123146,5.344024719921873,3.2943026421643057e-125,H1ESC
ENSG00000101298,2.26144207722935,8.260718330580873e-43,H1ESC
ENSG00000078804,2.313755193385988,9.035930139331667e-20,H1ESC
ENSG00000117472,4.753912234452019,0.0008703623845762942,H1ESC
ENSG00000100299,2.6203697077566357,9.392986326029358e-59,H1ESC
ENSG00000026103,4.295438435761747,2.6829854105695806e-147,H1ESC
ENSG00000008513,2.312745383358313,2.688637081240168e-48,H1ESC
ENSG00000101335,3.2570719138004276,4.522995181669369e-58,H1ESC
ENSG00000241399,2.264827231477167,4.6464746854481905e-07,H1ESC
ENSG00000157613,5.002806960544158,2.214116231096221e-291,H1ESC
ENSG00000138674,2.058359563726093,8.085238373122531e-44,H1ESC
ENSG00000081853,3.220657548577597,1.8560663756401321e-10,H1ESC
ENSG00000163110,2.155086912681872,4.8120285436667345e-21,H1ESC
ENSG00000033100,3.286194757770415,2.216612031131263e-101,H1ESC
ENSG00000075426,4.688293860051035,1.1205161046299823e-180,H1ESC
ENSG00000115310,2.2377877531536323,4.468116417297359e-60,H1ESC
ENSG00000167671,2.5311511695447146,3.801194730710623e-60,H1ESC
ENSG00000154237,2.485128296230975,3.12166872134289e-42,H1ESC
ENSG00000185652,2.339565366734964,2.528426820801348e-09,H1ESC
ENSG00000168785,2.1735569218334923,5.804305793747766e-46,H1ESC
ENSG00000058668,4.86442439371512,1.3193466587453832e-273,H1ESC
ENSG00000276023,2.690910520298043,5.914702806722538e-51,H1ESC
ENSG00000099957,5.118956188686553,2.20222123006846e-10,H1ESC
ENSG00000173482,3.4732278915595645,1.215826010268758e-80,H1ESC
ENSG00000108187,3.189882580750768,1.1771136193577323e-20,H1ESC
ENSG00000114166,4.086714108138857,1.915921495439621e-45,H1ESC
ENSG00000131981,3.394328774058929,1.016818213895502e-74,H1ESC
ENSG00000207561,4.098461716283467,2.2370315167820593e-07,H1ESC
ENSG00000240764,2.6072719371522037,3.842596903417763e-10,H1ESC
ENSG00000245680,2.3429788951160804,3.1014875329692723e-21,H1ESC
ENSG00000246430,11.177701135359143,2.483355288747176e-05,H1ESC
ENSG00000123684,2.0278856205427034,1.5129040873339275e-38,H1ESC
ENSG00000108557,5.1533558959387165,5.109440287616288e-174,H1ESC
ENSG00000101439,2.6587271126113965,1.857524866014266e-51,H1ESC
ENSG00000172638,5.811524943913699,7.298961871539266e-306,H1ESC
ENSG00000213965,2.727140772792379,1.2072004122798219e-33,H1ESC
ENSG00000179954,5.412677003492768,3.238637126438052e-194,H1ESC
ENSG00000172081,2.803426021216161,1.2154827686408698e-96,H1ESC
ENSG00000198431,2.8870293324298495,3.9714589331485704e-35,H1ESC
ENSG00000148057,3.950448361004654,5.969041585708559e-12,H1ESC
ENSG00000148908,2.569076648032933,1.0705491480520875e-34,H1ESC
ENSG00000107798,2.596690054211975,4.223276119120481e-23,H1ESC
ENSG00000145284,5.404809049571794,1.7621271769160138e-114,H1ESC
ENSG00000120675,2.530280055402186,1.965808090377509e-44,H1ESC
ENSG00000184838,6.759046670692679,5.772319507660836e-77,H1ESC
ENSG00000130402,2.007145245181553,1.6460283430178825e-28,H1ESC
ENSG00000138395,13.492892453484588,3.3801605690816347e-07,H1ESC
ENSG00000152223,2.535218611834243,3.5080961574696926e-29,H1ESC
ENSG00000148516,8.728825294556062,2.25022581745817e-84,H1ESC
ENSG00000145287,2.651010480036627,1.933883037263845e-05,H1ESC
ENSG00000156535,3.480441415006343,8.324114332677939e-57,H1ESC
ENSG00000076641,4.897969082948331,1.236108786689405e-38,H1ESC
ENSG00000204767,8.710310664444851,1.4839529519669354e-24,H1ESC
ENSG00000084636,3.562479926645927,2.9442440860763993e-84,H1ESC
ENSG00000115318,2.190729075927539,8.993329117671283e-40,H1ESC
ENSG00000149380,5.05080534233972,4.225339447636594e-08,H1ESC
ENSG00000108846,6.835491624399792,7.361767505702855e-60,H1ESC
ENSG00000267169,3.3734447833742,3.530014239939503e-09,H1ESC
ENSG00000100003,2.9624129000664157,1.4239352374788112e-29,H1ESC
ENSG00000134775,2.167040148114725,3.562499067782498e-14,H1ESC
ENSG00000003402,6.723632430617241,2.3115446366224915e-155,H1ESC
ENSG00000174136,3.68640799226788,8.731823129735241e-113,H1ESC
ENSG00000063438,6.527381196552843,4.467308667229372e-84,H1ESC
ENSG00000087245,3.69739342112716,9.706995466889828e-170,H1ESC
ENSG00000183160,5.922816091049636,1.2245564576608013e-43,H1ESC
ENSG00000139437,2.181024174210198,5.194634967682647e-23,H1ESC
ENSG00000119401,2.2399942743456913,4.6749183080660124e-52,H1ESC
ENSG00000112769,8.527610379591852,1.351227067973235e-147,H1ESC
ENSG00000177234,5.760699920110396,0.019847983332905293,H1ESC
ENSG00000149596,3.63381226769412,6.137459435302033e-35,H1ESC
ENSG00000172380,2.8346679490719016,2.5419583721039273e-123,H1ESC
ENSG00000226380,4.099752626754876,4.5219845851865006e-31,H1ESC
ENSG00000100242,3.7997190704440698,1.8841682657750837e-102,H1ESC
ENSG00000187796,3.5353295668139104,0.00018907262581514453,H1ESC
ENSG00000123240,2.703324890406018,3.1830645471621414e-73,H1ESC
ENSG00000132429,2.84367226635488,4.678160322526747e-22,H1ESC
ENSG00000073417,2.1935676683356973,2.2086697875157402e-41,H1ESC
ENSG00000125841,2.183169301103422,1.4799748176035945e-46,H1ESC
ENSG00000231672,4.246014679192055,0.0026092637950007203,H1ESC
ENSG00000257219,7.167098054441599,1.3367344002815236e-06,H1ESC
ENSG00000118680,2.3439154327901077,2.3621754506151907e-103,H1ESC
ENSG00000151917,2.73618335889523,1.6771332046609786e-37,H1ESC
ENSG00000163491,4.222036822112036,4.581306742295972e-23,H1ESC
ENSG00000147408,3.33526772460962,0.003706065006573546,H1ESC
ENSG00000183722,2.43430400939492,1.0002274758804586e-50,H1ESC
ENSG00000115084,2.703482624199535,1.4704385667899454e-45,H1ESC
ENSG00000011028,4.089116104877033,1.4343328584061496e-256,H1ESC
ENSG00000071205,2.906356073093939,4.388680622978602e-74,H1ESC
ENSG00000100234,6.987487611174454,7.098470740823866e-206,H1ESC
ENSG00000072657,4.329011123511726,5.818785876160244e-94,H1ESC
ENSG00000205562,4.850851647416071,8.58657445099206e-06,H1ESC
ENSG00000102805,2.1275008551887042,1.0608639617561716e-19,H1ESC
ENSG00000106333,3.047881376982094,4.336305120160059e-71,H1ESC
ENSG00000144306,2.423702846230499,4.865938911577859e-39,H1ESC
ENSG00000136478,2.342252662862286,8.333306448372542e-35,H1ESC
ENSG00000177738,2.4896563954959174,3.316530494690548e-07,H1ESC
ENSG00000130635,5.306030786518375,1.2425123784341084e-143,H1ESC
ENSG00000120910,2.5531829312746055,1.3875158536362504e-30,H1ESC
ENSG00000104361,3.924073919629892,1.2757131063317106e-61,H1ESC
ENSG00000285906,7.098403924142178,0.005322051465994536,H1ESC
ENSG00000253161,6.97209460947266,1.3889764147184402e-06,H1ESC
ENSG00000224066,2.343688126683199,5.6318479358905236e-05,H1ESC
ENSG00000184226,3.3335377632610985,1.6320067139048826e-12,H1ESC
ENSG00000068079,3.0360619491807825,2.8335837446476756e-07,H1ESC
ENSG00000130529,2.406784517631418,7.038954459352458e-42,H1ESC
ENSG00000111331,2.9404530887748517,1.3118028581521637e-11,H1ESC
ENSG00000106991,6.23250691480281,0.0,H1ESC
ENSG00000197826,8.543642419253434,0.0009889723992653479,H1ESC
ENSG00000221818,4.737814839744033,1.0467741926271052e-05,H1ESC
ENSG00000035862,4.4042094121068605,1.0882263749870226e-201,H1ESC
ENSG00000167772,2.0834392763538934,0.0004968774530396881,H1ESC
ENSG00000105355,2.711024595095951,1.2891690823827152e-123,H1ESC
ENSG00000100300,4.816562285751592,2.7814903147440684e-209,H1ESC
ENSG00000099377,3.099326320186936,1.7147237523041897e-41,H1ESC
ENSG00000182326,3.1794913592395364,1.0330545724262524e-60,H1ESC
ENSG00000256268,9.304025301601003,0.000344954995156219,H1ESC
ENSG00000180525,3.047000913980513,0.02088534770949685,H1ESC
ENSG00000114670,5.332637770609043,5.984256060804016e-13,H1ESC
ENSG00000168398,6.078348128386273,3.744436665509442e-36,H1ESC
ENSG00000160789,5.233823896561243,1.1541785942491732e-178,H1ESC
ENSG00000143387,3.151264263469578,0.003653372330018529,H1ESC
ENSG00000146648,4.649552607343763,1.158007045223746e-190,H1ESC
ENSG00000108819,2.847950344309558,1.507928351096492e-110,H1ESC
ENSG00000170734,2.8544306743775443,1.88898242805578e-54,H1ESC
ENSG00000111961,2.370125056145064,1.4876232573368545e-43,H1ESC
ENSG00000182670,2.3122504376345443,6.82935771365539e-45,H1ESC
ENSG00000158186,2.9829360006072103,6.5611477079341285e-50,H1ESC
ENSG00000171992,5.038351961033652,1.1382518973535027e-138,H1ESC
ENSG00000111863,2.031976500573554,0.015246057892951408,H1ESC
ENSG00000229619,5.684328955604463,2.7490039052270737e-57,H1ESC
ENSG00000151320,4.609355106775429,8.471660205427932e-32,H1ESC
ENSG00000121039,5.068590997244369,3.433319861163211e-48,H1ESC
ENSG00000229124,3.667464950304521,4.2118532594269854e-41,H1ESC
ENSG00000164023,7.3992314541798025,2.344050351387178e-73,H1ESC
ENSG00000117525,6.205575542777841,1.6106330029743502e-52,H1ESC
ENSG00000024422,5.273204374702851,1.6385726661834868e-269,H1ESC
ENSG00000140937,6.290626701291463,0.0,H1ESC
ENSG00000131634,8.670607442090331,4.238938218947229e-23,H1ESC
ENSG00000226149,5.757768280001076,5.802934401917433e-05,H1ESC
ENSG00000161217,2.042741913974749,3.086067525714109e-57,H1ESC
ENSG00000091656,3.9223070383184,1.0181875978155307e-79,H1ESC
ENSG00000162520,9.13307328358035,3.952627676434402e-49,H1ESC
ENSG00000134897,2.20712869520619,1.0627378341155245e-17,H1ESC
ENSG00000206129,3.3399947235291583,0.0019419233066048115,H1ESC
ENSG00000073331,5.062957733136343,1.8747712643829265e-35,H1ESC
ENSG00000157593,2.323097028646932,2.127645034056935e-80,H1ESC
ENSG00000123500,5.906186195974329,3.753981122708706e-05,H1ESC
ENSG00000079308,5.468812117680961,0.0,H1ESC
ENSG00000171132,3.0354918109794227,3.0198822733370367e-52,H1ESC
ENSG00000144583,4.634165498831128,5.48729409977187e-100,H1ESC
ENSG00000072682,5.213829520856151,4.0140827321556935e-157,H1ESC
ENSG00000119986,2.299458170788728,9.545600437620076e-26,H1ESC
ENSG00000240875,3.092266376018777,2.3951017906396414e-22,H1ESC
ENSG00000203724,5.173759855517141,3.217006183151713e-17,H1ESC
ENSG00000085998,2.0864292596522573,5.046378916523058e-49,H1ESC
ENSG00000173846,2.9963342011126026,2.250168996599522e-86,H1ESC
ENSG00000122641,3.782014670295091,2.0084806645965412e-45,H1ESC
ENSG00000171533,2.140823707628446,0.0002354405147003648,H1ESC
ENSG00000140577,2.7235144216403016,5.488958784066119e-78,H1ESC
ENSG00000163297,5.198368265334352,6.025753054281516e-188,H1ESC
ENSG00000119632,3.733203854720571,8.32334606599888e-69,H1ESC
ENSG00000072110,2.2137926036370703,1.0345724885285576e-101,H1ESC
ENSG00000224186,6.309839364830314,1.2350467380431466e-05,H1ESC
ENSG00000259370,2.1423575188516506,0.009744820391549225,H1ESC
ENSG00000103335,2.728890510460753,4.6322011035458786e-144,H1ESC
ENSG00000177508,2.673511484582656,4.1210584112458076e-07,H1ESC
ENSG00000285294,2.727382007359691,0.01125012450371622,H1ESC
ENSG00000111799,6.034046633750427,1.0472177466966224e-181,H1ESC
ENSG00000122786,3.154253431918522,2.022934435809638e-37,H1ESC
ENSG00000075790,2.433983439765427,1.1922725973800242e-54,H1ESC
ENSG00000171302,2.028295792334178,4.886015254546328e-52,H1ESC
ENSG00000105329,4.374385817907012,1.0518024822220965e-206,H1ESC
ENSG00000140688,2.0733977342300003,6.378038876068474e-37,H1ESC
ENSG00000260641,2.1641007966665784,4.459634008889285e-06,H1ESC
ENSG00000093010,4.216148542826466,2.816279241060642e-135,H1ESC
ENSG00000171451,2.309314971380376,1.7821272578937386e-79,H1ESC
ENSG00000159479,2.0329067703451433,1.4776024709441554e-53,H1ESC
ENSG00000106012,2.172875839483877,3.892397127299311e-49,H1ESC
ENSG00000176014,2.429603201700956,1.023112097445339e-43,H1ESC
ENSG00000174130,3.5994811281109245,1.513854242961317e-08,H1ESC
ENSG00000281392,3.5352120708978063,0.010705061009969314,H1ESC
ENSG00000163520,2.601555023252958,1.0165820780152819e-60,H1ESC
ENSG00000134369,-6.584252450274925,1.1051477611456254e-286,GM12878
ENSG00000126603,-5.551542096521869,4.7260643997937635e-134,GM12878
ENSG00000147852,-3.214272590731482,1.5575297683538833e-37,GM12878
ENSG00000166833,-2.824082632848616,8.247536538401301e-17,GM12878
ENSG00000019144,-9.504254380008238,1.5402681301817405e-151,GM12878
ENSG00000186019,-2.731086305883994,8.396074984867347e-06,GM12878
ENSG00000050820,-3.6976222037122835,1.444634852592934e-163,GM12878
ENSG00000181004,-2.5950976490936255,3.0220521825812837e-12,GM12878
ENSG00000183255,-2.879155024438721,9.382402540709407e-127,GM12878
ENSG00000115884,-2.0668153248832493,3.3887719936444103e-22,GM12878
ENSG00000132329,-2.5248711377675788,0.024596519179013916,GM12878
ENSG00000095539,-3.4172725621815623,9.766910311859459e-09,GM12878
ENSG00000198795,-5.8279396195410245,2.114237563356365e-10,GM12878
ENSG00000109501,-3.9706390016397726,1.2603839370612107e-96,GM12878
ENSG00000186297,-8.088786896630594,6.250027620703184e-08,GM12878
ENSG00000136859,-3.664138899940555,9.070312341884186e-61,GM12878
ENSG00000070087,-6.563982369503922,2.053082148577828e-291,GM12878
ENSG00000166813,-7.050177555892847,7.03135773902411e-124,GM12878
ENSG00000164483,-2.135077211453254,0.0008849876252040199,GM12878
ENSG00000114107,-2.3576458228267128,7.903206962998326e-17,GM12878
ENSG00000151376,-4.4599672496043645,2.6836454180075464e-16,GM12878
ENSG00000164542,-4.304072323271033,1.3476030469326979e-08,GM12878
ENSG00000149782,-2.5691700696174045,4.4813589774688465e-54,GM12878
ENSG00000262209,-4.234583181765812,4.5953547714167015e-26,GM12878
ENSG00000150787,-2.5337536684487088,5.85521409431782e-59,GM12878
ENSG00000112210,-2.846015427344872,7.848795118309195e-54,GM12878
ENSG00000198722,-6.898780233848145,8.344223479534668e-114,GM12878
ENSG00000161381,-4.016910795061906,0.00023703386503416753,GM12878
ENSG00000168056,-4.134474579125649,1.8612606032117772e-138,GM12878
ENSG00000178104,-3.6651104902987677,1.9359779054401287e-82,GM12878
ENSG00000099953,-3.0074326678387555,2.3360525671953785e-09,GM12878
ENSG00000160345,-3.4832870975578825,5.091293314227116e-11,GM12878
ENSG00000134852,-2.1242945529391912,2.48416675477861e-59,GM12878
ENSG00000154096,-8.025126149766606,0.0,GM12878
ENSG00000164291,-2.748227541923608,8.746616095182255e-33,GM12878
ENSG00000173517,-2.014681628204872,7.051620563871742e-44,GM12878
ENSG00000125868,-3.862691103459812,2.8334897332161975e-127,GM12878
ENSG00000271978,-2.064370681041921,0.04065687326549074,GM12878
ENSG00000039560,-6.753273597739137,0.0,GM12878
ENSG00000185561,-4.959011870001991,8.177037217035755e-41,GM12878
ENSG00000187824,-7.258277845762673,8.785440078554984e-07,GM12878
ENSG00000100852,-2.827438783658164,5.787359636923885e-72,GM12878
ENSG00000138738,-6.690788371025389,1.0403425243632762e-30,GM12878
ENSG00000161203,-2.4275634498668697,3.191867093249229e-129,GM12878
ENSG00000175600,-4.608581950426166,2.9070959951001037e-20,GM12878
ENSG00000106624,-8.757949638669048,3.7616007821276066e-157,GM12878
ENSG00000148680,-4.439072067672716,0.0030406914663683514,GM12878
ENSG00000073711,-9.25227187462229,5.613559280782687e-59,GM12878
ENSG00000072364,-2.57070850892816,1.726399697892451e-87,GM12878
ENSG00000128829,-2.1168007605287715,8.381651925142311e-65,GM12878
ENSG00000183723,-5.9316122983346675,2.683827487783122e-95,GM12878
ENSG00000061337,-12.486396526357844,3.3211602959849872e-06,GM12878
ENSG00000117020,-7.286685100460277,6.059555712919847e-191,GM12878
ENSG00000142089,-7.664087328836004,1.0673097346075703e-173,GM12878
ENSG00000158445,-2.1556596367080645,0.031094859468714472,GM12878
ENSG00000137177,-7.8351437131177075,1.702345374153122e-216,GM12878
ENSG00000175866,-5.7093539445366845,1.605606030802743e-75,GM12878
ENSG00000188157,-2.2639979897337925,8.768915943398583e-85,GM12878
ENSG00000205476,-3.2417783498176878,9.456231892037947e-58,GM12878
ENSG00000204388,-2.044026179093058,1.3571695585035455e-31,GM12878
ENSG00000012822,-2.1992885869874295,7.930069671124749e-45,GM12878
ENSG00000266028,-2.8024392040217903,5.429306351005577e-89,GM12878
ENSG00000169814,-2.7526442411021557,5.776454953079783e-32,GM12878
ENSG00000141542,-2.9240890365093737,4.621761366789155e-19,GM12878
ENSG00000187678,-6.243563641461258,2.2359596182084463e-136,GM12878
ENSG00000008441,-6.790328470682979,8.973810347483293e-240,GM12878
ENSG00000173267,-3.377373096570164,5.683319357216744e-06,GM12878
ENSG00000145244,-3.003182198663937,0.006171689822789342,GM12878
ENSG00000164949,-2.237852626216667,1.3913917286319315e-09,GM12878
ENSG00000256229,-3.9724575650183165,9.334012969959876e-16,GM12878
ENSG00000067208,-3.912245975386215,2.5683359622865045e-113,GM12878
ENSG00000121769,-3.4534509355932075,8.779371664618049e-05,GM12878
ENSG00000246889,-2.7225884884188947,0.0012179444836302323,GM12878
ENSG00000137501,-6.147722979822887,7.173695752953357e-83,GM12878
ENSG00000139880,-3.2127803042609338,3.1936335387439955e-33,GM12878
ENSG00000111328,-2.293607787474467,7.891888321175882e-86,GM12878
ENSG00000033122,-4.0838888132898195,0.0058331080926920225,GM12878
ENSG00000068697,-3.240722715976026,1.7427814305761508e-123,GM12878
ENSG00000152049,-8.477606699786257,5.442280098408825e-15,GM12878
ENSG00000182218,-8.200283047591176,4.290876858702638e-08,GM12878
ENSG00000128567,-4.240587532285514,2.883747322947708e-34,GM12878
ENSG00000099625,-3.5528766393840563,3.642828831192084e-41,GM12878
ENSG00000147862,-3.7028942531885165,8.537023316074882e-07,GM12878
ENSG00000133216,-3.027965275223217,2.7880372949240265e-14,GM12878
ENSG00000117984,-2.145915799051751,7.940599853986275e-44,GM12878
ENSG00000126351,-4.145343113914732,6.911320926534218e-134,GM12878
ENSG00000140943,-2.2464702843054023,9.260663041804753e-53,GM12878
ENSG00000126785,-10.915782643928782,4.800754371295976e-05,GM12878
ENSG00000181894,-4.197550974712835,1.7028660319959594e-54,GM12878
ENSG00000171517,-2.8957941706041033,0.0004496795726003374,GM12878
ENSG00000166313,-2.031045580985494,1.1981560656173496e-26,GM12878
ENSG00000141198,-3.190605023282685,1.2711838413116034e-34,GM12878
ENSG00000171368,-2.1346376935938833,0.0024437274940554638,GM12878
ENSG00000165886,-5.108457049701327,8.849319000591597e-107,GM12878
ENSG00000072415,-2.4626796663088246,8.664335863410377e-53,GM12878
ENSG00000172348,-3.567566796830669,0.001958916293274203,GM12878
ENSG00000170035,-2.216253869827355,1.0140651595397477e-55,GM12878
ENSG00000166510,-5.845060396941601,0.0299924739643299,GM12878
ENSG00000104611,-10.180209316983621,5.397286483032099e-60,GM12878
ENSG00000106125,-2.010049335430779,0.008652482167711974,GM12878
ENSG00000070371,-5.670908998950489,1.4948316032395726e-46,GM12878
ENSG00000144136,-2.0120877266664823,9.106602409015373e-23,GM12878
ENSG00000275832,-5.406090146391947,0.0,GM12878
ENSG00000231185,-3.4948854261733993,7.415601977695901e-05,GM12878
ENSG00000164221,-3.6830129019858333,1.2612464351819703e-17,GM12878
ENSG00000145569,-2.1808234315687125,1.1167606721582259e-06,GM12878
ENSG00000116032,-2.3099122374221444,0.0024577909085267084,GM12878
ENSG00000079931,-7.324489950428189,9.506881673992856e-119,GM12878
ENSG00000137414,-2.412695632059131,1.156450524914531e-33,GM12878
ENSG00000174516,-2.9005550319920497,3.335714903137215e-27,GM12878
ENSG00000183688,-3.990583656990439,1.7033425006972948e-195,GM12878
ENSG00000151327,-2.6592601523122963,4.948990794365935e-62,GM12878
ENSG00000169490,-2.042565643167767,4.760850106386586e-26,GM12878
ENSG00000169902,-2.0171597567179713,8.039454540524728e-25,GM12878
ENSG00000166900,-4.116523387621007,2.1998713345633756e-54,GM12878
ENSG00000088367,-6.779294154394605,4.138602763791232e-135,GM12878
ENSG00000035403,-3.1733725271868054,9.483779484912421e-182,GM12878
ENSG00000163393,-4.890139669392594,1.7933150342958533e-29,GM12878
ENSG00000164176,-5.197058361030076,0.0001230113984076997,GM12878
ENSG00000134253,-2.8695442502136945,1.0345982492070453e-14,GM12878
ENSG00000198792,-2.6227980031827647,9.154764437125739e-88,GM12878
ENSG00000167914,-5.218050232314882,0.04642267255201457,GM12878
ENSG00000140948,-6.431427977796619,5.148853230201408e-103,GM12878
ENSG00000146426,-2.394839209851577,7.051688503884603e-26,GM12878
ENSG00000189337,-2.084308246341983,1.0602830195167412e-12,GM12878
ENSG00000196517,-2.5728973776814095,1.3689282255404751e-27,GM12878
ENSG00000166997,-2.171116632222301,6.109170349287718e-29,GM12878
ENSG00000167600,-2.967365628894115,2.129508064826746e-05,GM12878
ENSG00000125378,-3.958109768122564,1.2370262871141218e-12,GM12878
ENSG00000104447,-4.333546877070818,3.57002577351769e-92,GM12878
ENSG00000182253,-2.3250453933618584,5.6533450980793506e-14,GM12878
ENSG00000109323,-2.065871004495778,1.6674476956748904e-16,GM12878
ENSG00000006016,-3.908931469765423,1.6479229553751045e-07,GM12878
ENSG00000071242,-5.077309865126127,4.3904545269905577e-69,GM12878
ENSG00000036054,-2.030251632923101,6.554211405376544e-45,GM12878
ENSG00000188501,-3.247304050849749,0.0072775087324877885,GM12878
ENSG00000137207,-2.0243649949959925,2.338457001985181e-50,GM12878
ENSG00000134222,-2.271264970151793,4.0673321042845804e-13,GM12878
ENSG00000067141,-4.607932364111863,2.2799457829081416e-22,GM12878
ENSG00000182022,-4.229535032473741,1.952085487015794e-05,GM12878
ENSG00000148737,-6.536806995339457,1.0570053246168062e-69,GM12878
ENSG00000151012,-2.422829711630929,0.0019926213851600375,GM12878
ENSG00000157827,-4.792343661905922,2.181987312466975e-95,GM12878
ENSG00000198933,-2.9824410809202293,7.468615925011048e-34,GM12878
ENSG00000128923,-3.178615425369279,1.8541084378354156e-89,GM12878
ENSG00000222898,-3.8821226582915704,0.008373578113368103,GM12878
ENSG00000185869,-3.2432327424059006,9.792353278715211e-21,GM12878
ENSG00000104219,-2.186396087489615,1.2724266499829533e-72,GM12878
ENSG00000152104,-6.520634647674876,1.5279688520090482e-297,GM12878
ENSG00000087884,-2.826257355547405,3.51759971775294e-29,GM12878
ENSG00000065618,-4.12251170257209,8.69911855586521e-06,GM12878
ENSG00000109686,-7.942796183705934,8.924214766681579e-128,GM12878
ENSG00000204956,-2.1391196748322154,6.189680044352074e-07,GM12878
ENSG00000100504,-5.315718054456009,2.2189143157910712e-103,GM12878
ENSG00000174738,-3.2399965763436755,1.0448916677657969e-109,GM12878
ENSG00000177426,-2.8081334303825756,1.0448732520805786e-29,GM12878
ENSG00000119950,-4.346567429886079,1.5751330147145964e-22,GM12878
ENSG00000149531,-4.164484625953918,2.4011227145066924e-21,GM12878
ENSG00000196814,-6.168409451551391,9.147743019646947e-24,GM12878
ENSG00000198835,-2.395943662140777,0.0001812195084180697,GM12878
ENSG00000144031,-3.3692147800999326,0.0037337478476815416,GM12878
ENSG00000049449,-2.4366237529466592,2.1015545356756256e-51,GM12878
ENSG00000111186,-4.17528436061057,1.101243364504829e-124,GM12878
ENSG00000140416,-9.620189608158675,0.0,GM12878
ENSG00000067182,-2.942288778741546,1.2030272365437993e-126,GM12878
ENSG00000170275,-2.806761153939062,3.347134310355193e-134,GM12878
ENSG00000163590,-2.8872250956772016,3.5807361189761756e-13,GM12878
ENSG00000115762,-2.153166022163837,7.021163362263644e-81,GM12878
ENSG00000182010,-6.250432283949759,5.388963062964796e-26,GM12878
ENSG00000124588,-4.113846989102994,3.2637166223978153e-37,GM12878
ENSG00000186567,-3.1656354981867403,4.0227380973679304e-08,GM12878
ENSG00000136235,-3.569211761902288,1.1581127921804275e-22,GM12878
ENSG00000136213,-2.2162654105185005,1.0452370939473816e-50,GM12878
ENSG00000211584,-3.072225813347261,5.1371539418488284e-45,GM12878
ENSG00000122507,-2.329882578468803,1.0034423909903508e-34,GM12878
ENSG00000182551,-2.164085714224011,2.9752992560031177e-56,GM12878
ENSG00000130340,-6.028819941966826,5.709678190245383e-184,GM12878
ENSG00000112139,-2.0627111034374437,2.794539809251828e-14,GM12878
ENSG00000128596,-2.5373961164640475,1.8845532769452044e-16,GM12878
ENSG00000196422,-4.947238965418759,2.7293369235117816e-81,GM12878
ENSG00000133026,-5.059337435126348,2.4936160465985144e-241,GM12878
ENSG00000172819,-3.088246831653315,7.993796365201187e-32,GM12878
ENSG00000144815,-2.797033860747683,1.419153214444444e-83,GM12878
ENSG00000084764,-4.948399556060497,4.402919271399955e-50,GM12878
ENSG00000139329,-7.690581060274228,1.1406633777822311e-67,GM12878
ENSG00000123159,-3.3813310497032303,9.889626890287089e-162,GM12878
ENSG00000112511,-2.106695377568911,3.813993042727494e-42,GM12878
ENSG00000114446,-3.0036835324439375,5.969101397872781e-85,GM12878
ENSG00000144857,-6.950908091895395,3.216710054839372e-20,GM12878
ENSG00000177822,-6.788718713045298,4.207695406058054e-19,GM12878
ENSG00000117226,-4.445030913594851,4.839443902974358e-74,GM12878
ENSG00000197046,-2.597480748226243,0.0026452550947637437,GM12878
ENSG00000139973,-5.315828534203346,1.0009337364452568e-22,GM12878
ENSG00000246228,-2.840414377309036,0.03789999381391682,GM12878
ENSG00000187566,-2.7044446901495878,7.432443311426358e-06,GM12878
ENSG00000131016,-3.956455872959927,4.337566641857757e-33,GM12878
ENSG00000114988,-2.263281343999073,4.260661225103006e-51,GM12878
ENSG00000163827,-6.427066900572932,0.018405713661470518,GM12878
ENSG00000172331,-2.3646659086331696,1.5613716440367499e-24,GM12878
ENSG00000113595,-2.113811114143827,7.048927960835139e-40,GM12878
ENSG00000105088,-4.23688083021259,8.213921145327765e-08,GM12878
ENSG00000138735,-6.323591605219361,6.676906215880973e-67,GM12878
ENSG00000196141,-3.041405636569378,4.344557156921741e-63,GM12878
ENSG00000104067,-8.427754266307137,1.1504415482724049e-209,GM12878
ENSG00000005249,-5.286647936108293,6.661990476784765e-25,GM12878
ENSG00000166068,-6.046004774743925,7.19537356468448e-221,GM12878
ENSG00000103044,-2.3740608711391515,1.685168205222145e-09,GM12878
ENSG00000125170,-3.117726464650496,1.1036244510929884e-64,GM12878
ENSG00000120896,-6.788577566382283,5.436250096122334e-118,GM12878
ENSG00000116396,-3.1708718856424727,1.3806423163032358e-20,GM12878
ENSG00000175356,-2.3012430238631687,0.0010786725472236157,GM12878
ENSG00000085733,-5.067175479346597,0.0,GM12878
ENSG00000172164,-2.830535344095715,1.8560862681239579e-22,GM12878
ENSG00000143079,-2.902094923209692,1.4883928003455236e-98,GM12878
ENSG00000181982,-10.009608759163246,7.329632323909382e-12,GM12878
ENSG00000118473,-9.561080100564128,6.481022989521724e-36,GM12878
ENSG00000129353,-2.0918917424704655,6.282920190748127e-47,GM12878
ENSG00000170190,-2.7641427652777413,1.469536279226796e-26,GM12878
ENSG00000082781,-8.482390238996334,3.68014550632221e-201,GM12878
ENSG00000158109,-2.65674781253355,5.0122723783867675e-77,GM12878
ENSG00000182963,-4.66614418726316,2.4892686270626195e-119,GM12878
ENSG00000197056,-3.6559919538963066,9.812862224670869e-75,GM12878
ENSG00000175505,-2.9894159352735157,2.902121134089157e-28,GM12878
ENSG00000181104,-3.3368792182220828,1.1013325513251619e-58,GM12878
ENSG00000134970,-2.6879507129668037,2.865813727929733e-99,GM12878
ENSG00000105376,-3.3585428124150103,4.879056702793886e-18,GM12878
ENSG00000162068,-2.0615024831104414,0.029414778293598,GM12878
ENSG00000205730,-2.2570232997828947,2.2435603589107675e-28,GM12878
ENSG00000185189,-2.6286645200936176,2.6626481173381543e-52,GM12878
ENSG00000176349,-6.7009432100175825,6.509364703849318e-06,GM12878
ENSG00000147883,-6.199470738070444,4.253544514307304e-33,GM12878
ENSG00000157077,-2.016695184742207,2.51854089571582e-53,GM12878
ENSG00000170425,-2.0516779253433644,0.0004923874453511465,GM12878
ENSG00000214357,-5.265400998319808,4.534688580113089e-21,GM12878
ENSG00000125966,-4.671916536273981,7.062304107046247e-08,GM12878
ENSG00000117228,-2.95498517031962,1.6090457697200893e-86,GM12878
ENSG00000116191,-4.675984469743781,1.6783992580597534e-116,GM12878
ENSG00000186111,-2.2673713848933503,1.6366026602870814e-54,GM12878
ENSG00000170677,-2.404805038210875,3.807155141836535e-40,GM12878
ENSG00000139174,-2.701953982452283,1.7282029962226597e-08,GM12878
ENSG00000250131,-2.249344558844028,0.0010309244253845515,GM12878
ENSG00000114554,-2.6567467662746367,1.756726098714005e-64,GM12878
ENSG00000152284,-5.637623715632476,1.7228325764167756e-06,GM12878
ENSG00000248334,-3.4379427173426884,1.9791822789015872e-13,GM12878
ENSG00000119899,-2.4872617709835434,3.239193259072308e-48,GM12878
ENSG00000146411,-4.370267081932681,7.658124853858725e-07,GM12878
ENSG00000125430,-7.47650736529153,6.808273223773287e-77,GM12878
ENSG00000244026,-2.0606606757669694,2.612667742138354e-38,GM12878
ENSG00000115594,-4.886435725911573,9.161230716031923e-65,GM12878
ENSG00000166444,-4.932993463763094,2.5796820764629647e-109,GM12878
ENSG00000113552,-2.9147514506659555,8.695263165840138e-73,GM12878
ENSG00000132563,-3.7793883476391996,4.773410131645977e-64,GM12878
ENSG00000140945,-7.1163440548225125,2.350759911777433e-16,GM12878
ENSG00000104497,-2.168324707683828,1.4951695219793278e-16,GM12878
ENSG00000108828,-3.578218233590292,2.9353996064711506e-38,GM12878
ENSG00000166046,-3.28219948987022,4.915555986798134e-31,GM12878
ENSG00000101004,-3.483529243595736,1.7600095146092705e-20,GM12878
ENSG00000204052,-2.6626670650677293,1.4594446659851522e-05,GM12878
ENSG00000156052,-5.908185719692599,1.7621747724111802e-206,GM12878
ENSG00000177303,-4.181874324032971,1.3344102834506242e-94,GM12878
ENSG00000114450,-4.259414214064137,6.67021851284312e-172,GM12878
ENSG00000205090,-3.646180231902764,3.7290157054841216e-07,GM12878
ENSG00000143156,-2.4120925819580266,5.249948395450226e-26,GM12878
ENSG00000089159,-3.363307648759664,4.314111459753027e-165,GM12878
ENSG00000148677,-7.199661373993684,3.234691472154765e-20,GM12878
ENSG00000068383,-2.9865564192161527,4.739035668470706e-128,GM12878
ENSG00000173068,-5.546396160852334,1.7673064931155897e-96,GM12878
ENSG00000230615,-2.2976821353619084,9.210445150463927e-05,GM12878
ENSG00000258673,-5.814919541622327,1.3439068422947353e-06,GM12878
ENSG00000069020,-3.1612997922865147,7.768027261195413e-25,GM12878
ENSG00000099284,-2.3524020919390582,0.030532691838767643,GM12878
ENSG00000135931,-2.767376653082608,1.258140737627087e-21,GM12878
ENSG00000174939,-6.200335526954052,3.506623299981726e-14,GM12878
ENSG00000073712,-2.69033620739223,5.666412210484332e-60,GM12878
ENSG00000072134,-3.388197439466015,8.482830821368177e-92,GM12878
ENSG00000214575,-2.4866149887512967,2.556109310430788e-09,GM12878
ENSG00000091844,-2.9541214462514667,0.03320193119129819,GM12878
ENSG00000182585,-3.2804534080250103,0.006648747654276808,GM12878
ENSG00000110436,-4.550781448813189,7.880985152550285e-26,GM12878
ENSG00000253485,-2.9848256807120728,2.3608637652186765e-08,GM12878
ENSG00000156804,-3.1930006081855464,2.224550607790077e-14,GM12878
ENSG00000279453,-2.37907094095619,2.1902950663064657e-17,GM12878
ENSG00000173406,-5.170951564336838,0.000844320116863514,GM12878
ENSG00000128274,-2.4083320764927154,2.680701749368195e-27,GM12878
ENSG00000285816,-6.410051145657167,0.01762399734629968,GM12878
ENSG00000178404,-6.0241135904582785,8.775924664906047e-05,GM12878
ENSG00000168621,-7.553438209651771,8.04716244115581e-05,GM12878
ENSG00000004660,-3.7366395051295163,1.2088179485442098e-47,GM12878
ENSG00000001460,-5.487173314080099,1.1542144383988222e-38,GM12878
ENSG00000168890,-2.6562192906930617,6.457374710846231e-21,GM12878
ENSG00000107816,-2.5606032392121136,3.604383469585322e-77,GM12878
ENSG00000203666,-2.9005827344624184,1.843874788565678e-19,GM12878
ENSG00000155755,-2.104353650133517,3.243401283072789e-33,GM12878
ENSG00000157933,-2.5555377855407264,4.6128077138833866e-108,GM12878
ENSG00000114923,-6.997939191122251,2.802808429058527e-25,GM12878
ENSG00000282556,-2.297700710681005,0.03423771057527401,GM12878
ENSG00000254122,-3.320614587369642,9.271786046530182e-14,GM12878
ENSG00000198453,-3.8534024999579115,1.1833347160464722e-32,GM12878
ENSG00000077782,-7.6119312161389105,0.0,GM12878
ENSG00000115129,-2.21119602120412,4.841230109306217e-27,GM12878
ENSG00000168952,-3.814377963842821,4.590564198940864e-51,GM12878
ENSG00000125844,-2.673006348860512,8.984331579188987e-91,GM12878
ENSG00000137269,-4.206589994904773,1.7548006964252717e-35,GM12878
ENSG00000203721,-5.171841801165612,1.5637216474787456e-14,GM12878
ENSG00000136205,-5.197246057908298,1.0485476367429804e-128,GM12878
ENSG00000137834,-6.6576600168620415,4.814239948621498e-53,GM12878
ENSG00000124104,-4.61658536497099,2.1326917377086255e-81,GM12878
ENSG00000149257,-5.192234776912267,0.0,GM12878
ENSG00000140443,-5.90065069815204,1.9319967249529804e-267,GM12878
ENSG00000134243,-6.658124084759808,1.2336694713517949e-126,GM12878
ENSG00000187123,-11.443955717742408,6.365691096145221e-15,GM12878
ENSG00000276075,-2.3604874526225914,0.002901696945985923,GM12878
ENSG00000109654,-7.80572724195932,1.6911307183252234e-104,GM12878
ENSG00000197965,-2.3505976300379596,3.636369688595108e-92,GM12878
ENSG00000136267,-4.417183860585058,0.00022734654861881725,GM12878
ENSG00000072952,-9.524989231416622,1.0974076197337386e-66,GM12878
ENSG00000264343,-4.129247033226731,3.5354405199550736e-10,GM12878
ENSG00000187091,-3.408715567381348,1.8221867457201605e-25,GM12878
ENSG00000157110,-7.5170939624543855,9.592517660693672e-84,GM12878
ENSG00000124145,-5.866164910126427,3.399354133314257e-285,GM12878
ENSG00000175170,-5.590203093210943,5.662505483885476e-06,GM12878
ENSG00000235272,-3.4079809661221407,7.051868658969787e-05,GM12878
ENSG00000123091,-2.2264891651792684,1.520592965852868e-61,GM12878
ENSG00000198142,-2.3170563017815917,7.125044835427791e-31,GM12878
ENSG00000175274,-2.6307241436641973,4.253676870456533e-05,GM12878
ENSG00000052795,-5.4902186481577315,4.627034109033711e-108,GM12878
ENSG00000151967,-3.919539845167364,1.7704444537147072e-09,GM12878
ENSG00000144677,-7.5533219339780295,1.840944664142902e-86,GM12878
ENSG00000075234,-2.1712345173575853,3.3119095048151584e-57,GM12878
ENSG00000157578,-2.8490651181495217,0.0006071835747581798,GM12878
ENSG00000153246,-7.269999333058413,1.8751536832485447e-24,GM12878
ENSG00000144369,-2.6296153438034273,1.005674113747631e-78,GM12878
ENSG00000160469,-5.606850096971823,6.555971844244367e-42,GM12878
ENSG00000150048,-2.788258637425157,0.040615367616330625,GM12878
ENSG00000018408,-3.4322018938944927,8.779289428219499e-101,GM12878
ENSG00000177707,-9.97705018265027,1.8222120317488083e-64,GM12878
ENSG00000105877,-2.111039932892205,4.666550722962433e-05,GM12878
ENSG00000133812,-5.865253655591987,3.5386217241538677e-121,GM12878
ENSG00000138685,-8.706348280105226,0.0,GM12878
ENSG00000116209,-2.4032531744434453,4.447515596933581e-37,GM12878
ENSG00000174705,-3.4141382793723505,5.708813284650404e-24,GM12878
ENSG00000162430,-3.7960515737214826,4.863518512472264e-115,GM12878
ENSG00000158859,-4.1647200869194485,3.3287817135656806e-18,GM12878
ENSG00000134575,-2.2117784752589333,2.6106056454424815e-53,GM12878
ENSG00000184232,-6.391368718626952,3.920828945588029e-230,GM12878
ENSG00000180479,-2.8594910371828544,3.946005747964656e-08,GM12878
ENSG00000253910,-4.90314218055771,1.8796114509064622e-26,GM12878
ENSG00000260552,-2.1876258783492037,0.010855275578206808,GM12878
ENSG00000138798,-3.7354173797020147,1.6695356900702125e-08,GM12878
ENSG00000113971,-2.7085847963770964,1.660259124109508e-22,GM12878
ENSG00000062582,-2.022250593514616,0.0006896912796068737,GM12878
ENSG00000167291,-7.460381762843122,1.9205958618556192e-107,GM12878
ENSG00000176909,-2.5813424909141602,3.6008362923625437e-10,GM12878
ENSG00000104695,-2.329169210266032,3.748858663250883e-80,GM12878
ENSG00000101150,-2.088659219695263,1.9198130007201543e-64,GM12878
ENSG00000181754,-5.077163601876016,1.1784805493207267e-32,GM12878
ENSG00000105711,-4.662309739937812,2.929010790134338e-23,GM12878
ENSG00000111962,-3.347542163920215,5.46377380211477e-54,GM12878
ENSG00000100344,-7.636400928770013,4.094911196630058e-12,GM12878
ENSG00000107537,-2.005167184860987,4.103045585915358e-26,GM12878
ENSG00000146433,-2.6922896926216517,1.1711577095600288e-52,GM12878
ENSG00000128510,-6.561460740379061,1.0997893138898574e-24,GM12878
ENSG00000176463,-4.106347589832153,3.8981697723425297e-22,GM12878
ENSG00000140511,-2.316984072266035,1.3606631218965452e-14,GM12878
ENSG00000058453,-3.4442185566609944,1.5645769041625284e-49,GM12878
ENSG00000166402,-7.426155697953485,2.1050279749785377e-12,GM12878
ENSG00000076067,-3.425682311669108,1.0925247656903057e-129,GM12878
ENSG00000116667,-4.982643208869095,4.372366803974644e-22,GM12878
ENSG00000131435,-4.44035733889037,0.000373476884104635,GM12878
ENSG00000275719,-3.807958768310731,2.6101079269471876e-05,GM12878
ENSG00000242759,-5.713173049717096,0.03128689004129892,GM12878
ENSG00000111261,-4.908104056237207,1.1196957007755322e-17,GM12878
ENSG00000181458,-5.095330255419436,1.3468420997229527e-50,GM12878
ENSG00000144724,-3.520039314757053,2.0683027216118374e-94,GM12878
ENSG00000110080,-2.4657137032419483,7.404345789347376e-39,GM12878
ENSG00000162105,-2.6002295709609258,0.0002613679402289443,GM12878
ENSG00000104870,-5.506260684629774,3.0440165708669256e-60,GM12878
ENSG00000101474,-2.114506978411504,3.892162226997203e-77,GM12878
ENSG00000170899,-2.5126274144975063,2.225692010295043e-30,GM12878
ENSG00000095397,-2.0196039055537844,8.287577539621023e-12,GM12878
ENSG00000259330,-2.0222875761802404,2.8883952257329403e-18,GM12878
ENSG00000051128,-7.336704078182868,2.9569978565151706e-48,GM12878
ENSG00000204673,-2.1846336149807724,1.967727583377537e-42,GM12878
ENSG00000067715,-7.245669643390728,5.446797496274422e-21,GM12878
ENSG00000257732,-8.079790089663845,0.002823475427331905,GM12878
ENSG00000177106,-2.964673044978875,6.220025345699433e-84,GM12878
ENSG00000259687,-5.191504512652758,0.04703966357841459,GM12878
ENSG00000130720,-4.40406983533954,1.2858465514957437e-07,GM12878
ENSG00000100554,-2.682831660644254,2.715030623172861e-71,GM12878
ENSG00000139200,-5.883963314241666,8.435999223263862e-14,GM12878
ENSG00000111052,-6.921344595225497,1.4421806385239895e-50,GM12878
ENSG00000110651,-2.2737031613818655,2.970771504431743e-75,GM12878
ENSG00000112419,-2.426524759779678,1.0127864667529961e-62,GM12878
ENSG00000176105,-2.7014575999009827,3.44090359890001e-28,GM12878
ENSG00000154059,-5.891695004120985,3.992480580499376e-94,GM12878
ENSG00000241852,-2.702597086985316,1.221418949469554e-26,GM12878
ENSG00000185532,-7.25818337060668,1.741281074843323e-34,GM12878
ENSG00000117245,-6.158594016523467,1.744401994725261e-25,GM12878
ENSG00000197077,-2.7105590170997513,2.0436523526063662e-08,GM12878
ENSG00000073146,-2.7748947716109216,0.003294965425917846,GM12878
ENSG00000129493,-3.3580072754232924,5.364121346929244e-62,GM12878
ENSG00000119138,-3.6337216464518303,2.217510159518675e-34,GM12878
ENSG00000233554,-3.0311934872200204,3.961365913539346e-06,GM12878
ENSG00000159733,-3.061100270238358,1.5661819715697405e-08,GM12878
ENSG00000116299,-3.0615409001000704,2.9465595322500606e-05,GM12878
ENSG00000198846,-3.251761027829679,0.0008873797161782748,GM12878
ENSG00000132640,-6.342893666069463,1.2821309841232418e-111,GM12878
ENSG00000112655,-4.262444527017759,3.0146803018193464e-72,GM12878
ENSG00000115677,-2.002459717475562,4.057476618664752e-61,GM12878
ENSG00000175352,-9.242524158495357,2.4544231735228595e-17,GM12878
ENSG00000074657,-5.135089008551911,2.5163605314785757e-167,GM12878
ENSG00000146122,-7.331306252085869,3.881466992721837e-19,GM12878
ENSG00000169855,-4.773359268574985,1.2117796742148197e-143,GM12878
ENSG00000095303,-5.376184318241806,2.5938151509045845e-14,GM12878
ENSG00000036672,-2.685136932567661,0.00036554566247704127,GM12878
ENSG00000159335,-2.0470205968903,1.1058642417940555e-40,GM12878
ENSG00000175029,-7.806926464624343,1.6009620845865364e-140,GM12878
ENSG00000106299,-2.000181739570061,3.293185088230925e-44,GM12878
ENSG00000197860,-2.2097547476403214,4.988968719882632e-50,GM12878
ENSG00000185499,-2.1285359915490574,1.88842633961142e-09,GM12878
ENSG00000171385,-2.3269155211445094,0.02971306229373388,GM12878
ENSG00000171812,-6.938428465489177,3.753346439886051e-21,GM12878
ENSG00000198832,-7.105218751331645,1.5504114621088104e-143,GM12878
ENSG00000119782,-4.0465514524804105,2.7521740702489623e-06,GM12878
ENSG00000255737,-10.362916897361842,1.1910350429447384e-12,GM12878
ENSG00000198959,-7.641087087982178,1.1254078686556923e-26,GM12878
ENSG00000084234,-4.059126226449874,1.4829039730416102e-115,GM12878
ENSG00000167693,-8.61386146429603,7.173810505085026e-143,GM12878
ENSG00000171444,-3.7992053556158103,1.0099133299359469e-27,GM12878
ENSG00000064652,-2.707769938255006,2.603557029258908e-31,GM12878
ENSG00000079337,-2.329782701836416,2.8600237167031817e-12,GM12878
ENSG00000169504,-3.0640354448707203,2.066042619428603e-76,GM12878
ENSG00000159348,-2.582210238310679,1.9949014533533118e-40,GM12878
ENSG00000165914,-5.936895293682009,3.750142406503715e-68,GM12878
ENSG00000235545,-2.1773169135401704,0.019389396078679358,GM12878
ENSG00000162437,-2.304961624939458,8.193437879033821e-11,GM12878
ENSG00000128512,-3.136635620029623,1.2430805480818489e-23,GM12878
ENSG00000166086,-9.42132428785268,1.2886646640305608e-70,GM12878
ENSG00000118762,-3.5928179102807847,5.5265378717733855e-67,GM12878
ENSG00000167193,-2.30710243664043,2.1968315381597588e-80,GM12878
ENSG00000146966,-3.315162632285925,0.00016315256076998818,GM12878
ENSG00000122729,-4.689975960347056,7.857497059924364e-240,GM12878
ENSG00000106976,-6.514034189819286,1.9563564863536605e-54,GM12878
ENSG00000061273,-2.8979522096744277,5.841589995108801e-97,GM12878
ENSG00000184005,-2.3128412062201935,0.00023338022620831428,GM12878
ENSG00000178996,-5.136217366214654,1.8872818233715696e-108,GM12878
ENSG00000105438,-2.6036213903121395,7.150582454693044e-58,GM12878
ENSG00000159788,-3.426889581966065,3.6278314878502966e-25,GM12878
ENSG00000173402,-2.8704524957002753,4.511175111729242e-121,GM12878
ENSG00000139209,-6.3035807217458695,2.8755618088123956e-49,GM12878
ENSG00000143153,-3.884243381912812,1.1036336986917109e-64,GM12878
ENSG00000260916,-2.1795739426613365,1.0528685470232476e-18,GM12878
ENSG00000165731,-3.0358993444245472,0.003269882327940559,GM12878
ENSG00000152763,-2.855263205325836,1.2577296433684053e-08,GM12878
ENSG00000152527,-2.649714884242595,0.011127573695455051,GM12878
ENSG00000157985,-6.434305003505821,1.0172852434533623e-82,GM12878
ENSG00000137486,-2.180634343412122,1.1008120693185414e-25,GM12878
ENSG00000280099,-2.4367534979191454,3.581360120884835e-08,GM12878
ENSG00000253250,-2.4153637653935274,5.5787582065397115e-11,GM12878
ENSG00000237813,-2.1004504059033553,0.048233722449823165,GM12878
ENSG00000134909,-3.9657106931632895,1.850865108644602e-40,GM12878
ENSG00000103042,-2.1037511504325703,3.9382188345613527e-35,GM12878
ENSG00000073792,-8.603263961848857,3.1245361080996764e-166,GM12878
ENSG00000113658,-2.382944728256507,4.0271234980515145e-90,GM12878
ENSG00000101400,-2.2878674520721156,1.1577293433283912e-14,GM12878
ENSG00000139971,-8.015998649476153,6.49747686610614e-08,GM12878
ENSG00000253731,-3.10496577427176,3.991021611793022e-20,GM12878
ENSG00000175746,-6.904491429573982,0.011230896357545444,GM12878
ENSG00000160113,-2.0758889469992337,6.230522464169112e-50,GM12878
ENSG00000140950,-2.763215943475941,2.2105481180866865e-99,GM12878
ENSG00000125965,-2.37197914631911,0.0038659156360582292,GM12878
ENSG00000198964,-2.763914398069056,2.701199219700474e-60,GM12878
ENSG00000273230,-2.412566770412507,1.888204884309607e-10,GM12878
ENSG00000164855,-3.9338193994806137,2.1404979733358193e-09,GM12878
ENSG00000273145,-4.669855814854204,0.0018732045198950175,GM12878
ENSG00000135048,-6.182612331807452,7.879367037698953e-198,GM12878
ENSG00000154917,-5.693597657746125,2.321986669425368e-11,GM12878
ENSG00000241316,-4.443579094451993,3.3286221908225956e-13,GM12878
ENSG00000131788,-2.4102820408878034,6.177744860250683e-66,GM12878
ENSG00000131899,-2.308812089918541,9.694314037552578e-52,GM12878
ENSG00000107338,-2.3052382575337638,3.4103981993906524e-29,GM12878
ENSG00000136603,-2.03615041214623,1.328549645087102e-24,GM12878
ENSG00000117592,-3.255861674712042,2.0319280620331705e-21,GM12878
ENSG00000006704,-3.032638465804165,9.10499152109439e-67,GM12878
ENSG00000197182,-2.3278248437647178,6.4912815977145225e-12,GM12878
ENSG00000262576,-5.885047719107921,9.042152739002564e-20,GM12878
ENSG00000254221,-3.852980093330877,5.267798978778187e-16,GM12878
ENSG00000181588,-2.4499872888050045,8.253846073842518e-52,GM12878
ENSG00000121578,-2.3287183304282113,1.1714744774796168e-67,GM12878
ENSG00000157214,-3.0895284838948145,4.9485557261126235e-43,GM12878
ENSG00000002746,-5.115897242207902,1.0007626849855442e-24,GM12878
ENSG00000105464,-3.4572512287387123,1.7967278907389045e-33,GM12878
ENSG00000158125,-5.8114349789583795,3.3026993368338795e-15,GM12878
ENSG00000156463,-3.431047906541964,4.833047889709794e-06,GM12878
ENSG00000179168,-8.330376029897968,0.0020320224842863073,GM12878
ENSG00000107679,-5.370640758645758,1.221890712502421e-86,GM12878
ENSG00000150764,-3.718244350550846,1.9812303908756003e-57,GM12878
ENSG00000149115,-3.366821344144403,1.1047861734971414e-186,GM12878
ENSG00000129048,-4.8218233702540765,0.00020458631151286187,GM12878
ENSG00000156642,-2.379402525977184,1.1304403148884997e-78,GM12878
ENSG00000065621,-4.176477525781403,2.0869821173724012e-12,GM12878
ENSG00000147799,-6.626452568007128,9.682995989829941e-21,GM12878
ENSG00000116016,-6.109665862696805,0.0,GM12878
ENSG00000069869,-2.8032431148557966,2.382436623761994e-63,GM12878
ENSG00000148484,-2.067248448832781,4.643258030633015e-59,GM12878
ENSG00000048052,-4.423912828564666,4.2253536358679604e-22,GM12878
ENSG00000234520,-5.877776377425185,0.02748471185076647,GM12878
ENSG00000182667,-10.023791568588889,7.329632323909382e-12,GM12878
ENSG00000117906,-3.4995203818767022,1.667381767880632e-131,GM12878
ENSG00000071054,-2.92954455201825,4.265190977882345e-124,GM12878
ENSG00000158163,-6.1433263345121505,1.191860277101629e-25,GM12878
ENSG00000173391,-9.365726346006676,1.0155735434598862e-34,GM12878
ENSG00000105426,-4.930618756671911,6.745876576396725e-148,GM12878
ENSG00000160746,-5.590785104146806,3.590636289120556e-202,GM12878
ENSG00000177363,-4.951056002988778,2.8199135190528733e-10,GM12878
ENSG00000139112,-6.373408692702723,3.7139523238623276e-132,GM12878
ENSG00000158296,-3.369885279851916,3.5543510001610924e-08,GM12878
ENSG00000124225,-4.641197973398732,1.9228857006463387e-22,GM12878
ENSG00000157064,-6.5359179311475,6.715788495970949e-88,GM12878
ENSG00000198752,-2.2261653907452432,4.622200245228555e-102,GM12878
ENSG00000258457,-4.448707266336357,2.5011317469868157e-06,GM12878
ENSG00000170873,-3.9870821685900792,1.641821624368767e-19,GM12878
ENSG00000078053,-6.550365939594284,9.895296437259088e-21,GM12878
ENSG00000078018,-4.473847211638148,1.3087772433933337e-09,GM12878
ENSG00000132359,-3.7529539137454897,3.0101459978039517e-19,GM12878
ENSG00000159714,-2.4889353584870846,1.564858890084243e-11,GM12878
ENSG00000082805,-2.576916445039563,6.096932572224141e-71,GM12878
ENSG00000171680,-3.0355274108927626,1.1413997720948877e-34,GM12878
ENSG00000204991,-3.013054822524503,6.418570318052971e-11,GM12878
ENSG00000163702,-6.191482373447564,1.3804392038289513e-78,GM12878
ENSG00000084444,-4.124549342845442,6.130510140666442e-32,GM12878
ENSG00000205181,-2.1068680463854887,2.901293060280856e-06,GM12878
ENSG00000128594,-4.478624479442133,1.710858167443679e-09,GM12878
ENSG00000138448,-3.472480214698675,1.5132031704533387e-143,GM12878
ENSG00000124134,-6.136008395589839,4.1472734336911414e-05,GM12878
ENSG00000186862,-8.341752266072309,0.0019926213851600375,GM12878
ENSG00000119946,-8.454056964084538,1.0203403713153237e-15,GM12878
ENSG00000162819,-2.415222038663949,7.963414390201816e-80,GM12878
ENSG00000135835,-3.6151934555684604,4.6470993766584475e-17,GM12878
ENSG00000118257,-4.3734315545397235,1.6537338990428158e-29,GM12878
ENSG00000130304,-2.7900251109077026,1.4061747692578835e-50,GM12878
ENSG00000189129,-5.897672734800142,8.635241953231061e-05,GM12878
ENSG00000178922,-3.4153388377128526,2.086133293385528e-39,GM12878
ENSG00000232679,-5.991794017966598,0.025413785683102028,GM12878
ENSG00000146776,-2.0744474608628485,2.8982147374911595e-22,GM12878
ENSG00000223768,-2.392713589163774,5.025605893434006e-47,GM12878
ENSG00000222032,-4.284038511376258,0.00654632010629602,GM12878
ENSG00000113273,-2.003110350324294,2.7666375487952977e-44,GM12878
ENSG00000171914,-5.142434559866276,1.3808890396283332e-192,GM12878
ENSG00000011105,-7.896232789484347,6.525713156055212e-57,GM12878
ENSG00000105856,-2.2187751146208354,3.872255391201026e-24,GM12878
ENSG00000003393,-2.5901890306797815,1.930755074812553e-52,GM12878
ENSG00000061676,-7.145878209220733,0.0,GM12878
ENSG00000176170,-5.890628588403931,3.1527623098927414e-114,GM12878
ENSG00000122694,-2.9399460830049535,1.1230755208430213e-36,GM12878
ENSG00000188026,-4.840385558120837,4.973397782714774e-78,GM12878
ENSG00000171621,-3.171845628837801,1.0121085436286004e-26,GM12878
ENSG00000117114,-4.595551283668049,3.6091163649460067e-07,GM12878
ENSG00000177096,-2.5394349332114223,4.859246122195913e-19,GM12878
ENSG00000181826,-2.0696836466414195,1.0313427162683416e-18,GM12878
ENSG00000165029,-4.711579511339999,3.3758998049196496e-56,GM12878
ENSG00000116774,-9.540998648534453,1.3782825353069267e-51,GM12878
ENSG00000138593,-2.0616205494350397,1.8120699217007094e-73,GM12878
ENSG00000104863,-2.3529803723308795,7.646574501356167e-12,GM12878
ENSG00000138640,-5.735387649145552,6.868489084359954e-55,GM12878
ENSG00000170421,-2.892094719118671,1.418944180451516e-54,GM12878
ENSG00000179242,-10.291698174662981,5.4295149439355774e-12,GM12878
ENSG00000014914,-3.9766606695229902,6.103352944110525e-32,GM12878
ENSG00000274654,-5.0647221087696215,1.9788687914355914e-12,GM12878
ENSG00000148248,-2.343307693050441,1.069779130688041e-93,GM12878
ENSG00000182871,-7.145858633740107,1.1954109393643857e-73,GM12878
ENSG00000135541,-2.5224884252925763,3.6932394941327732e-53,GM12878
ENSG00000186866,-2.921356321507038,5.9905561756120665e-59,GM12878
ENSG00000167779,-9.331543273474955,2.1887711601065484e-104,GM12878
ENSG00000228412,-7.029497316392991,0.00953464607004027,GM12878
ENSG00000011426,-2.8786506126963016,1.4416319368040847e-22,GM12878
ENSG00000161714,-5.821370915338179,1.0685558884532496e-106,GM12878
ENSG00000249042,-4.7504400082272324,4.3065373231201405e-14,GM12878
ENSG00000105245,-2.5793090624994344,1.2507046870597344e-67,GM12878
ENSG00000261488,-3.7124992356405633,3.420756638538204e-05,GM12878
ENSG00000115486,-2.6282360114528998,3.5602215102163046e-66,GM12878
ENSG00000136738,-2.052061163422752,3.717875846551058e-52,GM12878
ENSG00000178234,-2.1592913045643036,2.097978759196263e-31,GM12878
ENSG00000115170,-8.166788765892214,9.31440060192271e-76,GM12878
ENSG00000172301,-2.1309346812992422,1.7183330532141404e-37,GM12878
ENSG00000160145,-4.202084290957846,8.571366659791974e-14,GM12878
ENSG00000214063,-4.631106141664746,1.0567322725130862e-196,GM12878
ENSG00000115520,-2.128914042537465,9.02270871763953e-44,GM12878
ENSG00000227051,-8.892529178995673,6.37650860126076e-76,GM12878
ENSG00000137960,-2.0021747456955294,0.007164518484371787,GM12878
ENSG00000143322,-2.6918009493365864,1.75959443229688e-74,GM12878
ENSG00000116285,-2.1416204284324905,8.239610853878216e-33,GM12878
ENSG00000132386,-3.4391826898681552,7.414061617178232e-13,GM12878
ENSG00000140941,-2.3664269500620847,1.0765914814523891e-35,GM12878
ENSG00000148143,-2.820238465561617,1.8309648481836474e-46,GM12878
ENSG00000163879,-4.50524556911013,2.72195792197399e-06,GM12878
ENSG00000139946,-4.805895883073233,2.6322247491056495e-09,GM12878
ENSG00000106070,-5.840689851146435,2.4569675347556544e-72,GM12878
ENSG00000141736,-3.700893124685076,1.1178106245472927e-144,GM12878
ENSG00000002834,-2.2279656617495696,8.732429214881994e-76,GM12878
ENSG00000176490,-6.187258600821913,1.8858785695562748e-53,GM12878
ENSG00000198324,-3.115694199139881,1.145384219542637e-43,GM12878
ENSG00000223802,-3.287924031568039,0.004844729659328918,GM12878
ENSG00000178386,-4.554471143747512,0.002289960542474992,GM12878
ENSG00000142192,-2.3582430579039513,2.44797790434348e-100,GM12878
ENSG00000100320,-8.971837218585865,1.806408508012881e-206,GM12878
ENSG00000222041,-2.979434334366982,1.245258218870604e-63,GM12878
ENSG00000165476,-2.225376594331551,2.3385189777261965e-71,GM12878
ENSG00000280721,-2.8181848625057744,0.013763917436150904,GM12878
ENSG00000120708,-10.139364157788005,5.950913986497144e-237,GM12878
ENSG00000196781,-5.868068054262002,4.1874748436626526e-30,GM12878
ENSG00000163517,-5.040042816012123,3.39378932012994e-44,GM12878
ENSG00000154240,-5.2854786733225545,1.3808800829673752e-26,GM12878
ENSG00000253953,-6.054001293312449,8.927555713149088e-06,GM12878
ENSG00000232284,-6.078969527944673,0.024017910737574467,GM12878
ENSG00000137575,-2.7717532775417273,5.8055448850391676e-89,GM12878
ENSG00000080546,-2.527660064702791,8.345111337904238e-26,GM12878
ENSG00000171943,-2.1664591472028283,1.0438430631711663e-16,GM12878
ENSG00000154309,-2.4056993561862257,1.3025518103602413e-17,GM12878
ENSG00000256029,-6.031691930182121,0.02404386843059966,GM12878
ENSG00000166780,-6.295423677610066,9.578480882007914e-48,GM12878
ENSG00000117385,-2.3648620407248147,9.885199825337954e-50,GM12878
ENSG00000182240,-6.187433442570484,1.016524733335027e-18,GM12878
ENSG00000242498,-8.411904085290931,1.3894512639461567e-27,GM12878
ENSG00000167535,-3.6206324886376646,1.3803046406495822e-78,GM12878
ENSG00000151208,-3.2016520989896713,8.484135061083911e-172,GM12878
ENSG00000143147,-4.793084564386915,2.5389337137319368e-61,GM12878
ENSG00000011405,-2.1909160981742604,4.899434157292605e-50,GM12878
ENSG00000106723,-2.4553386631334595,1.4114788809289983e-86,GM12878
ENSG00000121440,-7.8465319159323705,3.9419272434699704e-53,GM12878
ENSG00000116005,-4.170630161427766,1.7152573209043238e-165,GM12878
ENSG00000107566,-2.4235313715071487,4.348907263710182e-49,GM12878
ENSG00000130176,-4.49341402299843,1.2853164526415944e-28,GM12878
ENSG00000167110,-2.213405667511052,8.300667052010271e-61,GM12878
ENSG00000118596,-2.2718308002762737,6.833506859538106e-48,GM12878
ENSG00000125864,-3.922571549066239,6.0466390246812325e-09,GM12878
ENSG00000244588,-4.588070938693936,0.0021421067484500332,GM12878
ENSG00000162522,-3.4189439517375453,4.665658407990235e-14,GM12878
ENSG00000116641,-2.2191079398919435,8.413688613417409e-54,GM12878
ENSG00000115556,-2.5529239255388556,0.001073671805330489,GM12878
ENSG00000261573,-8.07024753421573,0.002913075238292965,GM12878
ENSG00000123989,-3.8553225620760307,1.507765261509115e-94,GM12878
ENSG00000074219,-6.976241843040282,1.9996369281291328e-46,GM12878
ENSG00000164040,-2.5237583192681443,1.2686231482089144e-34,GM12878
ENSG00000138814,-4.898202545843009,3.850061293257423e-170,GM12878
ENSG00000078269,-6.076611641937383,1.4338231185045915e-143,GM12878
ENSG00000165152,-9.122831154490997,2.1830235691387985e-42,GM12878
ENSG00000144645,-5.993273736683979,1.7288932056060514e-30,GM12878
ENSG00000143776,-7.365622068457462,1.8021344644552587e-237,GM12878
ENSG00000174059,-2.8606870876176496,0.0017755337830807542,GM12878
ENSG00000100600,-4.023417308025717,1.2065970129615977e-89,GM12878
ENSG00000084731,-4.483831479650227,4.214199207018686e-111,GM12878
ENSG00000108861,-3.147810546654681,2.463767642736131e-98,GM12878
ENSG00000178980,-2.0905009878429524,4.130301653457106e-51,GM12878
ENSG00000088538,-2.1017389987787274,0.001879926867104932,GM12878
ENSG00000118689,-3.29575750353145,8.843213923487562e-75,GM12878
ENSG00000167653,-4.101732099634884,2.489767693033462e-08,GM12878
ENSG00000186854,-2.0996033202712936,4.090729993936316e-06,GM12878
ENSG00000137494,-2.9017158028853194,4.616242788109495e-33,GM12878
ENSG00000170876,-2.2667654747374395,5.1325842305416686e-82,GM12878
ENSG00000113657,-6.373356124500944,1.1910825491121346e-159,GM12878
ENSG00000229334,-6.491734329694072,0.01583324529704854,GM12878
ENSG00000155366,-2.07473847906053,2.4866706465992972e-64,GM12878
ENSG00000149201,-5.299977362857475,1.1705137488890175e-15,GM12878
ENSG00000150556,-4.0076026803778975,2.3187987642425203e-07,GM12878
ENSG00000142920,-3.448026013568718,1.2382716077171612e-12,GM12878
ENSG00000123342,-12.369074459725885,3.933512875072744e-06,GM12878
ENSG00000143891,-3.056364118302301,1.273938444065437e-22,GM12878
ENSG00000163785,-2.406589241449792,1.3843237482710676e-65,GM12878
ENSG00000146072,-3.8620916949138735,0.00021005354376761007,GM12878
ENSG00000066629,-7.952798696156964,9.788930040381202e-36,GM12878
ENSG00000198561,-2.0916120478013496,2.363233680926934e-65,GM12878
ENSG00000141447,-6.227640825862138,5.810665553997132e-29,GM12878
ENSG00000101236,-2.7404560961640083,7.659671906473454e-47,GM12878
ENSG00000164951,-2.297678972847062,3.1152919790553263e-38,GM12878
ENSG00000175155,-2.7515118062928234,5.038322604804087e-15,GM12878
ENSG00000196782,-4.133312387249476,1.6778979269403847e-20,GM12878
ENSG00000081087,-2.522124199618215,7.342340081251143e-70,GM12878
ENSG00000122367,-3.776078423722322,2.5243948854463062e-06,GM12878
ENSG00000196569,-6.296945148137063,4.136179393172161e-77,GM12878
ENSG00000075275,-3.040925749101761,4.094554595159046e-48,GM12878
ENSG00000205726,-3.4457660137257022,2.585517952155886e-146,GM12878
ENSG00000167100,-2.5562341793060472,5.120714390676672e-07,GM12878
ENSG00000145012,-7.7738675428501995,6.760930461953454e-231,GM12878
ENSG00000166920,-3.1710240544535533,0.002140844329329563,GM12878
ENSG00000140939,-2.1657564335193804,4.1470326562833565e-23,GM12878
ENSG00000146267,-5.14832192026676,3.6038960921251433e-06,GM12878
ENSG00000156011,-3.083308248339505,3.743527483090534e-52,GM12878
ENSG00000164930,-3.325334903953272,3.1210112827095786e-110,GM12878
ENSG00000138771,-8.884411759474656,4.994592784444099e-104,GM12878
ENSG00000111666,-2.657372880270568,7.902420411086282e-35,GM12878
ENSG00000175183,-6.391484159462657,1.7184416185187996e-27,GM12878
ENSG00000117139,-2.7729764846731415,4.102645774348101e-60,GM12878
ENSG00000013375,-2.364283540711136,6.101767422567438e-73,GM12878
ENSG00000132561,-7.214090218465248,5.315265057447421e-11,GM12878
ENSG00000116096,-2.969171249953926,1.450024539158298e-41,GM12878
ENSG00000085449,-2.040335226317057,9.163653972801466e-46,GM12878
ENSG00000161298,-2.8335119839559444,1.6668411266413237e-13,GM12878
ENSG00000151276,-6.626791544363337,8.124804058616499e-107,GM12878
ENSG00000111305,-6.5841462864904035,0.014684665343054416,GM12878
ENSG00000143473,-8.95089245515006,0.0009095758693306661,GM12878
ENSG00000143198,-2.337811795196752,2.924331965095061e-64,GM12878
ENSG00000173852,-2.435998248856762,8.738421367761873e-42,GM12878
ENSG00000166450,-3.7031425324347285,0.002062609535356735,GM12878
ENSG00000099822,-2.6465448160760414,9.529837313478391e-17,GM12878
ENSG00000149948,-7.751780967923025,3.5020293700722005e-120,GM12878
ENSG00000183715,-8.234629871765582,0.0029858169569140385,GM12878
ENSG00000173838,-4.469039892942498,0.00012933992701679397,GM12878
ENSG00000145934,-5.901164457177042,2.677431340075717e-11,GM12878
ENSG00000170271,-3.8499273524929065,4.007243427316294e-16,GM12878
ENSG00000107130,-9.82190546733294,1.495057970947646e-112,GM12878
ENSG00000134294,-3.2629271438270204,9.969885636276409e-113,GM12878
ENSG00000142875,-2.084871431131168,2.0797462495694793e-48,GM12878
ENSG00000136002,-3.59198988529994,1.7204542701684075e-07,GM12878
ENSG00000139324,-2.9978032721337984,2.702012620024499e-119,GM12878
ENSG00000168575,-2.34443101915521,1.8431362843454746e-38,GM12878
ENSG00000181045,-3.0402903770669267,2.339229646326358e-40,GM12878
ENSG00000132535,-3.4724144762896767,7.434703030740501e-75,GM12878
ENSG00000087076,-2.511759418488617,2.033420786703245e-06,GM12878
ENSG00000135678,-2.2404678545642884,2.3364748334105062e-08,GM12878
ENSG00000138311,-8.904420340650091,1.9231765686141758e-17,GM12878
ENSG00000007866,-8.447959621214002,5.66715951311045e-73,GM12878
ENSG00000153814,-6.526306182524317,1.3340716713990578e-57,GM12878
ENSG00000176222,-2.3513370373534186,5.7070850448207134e-08,GM12878
ENSG00000230074,-3.3744813178881854,2.3364748334105062e-08,GM12878
ENSG00000229097,-2.3859495723013047,0.02945015580391722,GM12878
ENSG00000184635,-2.065601303318184,3.749306852150719e-08,GM12878
ENSG00000188215,-3.292417664439196,1.3258297016440862e-58,GM12878
ENSG00000004399,-7.7890530946026,1.8029006416142674e-173,GM12878
ENSG00000197296,-3.2034263859361367,2.008660087798996e-76,GM12878
ENSG00000114861,-5.529531761443627,2.506699517009522e-64,GM12878
ENSG00000113758,-2.4789578961796326,8.257233874627677e-134,GM12878
ENSG00000185483,-6.162425774711089,6.942465928295262e-51,GM12878
ENSG00000253767,-5.421357534990325,9.512827012442028e-07,GM12878
ENSG00000160691,-4.130696818124878,2.4589642131423218e-160,GM12878
ENSG00000164237,-2.1752781064327458,2.6707978005117857e-37,GM12878
ENSG00000132694,-3.0366759158315837,3.6991699043249143e-106,GM12878
ENSG00000271425,-4.984683147695162,7.676889472109588e-17,GM12878
ENSG00000166311,-3.468385601122021,1.599815368171176e-146,GM12878
ENSG00000102908,-2.3168122513542175,4.255564630425095e-15,GM12878
ENSG00000137393,-3.162529233576916,1.805184867991188e-07,GM12878
ENSG00000075391,-6.962920429473784,1.7415566465009048e-142,GM12878
ENSG00000189171,-3.569904751053904,8.941201475398841e-78,GM12878
ENSG00000011566,-6.952841749931538,1.3108309429546593e-107,GM12878
ENSG00000162999,-2.6564744189087293,4.271570525377315e-15,GM12878
ENSG00000249406,-5.58544483236268,0.034758410631405834,GM12878
ENSG00000152990,-2.750367669415771,4.81392360305319e-39,GM12878
ENSG00000143819,-3.452501457528542,3.5336401737428457e-62,GM12878
ENSG00000121454,-3.6989471032426913,0.0015899005452039063,GM12878
ENSG00000172346,-5.6329920094501,6.362170987455089e-23,GM12878
ENSG00000151693,-8.694122770594634,6.679258039776838e-100,GM12878
ENSG00000188266,-3.411029685216504,4.912331910919452e-13,GM12878
ENSG00000155893,-2.9826918853393845,1.3675030086867521e-11,GM12878
ENSG00000174912,-5.116522590360607,0.0005739939489666444,GM12878
ENSG00000171811,-2.03931672469461,0.03424741093627554,GM12878
ENSG00000157224,-2.8720745445143465,1.3270877121326155e-72,GM12878
ENSG00000169047,-4.7933565458491,1.1899163409672172e-196,GM12878
ENSG00000108551,-4.383635272649626,0.004922042420242928,GM12878
ENSG00000198342,-3.216685299830012,2.1788682228787795e-17,GM12878
ENSG00000197646,-4.154612488602134,6.495032778798326e-61,GM12878
ENSG00000111664,-4.472533107245013,1.4078982470686052e-20,GM12878
ENSG00000111110,-4.623785603859388,1.8697659319160922e-28,GM12878
ENSG00000237624,-2.534480873502095,0.0025028027946164474,GM12878
ENSG00000164929,-3.1528678729953117,0.0006152126186490186,GM12878
ENSG00000170909,-2.6494628117525183,0.007535694187280976,GM12878
ENSG00000169905,-2.0334016509528974,2.817168194661509e-33,GM12878
ENSG00000149260,-6.741010057442129,5.833664947605761e-81,GM12878
ENSG00000179604,-2.8904497294189975,2.5807530772663965e-35,GM12878
ENSG00000113269,-3.794327133710328,1.8434802500441185e-06,GM12878
ENSG00000175287,-5.710789774827397,1.053125812811664e-09,GM12878
ENSG00000187634,-8.820949987768941,1.158625685851207e-23,GM12878
ENSG00000143641,-2.8129300992223527,9.987400203966843e-126,GM12878
ENSG00000105974,-9.83139860012278,0.0,GM12878
ENSG00000235092,-2.783328528847201,0.006518933635970461,GM12878
ENSG00000152684,-2.2861109413635377,2.756121066372727e-46,GM12878
ENSG00000285844,-4.177822360448067,2.7685203596892985e-07,GM12878
ENSG00000160097,-2.231430132985348,0.040834929749861915,GM12878
ENSG00000178460,-2.6781370876494597,0.00030906404160544983,GM12878
ENSG00000173166,-8.416023684661646,6.481866992663738e-129,GM12878
ENSG00000186174,-3.090802740025762,5.510921119169884e-169,GM12878
ENSG00000251348,-2.193267384010289,0.0002071509017974224,GM12878
ENSG00000244405,-2.548873968581502,1.4375570905591487e-43,GM12878
ENSG00000134245,-4.789191762471185,1.4039031182759963e-21,GM12878
ENSG00000176928,-7.9735368896288445,1.2283850550994583e-25,GM12878
ENSG00000231312,-5.860460145099913,9.144434420983777e-14,GM12878
ENSG00000275120,-2.9057080423782513,0.0036085155733752918,GM12878
ENSG00000068001,-2.0378319115884116,9.201229271416924e-35,GM12878
ENSG00000123096,-7.398313921376066,1.8656194283512109e-25,GM12878
ENSG00000253304,-7.579456399833022,7.63793412960331e-35,GM12878
ENSG00000182310,-2.99817918069211,8.796115951535164e-18,GM12878
ENSG00000138759,-3.006098003017092,0.0006501714048748624,GM12878
ENSG00000071282,-3.8644851215588516,7.146469996423953e-17,GM12878
ENSG00000150667,-2.3432067690778107,3.660230914986026e-08,GM12878
ENSG00000148426,-2.891047112271882,4.899369085489227e-06,GM12878
ENSG00000162390,-2.431316931481002,1.0462759738839606e-12,GM12878
ENSG00000110315,-2.138060600941912,1.6646903065374583e-31,GM12878
ENSG00000162631,-2.589731748657694,1.704806591292247e-07,GM12878
ENSG00000136848,-7.042197558471071,1.1294275769204352e-126,GM12878
ENSG00000203772,-8.938761192793686,0.0029615833059152947,GM12878
ENSG00000088543,-3.8138902328160236,9.767856340514328e-41,GM12878
ENSG00000117155,-3.287586737475718,2.6234292177501455e-48,GM12878
ENSG00000156381,-2.15079116905948,1.5606190957617188e-22,GM12878
ENSG00000198420,-2.552606119937645,1.282734298353042e-32,GM12878
ENSG00000143797,-5.198944482886688,3.1332448125957117e-139,GM12878
ENSG00000165912,-4.52334234458411,3.8973993808427915e-25,GM12878
ENSG00000197712,-5.79319998308191,5.175361573983987e-218,GM12878
ENSG00000139132,-4.366304015655943,2.672550020842892e-18,GM12878
ENSG00000143545,-2.4686677776283488,3.4472154800914734e-26,GM12878
ENSG00000010278,-2.8517916035007302,3.3485703371234374e-39,GM12878
ENSG00000121753,-5.470416802434674,3.1342716970717942e-47,GM12878
ENSG00000188010,-2.5895216390894134,6.101730239690251e-14,GM12878
ENSG00000111752,-2.3108138752024865,1.504224721218974e-17,GM12878
ENSG00000165568,-2.6087265554767125,0.04760355092177421,GM12878
ENSG00000232133,-4.812829853334166,0.001275862171525961,GM12878
ENSG00000269019,-6.582992324713786,0.014322326116874274,GM12878
ENSG00000114529,-5.615934384754791,3.1177041422283246e-47,GM12878
ENSG00000109756,-3.309665756995759,5.5885271845543926e-68,GM12878
ENSG00000176834,-3.883702538890804,1.8899759059714853e-57,GM12878
ENSG00000205763,-2.611367345744678,2.1505620566558504e-18,GM12878
ENSG00000261115,-6.405533579157807,3.905565798455726e-35,GM12878
ENSG00000152700,-2.152348325018784,4.929603812927855e-67,GM12878
ENSG00000144712,-2.335717595900762,6.614008440198708e-08,GM12878
