,Term,P-value,Adjusted P-value,Overlap,Combined Score,Genes,Genes Ratio,Genes Number,CellType
0,Extracellular Matrix Organization,2.204447605366046e-09,1.8627582265343093e-06,24/300,96.6694056299728,APP;TGFB1;TGFB3;ITGA3;ACTN1;ITGB3;ITGA2;NTN4;LOXL4;PRKCA;HSPG2;NID2;FBLN5;BMP4;SCUBE3;MFAP4;COL4A2;COL5A3;COL6A2;COL6A1;COL8A2;ADAM9;CD44;FBN1,0.06015037593984962,24,HFFC6
1,Integrin Cell Surface Interactions,4.825901500202e-07,0.00019356590905411327,11/85,117.4364947654955,COL4A2;ITGA3;ITGB3;ITGA2;COL6A2;COL5A3;COL6A1;COL8A2;HSPG2;CD44;FBN1,0.02756892230576441,11,HFFC6
2,Opioid Signalling,8.66379535459948e-07,0.00019356590905411327,11/90,105.55100706440152,PPP3CA;PPP2CB;PLCB4;GNA11;PDE4B;GNB3;PRKCA;GNG12;PRKACB;ADCY7;GNG11,0.02756892230576441,11,HFFC6
3,Elastic Fibre Formation,1.2859216263848504e-06,0.00019356590905411327,8/44,162.69368555809714,BMP4;MFAP4;TGFB1;TGFB3;ITGB3;LOXL4;FBLN5;FBN1,0.020050125313283207,8,HFFC6
4,Non-integrin membrane-ECM Interactions,1.308844857957626e-06,0.00019356590905411327,9/59,131.87948222729312,TGFB1;COL4A2;ITGB3;ACTN1;ITGA2;COL5A3;NTN4;PRKCA;HSPG2,0.022556390977443608,9,HFFC6
5,ECM Proteoglycans,1.3744324903250646e-06,0.00019356590905411327,10/76,110.824728738187,APP;TGFB1;COL4A2;TGFB3;ITGB3;ITGA2;COL6A2;COL5A3;COL6A1;HSPG2,0.02506265664160401,10,HFFC6
6,Molecules Associated With Elastic Fibres,4.5519146179882515e-06,0.0005494811217428675,7/37,154.53010728013754,BMP4;MFAP4;TGFB1;TGFB3;ITGB3;FBLN5;FBN1,0.017543859649122806,7,HFFC6
7,Syndecan Interactions,8.329315333469615e-06,0.0008797839320977281,6/27,179.51456757390304,TGFB1;ITGB3;ACTN1;ITGA2;COL5A3;PRKCA,0.015037593984962405,6,HFFC6
8,High Laminar Flow Shear Stress Activates Signaling by PIEZO1 and PECAM1 CDH5 KDR in Endothelial Cell,4.053205236266331e-05,0.003499752268477,8/69,71.49865989552156,GNA11;PIEZO1;GNB3;GNG12;PRKACB;ADCY7;GNG11;VCL,0.020050125313283207,8,HFFC6
9,Beta-catenin Independent WNT Signaling,4.141718660919614e-05,0.003499752268477,11/134,48.90154239897029,PPP3CA;TCF7L1;WNT5B;SMURF2;GNB3;PRKCA;ROR1;PRICKLE1;GNG12;GNG11;PRKG1,0.02756892230576441,11,HFFC6
10,Cellular Responses to Mechanical Stimuli,5.760200665421707e-05,0.0040561413019011,9/93,56.471203939752705,ITGB3;GNA11;PIEZO1;GNB3;GNG12;PRKACB;ADCY7;GNG11;VCL,0.022556390977443608,9,HFFC6
11,Response of Endothelial Cells to Shear Stress,5.760200665421707e-05,0.0040561413019011,9/93,56.471203939752705,ITGB3;GNA11;PIEZO1;GNB3;GNG12;PRKACB;ADCY7;GNG11;VCL,0.022556390977443608,9,HFFC6
12,Nervous System Development,6.332496687449626e-05,0.0040598584836833,25/567,24.59826001768049,RET;ARHGEF28;ITGB3;NTN4;CACNA1C;EGFR;MYL12B;ROBO1;TUBB6;ALCAM;CLTCL1;PIP5K1C;EPHB2;PRKACB;SCN1B;DSCAM;ITGA2;SCD5;PRKCA;COL4A2;COL5A3;COL6A2;COL6A1;MYL9;FGFR1,0.06265664160401002,25,HFFC6
13,Signal Transduction,6.726392754031549e-05,0.0040598584836833,75/2613,16.39185360430902,RET;APP;DOCK5;ITGB3;PLAT;TNFAIP1;CHD3;ARHGAP5;LRRC1;PPP3CA;TUBB6;BDKRB2;PDE4B;PRKACB;TNS3;PRKG1;WLS;TLE1;WNT5B;ITGA3;ACTN1;ITGA2;PRKCA;KIF7;TEX2;TGFBR2;APBB1IP;CLIP3;PLCB4;COL4A2;LRRC7;COL6A2;RHOJ;COL6A1;TAX1BP3;ROR1;MYL9;VCL;PLPPR2;ARHGEF28;LPAR3;PRICKLE1;ADCY7;EGFR;RTN4;MYL12B;HDAC7;SCUBE2;PPP2CB;HRH1;P2RY6;GNA11;NRIP1;PIP5K1C;NTSR1;PAG1;GABBR2;STARD13;TCF7L1;TGFB1;SMURF2;TGFB3;GNG12;SMAD6;GNG11;SKI;AXL;NEDD4;COL5A3;DLG5;GNB3;FERMT2;PICALM;FGFR1;FBN1,0.18796992481203006,75,HFFC6
14,Axon Guidance,8.071485523708373e-05,0.0045469368450223,24/541,24.09681984730289,RET;DSCAM;ARHGEF28;ITGA2;ITGB3;NTN4;PRKCA;CACNA1C;EGFR;MYL12B;ROBO1;TUBB6;ALCAM;COL4A2;COL5A3;COL6A2;CLTCL1;COL6A1;PIP5K1C;EPHB2;MYL9;PRKACB;SCN1B;FGFR1,0.06015037593984962,24,HFFC6
15,"Platelet Activation, Signaling and Aggregation",0.0001213922066219599,0.0064110259122222,15/262,29.811244571227576,APP;TGFB1;TGFB3;ACTN1;ITGB3;PRKCA;GNG12;GNG11;APBB1IP;ISLR;TMX3;CD109;GNA11;GNB3;VCL,0.03759398496240601,15,HFFC6
16,Hemostasis,0.00014657476907360518,0.0072856282274821,28/707,20.11242513622473,APP;DOCK5;ITGB3;PLAT;PPP2CB;ISLR;TUBB6;GNA11;SIRPA;PRKACB;PRKG1;TGFB1;TGFB3;ITGA3;ACTN1;ITGA2;PRKCA;GNG12;GNG11;APBB1IP;P2RX6;TMX3;CD109;KCNMA1;MAFF;GNB3;CD44;VCL,0.07017543859649122,28,HFFC6
17,Ca2+ Pathway,0.0001617913624511631,0.0075952056261796,7/63,58.673313572313965,PPP3CA;TCF7L1;GNB3;PRKCA;GNG12;GNG11;PRKG1,0.017543859649122806,7,HFFC6
18,Integration of Energy Metabolism,0.00018367319355248128,0.0080711537064307,9/108,42.19084489071622,PPP2CB;GNA11;GNB3;PRKCA;CACNA1C;GNG12;PRKACB;GNG11;ADCY7,0.022556390977443608,9,HFFC6
19,Response to Elevated Platelet Cytosolic Ca2+,0.0001910332238208455,0.0080711537064307,10/133,37.617077843117166,APP;ISLR;TMX3;TGFB1;TGFB3;ACTN1;CD109;ITGB3;PRKCA;VCL,0.02506265664160401,10,HFFC6
20,Laminin Interactions,0.00020793985476070916,0.0083671036796571,5/30,90.82395736197086,COL4A2;ITGA3;ITGA2;NID2;HSPG2,0.012531328320802004,5,HFFC6
21,TGF-beta Receptor Signaling Activates SMADs,0.0002210625381343379,0.0084908111237961,6/47,66.10362885003278,TGFB1;SMURF2;TGFB3;ITGB3;TGFBR2;FBN1,0.015037593984962405,6,HFFC6
22,G Alpha (Q) Signalling Events,0.00023964835243391375,0.0088044720785503,13/219,28.54202127850203,APP;PRKCA;LPAR3;GNG12;GNG11;EGFR;HRH1;P2RY6;PLCB4;GNA11;BDKRB2;GNB3;NTSR1,0.03258145363408521,13,HFFC6
23,Degradation of the Extracellular Matrix,0.00028974353374130644,0.0102013869171418,10/140,33.8480469087543,SCUBE3;COL4A2;COL5A3;COL6A2;COL6A1;COL8A2;ADAM9;HSPG2;CD44;FBN1,0.02506265664160401,10,HFFC6
24,Glucagon Signaling in Metabolic Regulation,0.00033087371959833066,0.0111835317224235,5/33,76.63835851399152,GNB3;GNG12;ADCY7;PRKACB;GNG11,0.012531328320802004,5,HFFC6
25,Regulation of Insulin Secretion,0.0006094062419531484,0.0198057028634773,7/78,39.21678540771582,GNA11;GNB3;PRKCA;CACNA1C;GNG12;PRKACB;GNG11,0.017543859649122806,7,HFFC6
26,Platelet Degranulation,0.0006478949935322903,0.0202767136864735,9/128,29.925797103905307,APP;ISLR;TMX3;TGFB1;TGFB3;ACTN1;CD109;ITGB3;VCL,0.022556390977443608,9,HFFC6
27,G Alpha (I) Signalling Events,0.0008819480368726805,0.023850710581188,15/316,19.02942234928028,APP;GABBR2;PRKCA;LPAR3;GNG12;GNG11;ADCY7;PPP3CA;PPP2CB;PLCB4;GNA11;BDKRB2;PDE4B;GNB3;PRKACB,0.03759398496240601,15,HFFC6
28,Assembly of Collagen Fibrils and Other Multimeric Structures,0.000919710915008814,0.023850710581188,6/61,40.90181768611042,COL4A2;COL6A2;COL5A3;COL6A1;COL8A2;LOXL4,0.015037593984962405,6,HFFC6
29,DARPP-32 Events,0.000922713759100546,0.023850710581188,4/24,74.67653785337095,PPP2CB;PPP3CA;PDE4B;PRKACB,0.010025062656641603,4,HFFC6
30,G-protein Activation,0.000922713759100546,0.023850710581188,4/24,74.67653785337095,GNA11;GNB3;GNG12;GNG11,0.010025062656641603,4,HFFC6
31,Thromboxane Signalling Through TP Receptor,0.000922713759100546,0.023850710581188,4/24,74.67653785337095,GNA11;GNB3;GNG12;GNG11,0.010025062656641603,4,HFFC6
32,Signaling by WNT,0.0010004518731225,0.023850710581188,14/287,19.20531016294858,TCF7L1;TLE1;WNT5B;SMURF2;PRKCA;PRICKLE1;GNG12;GNG11;PPP3CA;PPP2CB;GNB3;ROR1;PRKG1;WLS,0.03508771929824561,14,HFFC6
33,NCAM1 Interactions,0.0010346678848171,0.023850710581188,5/42,49.72272797458809,COL4A2;COL5A3;COL6A2;COL6A1;CACNA1C,0.012531328320802004,5,HFFC6
34,ADP Signalling Through P2Y Purinoceptor 1,0.0010825345326647,0.023850710581188,4/25,69.49124249513967,GNA11;GNB3;GNG12;GNG11,0.010025062656641603,4,HFFC6
35,NCAM Signaling for Neurite Out-Growth,0.0010911030469493,0.023850710581188,6/63,38.49808801551007,COL4A2;COL6A2;COL5A3;COL6A1;CACNA1C;FGFR1,0.015037593984962405,6,HFFC6
36,ADORA2B Mediated Anti-Inflammatory Cytokines Production,0.0011532320587357,0.023850710581188,5/43,47.64767560302371,GNB3;GNG12;ADCY7;PRKACB;GNG11,0.012531328320802004,5,HFFC6
37,Activation of GABAB Receptors,0.0011532320587357,0.023850710581188,5/43,47.64767560302371,GABBR2;GNB3;GNG12;ADCY7;GNG11,0.012531328320802004,5,HFFC6
38,GABA B Receptor Activation,0.0011532320587357,0.023850710581188,5/43,47.64767560302371,GABBR2;GNB3;GNG12;ADCY7;GNG11,0.012531328320802004,5,HFFC6
39,Vasopressin Regulates Renal Water Homeostasis via Aquaporins,0.0011532320587357,0.023850710581188,5/43,47.64767560302371,GNB3;GNG12;ADCY7;PRKACB;GNG11,0.012531328320802004,5,HFFC6
40,Platelet Homeostasis,0.0011696091029775,0.023850710581188,7/87,31.725234152864783,PPP2CB;P2RX6;KCNMA1;GNB3;GNG12;GNG11;PRKG1,0.017543859649122806,7,HFFC6
41,Collagen Degradation,0.0011854791058105,0.023850710581188,6/64,37.3722432490576,COL4A2;COL6A2;COL5A3;COL6A1;COL8A2;ADAM9,0.015037593984962405,6,HFFC6
42,Collagen Chain Trimerization,0.0012815593201102,0.0251841308254214,5/44,45.699553946380526,COL4A2;COL5A3;COL6A2;COL6A1;COL8A2,0.012531328320802004,5,HFFC6
43,GPER1 Signaling,0.0014201304605642,0.0272729599812914,5/45,43.8678965409655,GNB3;GNG12;ADCY7;PRKACB;GNG11,0.012531328320802004,5,HFFC6
44,"Adrenaline,noradrenaline Inhibits Insulin Secretion",0.0016771091831651,0.0314923835505457,4/28,56.89798082745308,GNB3;CACNA1C;GNG12;GNG11,0.010025062656641603,4,HFFC6
45,L1CAM Interactions,0.0018006185523533,0.0317669847573687,8/120,24.26999641231648,TUBB6;ALCAM;ITGB3;ITGA2;EPHB2;SCN1B;EGFR;FGFR1,0.020050125313283207,8,HFFC6
46,Signaling by TGF-beta Receptor Complex,0.0018352403237109,0.0317669847573687,7/94,27.21616516855682,SKI;TGFB1;SMURF2;TGFB3;ITGB3;TGFBR2;FBN1,0.017543859649122806,7,HFFC6
47,G Alpha (Z) Signalling Events,0.0019021866190646,0.0317669847573687,5/48,38.98253178614558,GNB3;PRKCA;GNG12;ADCY7;GNG11,0.012531328320802004,5,HFFC6
48,Activation of G Protein Gated Potassium Channels,0.0019172973048826,0.0317669847573687,4/29,53.47534239830674,GABBR2;GNB3;GNG12;GNG11,0.010025062656641603,4,HFFC6
49,G Protein Gated Potassium Channels,0.0019172973048826,0.0317669847573687,4/29,53.47534239830674,GABBR2;GNB3;GNG12;GNG11,0.010025062656641603,4,HFFC6
50,Inhibition of Voltage Gated Ca2+ Channels via Gbeta Gamma Subunits,0.0019172973048826,0.0317669847573687,4/29,53.47534239830674,GABBR2;GNB3;GNG12;GNG11,0.010025062656641603,4,HFFC6
51,PLC Beta Mediated Events,0.0020866323072687,0.0339077749931175,5/49,37.53185928325587,PLCB4;GNA11;PRKCA;PRKACB;ADCY7,0.012531328320802004,5,HFFC6
52,Chondroitin Sulfate Dermatan Sulfate Metabolism,0.0022837888412335,0.0364113503932511,5/50,36.159171331825405,CSGALNACT1;DSEL;CSGALNACT2;CSPG4;HSPG2,0.012531328320802004,5,HFFC6
53,Turbulent Flow Shear Stress Activates Signaling by PIEZO1 and Integrins in Endothelial Cells,0.0024671057949837,0.0386056369770609,4/31,47.514105060702576,ITGB3;GNA11;PIEZO1;VCL,0.010025062656641603,4,HFFC6
54,Aquaporin-mediated Transport,0.0027182428963332,0.0417620954073023,5/52,33.625725013044004,GNB3;GNG12;PRKACB;ADCY7;GNG11,0.012531328320802004,5,HFFC6
55,Thrombin Signalling Through Proteinase Activated Receptors (PARs),0.002778830722736,0.0419305707269995,4/32,44.907005282060595,GNA11;GNB3;GNG12;GNG11,0.010025062656641603,4,HFFC6
56,Signal Amplification,0.0031164812270881,0.04620046731385,4/33,42.51154532324216,GNA11;GNB3;GNG12;GNG11,0.010025062656641603,4,HFFC6
57,G-protein Mediated Events,0.0032095763038653,0.0467602064959693,5/54,31.34293743677844,PLCB4;GNA11;PRKCA;PRKACB;ADCY7,0.012531328320802004,5,HFFC6
58,Post-translational Protein Phosphorylation,0.00381314276218,0.0545530882943167,7/107,20.91594040850625,BMP4;CST3;APP;CDH2;WFS1;IGFBP7;FBN1,0.017543859649122806,7,HFFC6
59,Inwardly Rectifying K+ Channels,0.0038735920682355,0.0545530882943167,4/35,38.2663000913338,GABBR2;GNB3;GNG12;GNG11,0.010025062656641603,4,HFFC6
60,Cell-extracellular Matrix Interactions,0.0042004919913545,0.0572486408499131,3/18,58.33623190101404,ACTN1;RSU1;FERMT2,0.007518796992481203,3,HFFC6
61,G Beta Gamma Signalling Through BTK,0.0042004919913545,0.0572486408499131,3/18,58.33623190101404,GNB3;GNG12;GNG11,0.007518796992481203,3,HFFC6
62,Signaling by PDGF,0.0043789949393068,0.0587341384716556,5/58,27.40385711229944,COL4A2;COL6A2;COL5A3;COL6A1;PLAT,0.012531328320802004,5,HFFC6
63,SMAD2 3 Phosphorylation Motif Mutants in Cancer,0.0048997043709981,0.0620568736204892,2/6,141.4324397149718,TGFB1;TGFBR2,0.005012531328320802,2,HFFC6
64,TGFBR1 KD Mutants in Cancer,0.0048997043709981,0.0620568736204892,2/6,141.4324397149718,TGFB1;TGFBR2,0.005012531328320802,2,HFFC6
65,Prostacyclin Signalling Through Prostacyclin Receptor,0.0049201867368153,0.0620568736204892,3/19,53.10708204197852,GNB3;GNG12;GNG11,0.007518796992481203,3,HFFC6
66,Neurotransmitter Receptors and Postsynaptic Signal Transmission,0.0049204858373642,0.0620568736204892,10/204,14.747744451992157,GABBR2;TUBB6;LRRC7;GNB3;PRKCA;GNG12;PRKACB;GNG11;KIF17;ADCY7,0.02506265664160401,10,HFFC6
67,GABA Receptor Activation,0.0050650865843106,0.0629411494668014,5/60,25.696996356676294,GABBR2;GNB3;GNG12;ADCY7;GNG11,0.012531328320802004,5,HFFC6
68,Cooperation of PDCL (PhLP1) and TRiC CCT in G-protein Beta Folding,0.0052283916304933,0.0640288540256074,4/38,33.00057785812697,GNA11;GNB3;GNG12;GNG11,0.010025062656641603,4,HFFC6
69,Chondroitin Sulfate Biosynthesis,0.0057097375407013,0.0664338386257739,3/20,48.58091361377718,CSGALNACT1;CSGALNACT2;CSPG4,0.007518796992481203,3,HFFC6
70,G Beta Gamma Signalling Through CDC42,0.0057097375407013,0.0664338386257739,3/20,48.58091361377718,GNB3;GNG12;GNG11,0.007518796992481203,3,HFFC6
71,G Beta Gamma Signalling Through PLC Beta,0.0057097375407013,0.0664338386257739,3/20,48.58091361377718,GNB3;GNG12;GNG11,0.007518796992481203,3,HFFC6
72,Clathrin-mediated Endocytosis,0.0057392546978479,0.0664338386257739,8/145,16.18097718453847,SGIP1;DNAJC6;CLTCL1;PACSIN3;PIP5K1C;EGFR;PICALM;EPN2,0.020050125313283207,8,HFFC6
73,Presynaptic Function of Kainate Receptors,0.0065708585966269,0.0733331559357053,3/21,44.6319960699066,GNB3;GNG12;GNG11,0.007518796992481203,3,HFFC6
74,Signal Transduction by L1,0.0065708585966269,0.0733331559357053,3/21,44.6319960699066,ITGB3;EGFR;FGFR1,0.007518796992481203,3,HFFC6
75,Collagen Formation,0.0065956447942172,0.0733331559357053,6/90,19.20591041930012,COL4A2;COL6A2;COL5A3;COL6A1;COL8A2;LOXL4,0.015037593984962405,6,HFFC6
76,Loss of Function of SMAD2 3 in Cancer,0.0067757298845696,0.0734037404161715,2/7,106.24419104786637,TGFB1;TGFBR2,0.005012531328320802,2,HFFC6
77,Loss of Function of TGFBR1 in Cancer,0.0067757298845696,0.0734037404161715,2/7,106.24419104786637,TGFB1;TGFBR2,0.005012531328320802,2,HFFC6
78,MET Promotes Cell Motility,0.0068683331707742,0.073449894088822,4/41,28.7457092066645,ITGA3;ITGA2;COL5A3;TNS3,0.010025062656641603,4,HFFC6
79,Chaperonin-mediated Protein Folding,0.0069538361267523,0.073449894088822,6/91,18.779104135523745,TUBB6;GNA11;GNB3;KIFC3;GNG12;GNG11,0.015037593984962405,6,HFFC6
80,Glucagon-like Peptide-1 (GLP1) Regulates Insulin Secretion,0.0074824049227305,0.0764072777005729,4/42,27.506635100967973,GNB3;GNG12;PRKACB;GNG11,0.010025062656641603,4,HFFC6
81,RND3 GTPase Cycle,0.0074824049227305,0.0764072777005729,4/42,27.506635100967973,DLG5;TNFAIP1;ARHGAP5;PICALM,0.010025062656641603,4,HFFC6
82,ADP Signalling Through P2Y Purinoceptor 12,0.007505093549287,0.0764072777005729,3/22,41.16226517797208,GNB3;GNG12;GNG11,0.007518796992481203,3,HFFC6
83,Collagen Biosynthesis and Modifying Enzymes,0.0080654403809148,0.0808371996093815,5/67,20.781818923618847,COL4A2;COL6A2;COL5A3;COL6A1;COL8A2,0.012531328320802004,5,HFFC6
84,RND2 GTPase Cycle,0.0081315526234289,0.0808371996093815,4/43,26.344483081860822,DLG5;TNFAIP1;ARHGAP5;LRRC1,0.010025062656641603,4,HFFC6
85,Regulation of IGF Transport and Uptake by Insulin-like Growth Factor Binding Proteins (IGFBPs),0.0084425048135182,0.081965302934836,7/124,15.312225560171171,BMP4;CST3;APP;CDH2;WFS1;IGFBP7;FBN1,0.017543859649122806,7,HFFC6
86,RNA Polymerase III Transcription Termination,0.0085138227193244,0.081965302934836,3/23,38.09419302939061,NFIX;NFIA;NFIC,0.007518796992481203,3,HFFC6
87,Smooth Muscle Contraction,0.0088165537626505,0.081965302934836,4/44,25.25285892400314,SORBS3;MYL9;VCL;MYL12B,0.010025062656641603,4,HFFC6
88,RUNX3 Regulates YAP1-mediated Transcription,0.0089240329822543,0.081965302934836,2/8,83.65047911086008,TEAD2;TEAD3,0.005012531328320802,2,HFFC6
89,Regulation of Cytoskeletal Remodeling and Cell Spreading by IPP Complex Components,0.0089240329822543,0.081965302934836,2/8,83.65047911086008,ACTN1;RSU1,0.005012531328320802,2,HFFC6
90,Signaling by TGF-beta Receptor Complex in Cancer,0.0089240329822543,0.081965302934836,2/8,83.65047911086008,TGFB1;TGFBR2,0.005012531328320802,2,HFFC6
91,TGFBR3 Regulates TGF-beta Signaling,0.0089240329822543,0.081965302934836,2/8,83.65047911086008,TGFB1;TGFBR2,0.005012531328320802,2,HFFC6
92,Protein Folding,0.0094045934729225,0.0854503385442962,6/97,16.470002977217373,TUBB6;GNA11;GNB3;KIFC3;GNG12;GNG11,0.015037593984962405,6,HFFC6
93,Glycosaminoglycan Metabolism,0.0095648477243904,0.085981875820318,7/127,14.536895604686189,CSGALNACT1;EXT2;DSEL;CSGALNACT2;CSPG4;HSPG2;CD44,0.017543859649122806,7,HFFC6
94,Signaling by TGFB Family Members,0.0105076596144556,0.0934628670970005,8/161,12.780331657959596,SKI;TGFB1;SMURF2;TGFB3;ITGB3;SMAD6;FBN1;TGFBR2,0.020050125313283207,8,HFFC6
95,G Beta Gamma Signalling Through PI3Kgamma,0.0107595100697566,0.0947061042598376,3/25,32.926720408985865,GNB3;GNG12;GNG11,0.007518796992481203,3,HFFC6
96,EGFR Transactivation by Gastrin,0.0113339219045604,0.0977261633607508,2/9,68.06479225733574,PRKCA;EGFR,0.005012531328320802,2,HFFC6
97,ROBO Receptors Bind AKAP5,0.0113339219045604,0.0977261633607508,2/9,68.06479225733574,PRKCA;PRKACB,0.005012531328320802,2,HFFC6
98,Downregulation of TGF-beta Receptor Signaling,0.0119984740146973,0.1023289470120261,3/26,30.736128398454216,TGFB1;SMURF2;TGFBR2,0.007518796992481203,3,HFFC6
99,Transmission Across Chemical Synapses,0.0121099345576362,0.1023289470120261,11/269,10.125773210322771,GABBR2;TUBB6;LRRC7;SLC1A2;GNB3;PRKCA;GNG12;PRKACB;GNG11;KIF17;ADCY7,0.02756892230576441,11,HFFC6
100,Potassium Channels,0.0124170226871017,0.1038849917881281,6/103,14.52673354320072,GABBR2;KCNMA1;GNB3;GNG12;GNG11;HCN2,0.015037593984962405,6,HFFC6
101,"Plasma Lipoprotein Assembly, Remodeling, and Clearance",0.0127927129636781,0.1059788475912556,5/75,16.638431988157393,CUBN;ANGPTL4;LIPA;PRKACB;LMF1,0.012531328320802004,5,HFFC6
102,Acetylcholine Regulates Insulin Secretion,0.0139950059787146,0.1148133985632417,2/10,56.750083220870174,GNA11;PRKCA,0.005012531328320802,2,HFFC6
103,PCP CE Pathway,0.0157403848718027,0.1278906270833971,5/79,14.987277138560172,WNT5B;SMURF2;PRKCA;ROR1;PRICKLE1,0.012531328320802004,5,HFFC6
104,Dermatan Sulfate Biosynthesis,0.0168971881976707,0.1334404114675868,2/11,48.21531462555558,DSEL;CSPG4,0.005012531328320802,2,HFFC6
105,Pexophagy,0.0168971881976707,0.1334404114675868,2/11,48.21531462555558,MAP1LC3B;NBR1,0.005012531328320802,2,HFFC6
106,Regulation of CDH11 Function,0.0168971881976707,0.1334404114675868,2/11,48.21531462555558,CDH11;ANGPTL4,0.005012531328320802,2,HFFC6
107,Activation of Kainate Receptors Upon Glutamate Binding,0.0177455382744544,0.1375686224028808,3/30,23.86106218842999,GNB3;GNG12;GNG11,0.007518796992481203,3,HFFC6
108,MET Activates PTK2 Signaling,0.0177455382744544,0.1375686224028808,3/30,23.86106218842999,ITGA3;ITGA2;COL5A3,0.007518796992481203,3,HFFC6
109,Signaling by BMP,0.0193825167916761,0.1488929698996939,3/31,22.504153581636547,SKI;SMURF2;SMAD6,0.007518796992481203,3,HFFC6
110,"Regulation of Glycolysis by Fructose 2,6-Bisphosphate Metabolism",0.0200306579394611,0.1512181202250619,2/12,41.58261705384897,PPP2CB;PRKACB,0.005012531328320802,2,HFFC6
111,Metabolism of Carbohydrates,0.0200431117931443,0.1512181202250619,11/290,8.285700649623818,CSGALNACT1;EXT2;PPP2CB;DSEL;CSGALNACT2;CRYL1;CSPG4;PYGL;PRKACB;HSPG2;CD44,0.02756892230576441,11,HFFC6
112,G-protein Beta Gamma Signalling,0.0211001431257072,0.1577842561170147,3/32,21.259216339250155,GNB3;GNG12;GNG11,0.007518796992481203,3,HFFC6
113,Neuronal System,0.0219211438613456,0.1611056948058944,14/411,7.257576876044138,GABBR2;SLC1A2;PRKCA;GNG12;ADCY7;GNG11;KIF17;GJC1;TUBB6;LRRC7;KCNMA1;GNB3;PRKACB;HCN2,0.03508771929824561,14,HFFC6
114,Transcriptional Regulation by RUNX3,0.0219256271037607,0.1611056948058944,5/86,12.594498071812737,TCF7L1;TGFB1;SMURF2;TEAD2;TEAD3,0.012531328320802004,5,HFFC6
115,Glucagon-type Ligand Receptors,0.0228985129719465,0.1660893825745429,3/33,20.113917423711086,GNB3;GNG12;GNG11,0.007518796992481203,3,HFFC6
116,Signaling by Receptor Tyrosine Kinases,0.0229969914333982,0.1660893825745429,17/536,6.670460085577598,ITGA3;ITGA2;ITGB3;PRKCA;PLAT;EGFR;PPP2CB;COL4A2;AXL;NEDD4;COL5A3;COL6A2;COL6A1;PRKACB;TNS3;PAG1;FGFR1,0.042606516290726815,17,HFFC6
117,The Activation of Arylsulfatases,0.0233858838764754,0.1674667108103538,2/13,36.30342742919672,ARSA;ARSK,0.005012531328320802,2,HFFC6
118,Cell Junction Organization,0.0236316556689252,0.1678046137835447,6/119,10.632663513867053,CDH2;ACTN1;CDH11;RSU1;ANGPTL4;FERMT2,0.015037593984962405,6,HFFC6
119,CaM Pathway,0.0267373806782061,0.1807603012064185,3/35,18.08109150841064,PRKCA;ADCY7;PRKACB,0.007518796992481203,3,HFFC6
120,Calmodulin Induced Events,0.0267373806782061,0.1807603012064185,3/35,18.08109150841064,PRKCA;ADCY7;PRKACB,0.007518796992481203,3,HFFC6
121,Lysosome Vesicle Biogenesis,0.0267373806782061,0.1807603012064185,3/35,18.08109150841064,APP;DNAJC6;CTSZ,0.007518796992481203,3,HFFC6
122,"Defective EXT1 Causes Exostoses 1, TRPS2 and CHDS",0.0269536070437973,0.1807603012064185,2/14,32.01840088499332,EXT2;HSPG2,0.005012531328320802,2,HFFC6
123,Defective EXT2 Causes Exostoses 2,0.0269536070437973,0.1807603012064185,2/14,32.01840088499332,EXT2;HSPG2,0.005012531328320802,2,HFFC6
124,Lysosphingolipid and LPA Receptors,0.0269536070437973,0.1807603012064185,2/14,32.01840088499332,PLPPR2;LPAR3,0.005012531328320802,2,HFFC6
125,Repression of WNT Target Genes,0.0269536070437973,0.1807603012064185,2/14,32.01840088499332,TCF7L1;TLE1,0.005012531328320802,2,HFFC6
126,Cell-Cell Communication,0.027415196566356,0.1824081976265422,7/157,8.981961190844201,CDH2;ACTN1;CDH11;SIRPA;RSU1;ANGPTL4;FERMT2,0.017543859649122806,7,HFFC6
127,GPCR Downstream Signalling,0.0277864368880374,0.1834338997686844,19/633,5.989779364963709,APP;GABBR2;PRKCA;LPAR3;GNG12;ADCY7;GNG11;EGFR;PPP3CA;PPP2CB;HRH1;P2RY6;PLCB4;GNA11;BDKRB2;PDE4B;GNB3;PRKACB;NTSR1,0.047619047619047616,19,HFFC6
128,EPH-Ephrin Signaling,0.0283347564440106,0.1856036371720077,5/92,10.93542532391007,ARHGEF28;CLTCL1;EPHB2;MYL9;MYL12B,0.012531328320802004,5,HFFC6
129,Signaling by High-Kinase Activity BRAF Mutants,0.0287775988588464,0.1870543925825018,3/36,17.176310375780446,APBB1IP;ITGB3;VCL,0.007518796992481203,3,HFFC6
130,YAP1- and WWTR1 (TAZ)-stimulated Gene Expression,0.030724834045175,0.1948419306882134,2/15,28.48293926674053,TEAD2;TEAD3,0.005012531328320802,2,HFFC6
131,p130Cas Linkage to MAPK Signaling for Integrins,0.030724834045175,0.1948419306882134,2/15,28.48293926674053,APBB1IP;ITGB3,0.005012531328320802,2,HFFC6
132,GRB2 SOS Provides Linkage to MAPK Signaling for Integrins,0.030724834045175,0.1948419306882134,2/15,28.48293926674053,APBB1IP;ITGB3,0.005012531328320802,2,HFFC6
133,Ca-dependent Events,0.0308980103103202,0.1948419306882134,3/37,16.33625137194651,PRKCA;ADCY7;PRKACB,0.007518796992481203,3,HFFC6
134,Neutrophil Degranulation,0.0340732701044011,0.2124184908337963,15/478,5.894012562790704,ARSA;CANT1;MVP;CTSZ;PYGL;CPPED1;CST3;CRISPLD2;LRRC7;ANPEP;CAT;SIRPA;SNAP29;CD44;VCL,0.03759398496240601,15,HFFC6
135,cGMP Effects,0.0346908304556969,0.2124184908337963,2/16,25.525166405555613,KCNMA1;PRKG1,0.005012531328320802,2,HFFC6
136,Rap1 Signalling,0.0346908304556969,0.2124184908337963,2/16,25.525166405555613,PRKACB;PRKG1,0.005012531328320802,2,HFFC6
137,TGF-beta Receptor Signaling in EMT (Epithelial to Mesenchymal Transition),0.0346908304556969,0.2124184908337963,2/16,25.525166405555613,TGFB1;TGFBR2,0.005012531328320802,2,HFFC6
138,MyD88 Cascade Initiated on Plasma Membrane,0.035821008106209,0.2146719989343732,5/98,9.553977372144123,MAP2K3;IKBIP;APP;PPP2CB;NLRC5,0.012531328320802004,5,HFFC6
139,Toll Like Receptor 10 (TLR10) Cascade,0.035821008106209,0.2146719989343732,5/98,9.553977372144123,MAP2K3;IKBIP;APP;PPP2CB;NLRC5,0.012531328320802004,5,HFFC6
140,Toll Like Receptor 5 (TLR5) Cascade,0.035821008106209,0.2146719989343732,5/98,9.553977372144123,MAP2K3;IKBIP;APP;PPP2CB;NLRC5,0.012531328320802004,5,HFFC6
141,MAP2K and MAPK Activation,0.0377365499968438,0.220432615534924,3/40,14.146325431639507,APBB1IP;ITGB3;VCL,0.007518796992481203,3,HFFC6
142,GAB1 Signalosome,0.038843114317467,0.220432615534924,2/17,23.02102058558974,EGFR;PAG1,0.005012531328320802,2,HFFC6
143,IL-6-type Cytokine Receptor Ligand Interactions,0.038843114317467,0.220432615534924,2/17,23.02102058558974,CTF1;OSMR,0.005012531328320802,2,HFFC6
144,Metabolism of Angiotensinogen to Angiotensins,0.038843114317467,0.220432615534924,2/17,23.02102058558974,ANPEP;CTSZ,0.005012531328320802,2,HFFC6
145,PKA Activation in Glucagon Signalling,0.038843114317467,0.220432615534924,2/17,23.02102058558974,ADCY7;PRKACB,0.005012531328320802,2,HFFC6
146,Specification of the Neural Plate Border,0.038843114317467,0.220432615534924,2/17,23.02102058558974,BMP4;TCF7L1,0.005012531328320802,2,HFFC6
147,DAG and IP3 Signaling,0.0401735180974891,0.220432615534924,3/41,13.51033937160622,PRKCA;ADCY7;PRKACB,0.007518796992481203,3,HFFC6
148,Diseases Associated With Glycosaminoglycan Metabolism,0.0401735180974891,0.220432615534924,3/41,13.51033937160622,EXT2;CSPG4;HSPG2,0.007518796992481203,3,HFFC6
149,RET Signaling,0.0401735180974891,0.220432615534924,3/41,13.51033937160622,RET;PRKCA;PRKACB,0.007518796992481203,3,HFFC6
150,RNA Polymerase III Abortive And Retractive Initiation,0.0401735180974891,0.220432615534924,3/41,13.51033937160622,NFIX;NFIA;NFIC,0.007518796992481203,3,HFFC6
151,RNA Polymerase III Transcription,0.0401735180974891,0.220432615534924,3/41,13.51033937160622,NFIX;NFIA;NFIC,0.007518796992481203,3,HFFC6
152,"Sensory Perception of Sweet, Bitter, and Umami (Glutamate) Taste",0.0401735180974891,0.220432615534924,3/41,13.51033937160622,GNB3;SCN1B;TRPM4,0.007518796992481203,3,HFFC6
153,Signaling by RAF1 Mutants,0.0401735180974891,0.220432615534924,3/41,13.51033937160622,APBB1IP;ITGB3;VCL,0.007518796992481203,3,HFFC6
154,Signaling by GPCR,0.0408622466399366,0.222765151037074,20/706,5.03112017821613,APP;GABBR2;PLPPR2;PRKCA;LPAR3;GNG12;ADCY7;GNG11;EGFR;PPP3CA;PPP2CB;HRH1;P2RY6;PLCB4;GNA11;BDKRB2;PDE4B;GNB3;PRKACB;NTSR1,0.05012531328320802,20,HFFC6
155,Signaling by Hedgehog,0.0414131358448144,0.2229765239620558,6/136,7.850943782701159,SCUBE2;TUBB6;SMURF2;KIF7;PRKACB;ADCY7,0.015037593984962405,6,HFFC6
156,TRAF6 Mediated Induction of NFkB and MAP Kinases Upon TLR7 8 or 9 Activation,0.0414287742746068,0.2229765239620558,5/102,8.758039451128749,MAP2K3;IKBIP;APP;PPP2CB;NLRC5,0.012531328320802004,5,HFFC6
157,MyD88 Dependent Cascade Initiated on Endosome,0.0429089673033971,0.2238132830048325,5/103,8.57264980222445,MAP2K3;IKBIP;APP;PPP2CB;NLRC5,0.012531328320802004,5,HFFC6
158,Crosslinking of Collagen Fibrils,0.0431734498577369,0.2238132830048325,2/18,20.878872712208427,COL4A2;LOXL4,0.005012531328320802,2,HFFC6
159,Formation of the Nephric Duct,0.0431734498577369,0.2238132830048325,2/18,20.878872712208427,RET;BMP4,0.005012531328320802,2,HFFC6
160,Gastrin-CREB Signalling Pathway via PKC and MAPK,0.0431734498577369,0.2238132830048325,2/18,20.878872712208427,PRKCA;EGFR,0.005012531328320802,2,HFFC6
161,PKA Activation,0.0431734498577369,0.2238132830048325,2/18,20.878872712208427,ADCY7;PRKACB,0.005012531328320802,2,HFFC6
162,Regulation of NF-kappa B Signaling,0.0431734498577369,0.2238132830048325,2/18,20.878872712208427,IKBIP;NLRC5,0.005012531328320802,2,HFFC6
163,trans-Golgi Network Vesicle Budding,0.0447914389187299,0.2307851578434561,4/72,9.737353097369818,APP;DNAJC6;CTSZ;PICALM,0.010025062656641603,4,HFFC6
164,Assembly and Cell Surface Presentation of NMDA Receptors,0.0452799765230252,0.2318883646179173,3/43,12.355803124729762,TUBB6;LRRC7;KIF17,0.007518796992481203,3,HFFC6
165,Cargo Recognition for Clathrin-Mediated Endocytosis,0.0459638558723711,0.2339726398322509,5/105,8.21685325089298,SGIP1;CLTCL1;EGFR;PICALM;EPN2,0.012531328320802004,5,HFFC6
166,Toll Like Receptor 3 (TLR3) Cascade,0.0475386767510217,0.2369361982170719,5/106,8.046099271998642,MAP2K3;IKBIP;APP;PPP2CB;NLRC5,0.012531328320802004,5,HFFC6
167,Assembly of Active LPL and LIPC Lipase Complexes,0.0476738413005219,0.2369361982170719,2/19,19.029689186949717,ANGPTL4;LMF1,0.005012531328320802,2,HFFC6
168,RHO GTPases Activate ROCKs,0.0476738413005219,0.2369361982170719,2/19,19.029689186949717,MYL9;MYL12B,0.005012531328320802,2,HFFC6
169,RHO GTPases Activate CIT,0.0476738413005219,0.2369361982170719,2/19,19.029689186949717,MYL9;MYL12B,0.005012531328320802,2,HFFC6
170,Netrin-1 Signaling,0.0479480353788394,0.2369361982170719,3/44,11.83084087735819,DSCAM;NTN4;ROBO1,0.007518796992481203,3,HFFC6
171,Membrane Trafficking,0.0490951894160209,0.2394489195403648,18/633,4.751585947286432,APP;LMAN2L;SGIP1;CTSZ;EGFR;AGPAT3;EPN2;GJC1;MAP1LC3B;TUBB6;DNAJC6;CLTCL1;PACSIN3;RIN3;NAA38;PIP5K1C;SNAP29;PICALM,0.045112781954887216,18,HFFC6
172,Toll Like Receptor 7 8 (TLR7 8) Cascade,0.0491451464497174,0.2394489195403648,5/107,7.879889308216878,MAP2K3;IKBIP;APP;PPP2CB;NLRC5,0.012531328320802004,5,HFFC6
173,Paradoxical Activation of RAF Signaling by Kinase Inactive BRAF,0.050691601544405,0.2394489195403648,3/45,11.337021873854702,APBB1IP;ITGB3;VCL,0.007518796992481203,3,HFFC6
174,Signaling by RAS Mutants,0.050691601544405,0.2394489195403648,3/45,11.337021873854702,APBB1IP;ITGB3;VCL,0.007518796992481203,3,HFFC6
175,Signaling by Moderate Kinase Activity BRAF Mutants,0.050691601544405,0.2394489195403648,3/45,11.337021873854702,APBB1IP;ITGB3;VCL,0.007518796992481203,3,HFFC6
176,Signaling Downstream of RAS Mutants,0.050691601544405,0.2394489195403648,3/45,11.337021873854702,APBB1IP;ITGB3;VCL,0.007518796992481203,3,HFFC6
177,TAK1-dependent IKK and NF-kappa-B Activation,0.050691601544405,0.2394489195403648,3/45,11.337021873854702,IKBIP;APP;NLRC5,0.007518796992481203,3,HFFC6
178,Extra-nuclear Estrogen Signaling,0.0507234989322192,0.2394489195403648,4/75,8.95107740011754,GNB3;GNG12;GNG11;EGFR,0.010025062656641603,4,HFFC6
179,Defective B3GALT6 Causes EDSP2 and SEMDJL1,0.052336526813359,0.2403498106374369,2/20,17.420548393951048,CSPG4;HSPG2,0.005012531328320802,2,HFFC6
180,Defective B3GAT3 Causes JDSSDHD,0.052336526813359,0.2403498106374369,2/20,17.420548393951048,CSPG4;HSPG2,0.005012531328320802,2,HFFC6
181,"Defective B4GALT7 Causes EDS, Progeroid Type",0.052336526813359,0.2403498106374369,2/20,17.420548393951048,CSPG4;HSPG2,0.005012531328320802,2,HFFC6
182,PKA-mediated Phosphorylation of CREB,0.052336526813359,0.2403498106374369,2/20,17.420548393951048,ADCY7;PRKACB,0.005012531328320802,2,HFFC6
183,Sema4D Induced Cell Migration and Growth-Cone Collapse,0.052336526813359,0.2403498106374369,2/20,17.420548393951048,MYL9;MYL12B,0.005012531328320802,2,HFFC6
184,MyD88-independent TLR4 Cascade,0.0541547333177687,0.2447098911952652,5/110,7.40700297308339,MAP2K3;IKBIP;APP;PPP2CB;NLRC5,0.012531328320802004,5,HFFC6
185,TRIF (TICAM1)-mediated TLR4 Signaling,0.0541547333177687,0.2447098911952652,5/110,7.40700297308339,MAP2K3;IKBIP;APP;PPP2CB;NLRC5,0.012531328320802004,5,HFFC6
186,Toll Like Receptor 9 (TLR9) Cascade,0.0541547333177687,0.2447098911952652,5/110,7.40700297308339,MAP2K3;IKBIP;APP;PPP2CB;NLRC5,0.012531328320802004,5,HFFC6
187,Sensory Perception of Taste,0.0564018165195309,0.2535081646755512,3/47,10.43327221283858,GNB3;SCN1B;TRPM4,0.007518796992481203,3,HFFC6
188,Formation of the Ureteric Bud,0.0571539726687881,0.2541847731848738,2/21,16.01025390825154,RET;BMP4,0.005012531328320802,2,HFFC6
189,RHO GTPases Activate PAKs,0.0571539726687881,0.2541847731848738,2/21,16.01025390825154,MYL9;MYL12B,0.005012531328320802,2,HFFC6
190,Developmental Biology,0.0578585519401532,0.255971080572929,34/1385,3.8898218639575712,RET;ARHGEF28;ITGB3;NTN4;CACNA1C;CHD3;EGFR;MYL12B;ROBO1;TUBB6;ALCAM;CDH2;CLTCL1;PIP5K1C;EPHB2;PRKACB;ZNF521;SCN1B;TEAD2;KDM6B;TCF7L1;TGFB1;DSCAM;ITGA2;SCD5;PRKCA;BMP4;COL4A2;COL5A3;COL6A2;COL6A1;ANGPTL4;MYL9;FGFR1,0.08521303258145363,34,HFFC6
191,Signaling by MET,0.0592686831388508,0.2599212585867151,4/79,8.029534419752554,ITGA3;ITGA2;COL5A3;TNS3,0.010025062656641603,4,HFFC6
192,Gap Junction Trafficking,0.0593666306594509,0.2599212585867151,3/48,10.019142412364534,GJC1;TUBB6;CLTCL1,0.007518796992481203,3,HFFC6
193,Defects in Vitamin and Cofactor Metabolism,0.0621188674472011,0.2691817589378714,2/22,14.766297126237154,CUBN;BTD,0.005012531328320802,2,HFFC6
194,SHC1 Events in ERBB2 Signaling,0.0621188674472011,0.2691817589378714,2/22,14.766297126237154,PRKCA;EGFR,0.005012531328320802,2,HFFC6
195,MyD88 MAL(TIRAP) Cascade Initiated on Plasma Membrane,0.0631380091187212,0.2708203944432458,5/115,6.696462568534795,MAP2K3;IKBIP;APP;PPP2CB;NLRC5,0.012531328320802004,5,HFFC6
196,Toll Like Receptor TLR6 TLR2 Cascade,0.0631380091187212,0.2708203944432458,5/115,6.696462568534795,MAP2K3;IKBIP;APP;PPP2CB;NLRC5,0.012531328320802004,5,HFFC6
197,Nitric Oxide Stimulates Guanylate Cyclase,0.0672241164250337,0.2868907998947149,2/23,13.662710777338171,KCNMA1;PRKG1,0.005012531328320802,2,HFFC6
198,Gap Junction Trafficking and Regulation,0.068688023070329,0.2882493600904313,3/51,8.906496438811315,GJC1;TUBB6;CLTCL1,0.007518796992481203,3,HFFC6
199,Vesicle-mediated Transport,0.0687417507759366,0.2882493600904313,20/752,3.9383805971360775,APP;LMAN2L;SGIP1;CTSZ;SSC5D;EGFR;AGPAT3;EPN2;GJC1;MAP1LC3B;TUBB6;COL4A2;DNAJC6;CLTCL1;PACSIN3;RIN3;NAA38;PIP5K1C;SNAP29;PICALM,0.05012531328320802,20,HFFC6
200,Toll Like Receptor 2 (TLR2) Cascade,0.068906947619251,0.2882493600904313,5/118,6.3113867006239746,MAP2K3;IKBIP;APP;PPP2CB;NLRC5,0.012531328320802004,5,HFFC6
201,Toll Like Receptor TLR1 TLR2 Cascade,0.068906947619251,0.2882493600904313,5/118,6.3113867006239746,MAP2K3;IKBIP;APP;PPP2CB;NLRC5,0.012531328320802004,5,HFFC6
202,Cytosolic Sulfonation of Small Molecules,0.0724628361276512,0.2986882757456843,2/24,12.678524085338188,TPST1;BPNT2,0.005012531328320802,2,HFFC6
203,Interleukin-6 Family Signaling,0.0724628361276512,0.2986882757456843,2/24,12.678524085338188,CTF1;OSMR,0.005012531328320802,2,HFFC6
204,Sema4D in Semaphorin Signaling,0.0724628361276512,0.2986882757456843,2/24,12.678524085338188,MYL9;MYL12B,0.005012531328320802,2,HFFC6
205,Gastrulation,0.072909709000465,0.299071379152393,5/120,6.070095279530113,BMP4;TCF7L1;ZNF521;TEAD2;FGFR1,0.012531328320802004,5,HFFC6
206,Signaling by Rho GTPases,0.0770958893260214,0.3138815538446684,18/672,3.791407856941161,DOCK5;STARD13;ACTN1;ARHGEF28;PRKCA;TNFAIP1;TEX2;ARHGAP5;MYL12B;LRRC1;PPP2CB;TUBB6;DLG5;RHOJ;TAX1BP3;MYL9;FERMT2;PICALM,0.045112781954887216,18,HFFC6
207,Intracellular Signaling by Second Messengers,0.0772631517156106,0.3138815538446684,10/321,4.405810545469477,PPP2CB;NEDD4;PRKCA;PIP5K1C;CHD3;PRKACB;ADCY7;EGFR;FGFR1;HDAC7,0.02506265664160401,10,HFFC6
208,Signaling by Interleukins,0.0797981939481945,0.3226290616565762,13/452,4.013206926082263,IKBIP;MAP2K3;APP;CTF1;TGFB1;IL1R1;NLRC5;OSMR;IL17RC;PPP2CB;ZEB1;STX3;SOCS5,0.03258145363408521,13,HFFC6
209,A Tetrasaccharide Linker Sequence Is Required for GAG Synthesis,0.0833141776921999,0.3320777365561744,2/26,11.002958885108852,CSPG4;HSPG2,0.005012531328320802,2,HFFC6
210,Synthesis of IP3 and IP4 in the Cytosol,0.0833141776921999,0.3320777365561744,2/26,11.002958885108852,PLCB4;PLCE1,0.005012531328320802,2,HFFC6
211,WNT Ligand Biogenesis and Trafficking,0.0833141776921999,0.3320777365561744,2/26,11.002958885108852,WNT5B;WLS,0.005012531328320802,2,HFFC6
212,Muscle Contraction,0.0864408378159774,0.3341882373847043,7/204,4.644208268983556,CACNA1C;MYL9;SORBS3;SCN1B;CORIN;VCL;MYL12B,0.017543859649122806,7,HFFC6
213,Integrin Signaling,0.0889140410613825,0.3341882373847043,2/27,10.285821223382902,APBB1IP;ITGB3,0.005012531328320802,2,HFFC6
214,Heparan Sulfate Heparin (HS-GAG) Metabolism,0.0891537047576088,0.3341882373847043,3/57,7.1437915754222345,EXT2;CSPG4;HSPG2,0.007518796992481203,3,HFFC6
215,Acetylcholine Inhibits Contraction of Outer Hair Cells,0.0893805226614712,0.3341882373847043,1/5,32.0212703204482,KCNMA1,0.002506265664160401,1,HFFC6
216,Disinhibition of SNARE Formation,0.0893805226614712,0.3341882373847043,1/5,32.0212703204482,PRKCA,0.002506265664160401,1,HFFC6
217,Electric Transmission Across Gap Junctions,0.0893805226614712,0.3341882373847043,1/5,32.0212703204482,GJC1,0.002506265664160401,1,HFFC6
218,Formation of Lateral Plate Mesoderm,0.0893805226614712,0.3341882373847043,1/5,32.0212703204482,BMP4,0.002506265664160401,1,HFFC6
219,Formation of Xylulose-5-Phosphate,0.0893805226614712,0.3341882373847043,1/5,32.0212703204482,CRYL1,0.002506265664160401,1,HFFC6
220,HDL Clearance,0.0893805226614712,0.3341882373847043,1/5,32.0212703204482,CUBN,0.002506265664160401,1,HFFC6
221,MET Interacts With TNS Proteins,0.0893805226614712,0.3341882373847043,1/5,32.0212703204482,TNS3,0.002506265664160401,1,HFFC6
222,NR1H2 & NR1H3 Regulate Gene Expression Linked to Gluconeogenesis,0.0893805226614712,0.3341882373847043,1/5,32.0212703204482,NRIP1,0.002506265664160401,1,HFFC6
223,PKA-mediated Phosphorylation of Key Metabolic Factors,0.0893805226614712,0.3341882373847043,1/5,32.0212703204482,PRKACB,0.002506265664160401,1,HFFC6
224,Sodium-coupled Phosphate Cotransporters,0.0893805226614712,0.3341882373847043,1/5,32.0212703204482,SLC20A2,0.002506265664160401,1,HFFC6
225,Transmission Across Electrical Synapses,0.0893805226614712,0.3341882373847043,1/5,32.0212703204482,GJC1,0.002506265664160401,1,HFFC6
226,"Signaling by Rho GTPases, Miro GTPases and RHOBTB3",0.0911670924759514,0.3393664896131234,18/688,3.4558513419035157,DOCK5;STARD13;ACTN1;ARHGEF28;PRKCA;TNFAIP1;TEX2;ARHGAP5;MYL12B;LRRC1;PPP2CB;TUBB6;DLG5;RHOJ;TAX1BP3;MYL9;FERMT2;PICALM,0.045112781954887216,18,HFFC6
227,Activation of NMDA Receptors and Postsynaptic Events,0.0947002905798287,0.3509725681576986,4/93,5.640207774010961,TUBB6;LRRC7;KIF17;PRKACB,0.010025062656641603,4,HFFC6
228,Adherens Junctions Interactions,0.0964812137404981,0.3560114655489999,3/59,6.662893955160265,CDH2;CDH11;ANGPTL4,0.007518796992481203,3,HFFC6
229,EPHA-mediated Growth Cone Collapse,0.1004316930978611,0.3689773072508376,2/29,9.043628352554697,MYL9;MYL12B,0.005012531328320802,2,HFFC6
230,"Gamma Carboxylation, Hypusinylation, Hydroxylation, and Arylsulfatase Activation",0.1040449093814251,0.3791370671340909,3/61,6.224867166472249,ARSA;TPST1;ARSK,0.007518796992481203,3,HFFC6
231,Lipid Particle Organization,0.1062767098039644,0.3791370671340909,1/6,23.779080918829024,FITM2,0.002506265664160401,1,HFFC6
232,Protein Repair,0.1062767098039644,0.3791370671340909,1/6,23.779080918829024,MSRB3,0.002506265664160401,1,HFFC6
233,Scavenging by Class B Receptors,0.1062767098039644,0.3791370671340909,1/6,23.779080918829024,SSC5D,0.002506265664160401,1,HFFC6
234,Synthesis of GDP-mannose,0.1062767098039644,0.3791370671340909,1/6,23.779080918829024,PMM1,0.002506265664160401,1,HFFC6
235,Regulation of CDH11 Expression and Function,0.1063378519654195,0.3791370671340909,2/30,8.50338113851458,CDH11;ANGPTL4,0.005012531328320802,2,HFFC6
236,Surfactant Metabolism,0.1063378519654195,0.3791370671340909,2/30,8.50338113851458,ZDHHC2;LMCD1,0.005012531328320802,2,HFFC6
237,Downregulation of SMAD2 3 SMAD4 Transcriptional Activity,0.112334776347287,0.3922939510495603,2/31,8.008770603598425,SKI;SMURF2,0.005012531328320802,2,HFFC6
238,HS-GAG Biosynthesis,0.112334776347287,0.3922939510495603,2/31,8.008770603598425,EXT2;HSPG2,0.005012531328320802,2,HFFC6
239,RUNX2 Regulates Bone Development,0.112334776347287,0.3922939510495603,2/31,8.008770603598425,SMAD6;ZNF521,0.005012531328320802,2,HFFC6
240,Hedgehog 'Off' State,0.112349273555022,0.3922939510495603,4/99,4.899367549790903,TUBB6;KIF7;PRKACB;ADCY7,0.010025062656641603,4,HFFC6
241,VEGFA-VEGFR2 Pathway,0.112349273555022,0.3922939510495603,4/99,4.899367549790903,AXL;ITGB3;PRKCA;PRKACB,0.010025062656641603,4,HFFC6
242,Semaphorin Interactions,0.1158106082219189,0.4027159010186069,3/64,5.637652839801448,PIP5K1C;MYL9;MYL12B,0.007518796992481203,3,HFFC6
243,Phase 0 - Rapid Depolarisation,0.1184170897208485,0.4080222770234246,2/32,7.554705352904672,CACNA1C;SCN1B,0.005012531328320802,2,HFFC6
244,Respiratory Syncytial Virus (RSV) Attachment and Entry,0.1184170897208485,0.4080222770234246,2/32,7.554705352904672,HSPG2;EGFR,0.005012531328320802,2,HFFC6
245,Signaling by BRAF and RAF1 Fusions,0.1198392765033366,0.4080222770234246,3/65,5.4584618010889026,APBB1IP;ITGB3;VCL,0.007518796992481203,3,HFFC6
246,RAF MAP Kinase Cascade,0.1213324183336232,0.4080222770234246,8/265,3.5038607270122863,RET;APBB1IP;PPP2CB;LRRC7;ITGB3;EGFR;VCL;FGFR1,0.020050125313283207,8,HFFC6
247,Interleukin-1 Signaling,0.1216819947472126,0.4080222770234246,4/102,4.575322171836751,IKBIP;APP;IL1R1;NLRC5,0.010025062656641603,4,HFFC6
248,CDH11 Homotypic and Heterotypic Interactions,0.1228602258843722,0.4080222770234246,1/7,18.533198197653473,CDH11,0.002506265664160401,1,HFFC6
249,Defective Factor VIII Causes Hemophilia A,0.1228602258843722,0.4080222770234246,1/7,18.533198197653473,TPST1,0.002506265664160401,1,HFFC6
250,Epithelial-Mesenchymal Transition (EMT) During Gastrulation,0.1228602258843722,0.4080222770234246,1/7,18.533198197653473,FGFR1,0.002506265664160401,1,HFFC6
251,PP2A-mediated Dephosphorylation of Key Metabolic Factors,0.1228602258843722,0.4080222770234246,1/7,18.533198197653473,PPP2CB,0.002506265664160401,1,HFFC6
252,PTK6 Promotes HIF1A Stabilization,0.1228602258843722,0.4080222770234246,1/7,18.533198197653473,EGFR,0.002506265664160401,1,HFFC6
253,RUNX3 Regulates CDKN1A Transcription,0.1228602258843722,0.4080222770234246,1/7,18.533198197653473,TGFB1,0.002506265664160401,1,HFFC6
254,Cargo Concentration in the ER,0.1245795828071521,0.4080222770234246,2/33,7.13679886683295,LMAN2L;CTSZ,0.005012531328320802,2,HFFC6
255,Negative Regulation of FGFR1 Signaling,0.1245795828071521,0.4080222770234246,2/33,7.13679886683295,PPP2CB;FGFR1,0.005012531328320802,2,HFFC6
256,Regulation of Expression and Function of Type II Classical Cadherins,0.1245795828071521,0.4080222770234246,2/33,7.13679886683295,CDH11;ANGPTL4,0.005012531328320802,2,HFFC6
257,Regulation of Homotypic Cell-Cell Adhesion,0.1245795828071521,0.4080222770234246,2/33,7.13679886683295,CDH11;ANGPTL4,0.005012531328320802,2,HFFC6
258,Plasma Lipoprotein Remodeling,0.1308172092741336,0.4154439247538966,2/34,6.751253728024204,ANGPTL4;LMF1,0.005012531328320802,2,HFFC6
259,MAPK Family Signaling Cascades,0.131529916002797,0.4154439247538966,9/314,3.1952925498622897,RET;APBB1IP;PPP2CB;LRRC7;ITGB3;PRKACB;EGFR;VCL;FGFR1,0.022556390977443608,9,HFFC6
260,MAPK1 MAPK3 Signaling,0.1328184959389881,0.4154439247538966,8/271,3.2760820114956535,RET;APBB1IP;PPP2CB;LRRC7;ITGB3;EGFR;VCL;FGFR1,0.020050125313283207,8,HFFC6
261,Cytokine Signaling in Immune System,0.1339596003141957,0.4154439247538966,19/776,2.7050539454491886,IFITM3;IKBIP;MAP2K3;APP;CTF1;TGFB1;IL1R1;NLRC5;OSMR;IL17RC;IFIT3;TRIM8;PPP2CB;TUBB6;ZEB1;NEDD4;STX3;CD44;SOCS5,0.047619047619047616,19,HFFC6
262,RHO GTPase Cycle,0.1341186125108311,0.4154439247538966,12/450,2.942367170070812,DOCK5;STARD13;ACTN1;DLG5;ARHGEF28;RHOJ;TNFAIP1;TEX2;ARHGAP5;FERMT2;LRRC1;PICALM,0.03007518796992481,12,HFFC6
263,Sphingolipid Metabolism,0.1379403034505213,0.4154439247538966,4/107,4.092984056258534,ARSA;ARSK;PRKD1;CERS1,0.010025062656641603,4,HFFC6
264,Binding of TCF LEF CTNNB1 to Target Gene Promoters,0.1391368410714233,0.4154439247538966,1/8,14.942246655144316,TCF7L1,0.002506265664160401,1,HFFC6
265,"Defective CHST14 Causes EDS, Musculocontractural Type",0.1391368410714233,0.4154439247538966,1/8,14.942246655144316,CSPG4,0.002506265664160401,1,HFFC6
266,Defective CHST3 Causes SEDCJD,0.1391368410714233,0.4154439247538966,1/8,14.942246655144316,CSPG4,0.002506265664160401,1,HFFC6
267,Defective CHSY1 Causes TPBS,0.1391368410714233,0.4154439247538966,1/8,14.942246655144316,CSPG4,0.002506265664160401,1,HFFC6
268,Defects in Biotin (Btn) Metabolism,0.1391368410714233,0.4154439247538966,1/8,14.942246655144316,BTD,0.002506265664160401,1,HFFC6
269,FGFR1b Ligand Binding and Activation,0.1391368410714233,0.4154439247538966,1/8,14.942246655144316,FGFR1,0.002506265664160401,1,HFFC6
270,Fatty Acids Bound to GPR40 (FFAR1) Regulate Insulin Secretion,0.1391368410714233,0.4154439247538966,1/8,14.942246655144316,GNA11,0.002506265664160401,1,HFFC6
271,Formation of Intermediate Mesoderm,0.1391368410714233,0.4154439247538966,1/8,14.942246655144316,BMP4,0.002506265664160401,1,HFFC6
272,HDL Assembly,0.1391368410714233,0.4154439247538966,1/8,14.942246655144316,PRKACB,0.002506265664160401,1,HFFC6
273,Inactivation of CDC42 and RAC1,0.1391368410714233,0.4154439247538966,1/8,14.942246655144316,ROBO1,0.002506265664160401,1,HFFC6
274,Inhibition of Signaling by Overexpressed EGFR,0.1391368410714233,0.4154439247538966,1/8,14.942246655144316,EGFR,0.002506265664160401,1,HFFC6
275,Insulin-like Growth Factor-2 mRNA Binding Proteins (IGF2BPs IMPs VICKZs) Bind RNA,0.1391368410714233,0.4154439247538966,1/8,14.942246655144316,CD44,0.002506265664160401,1,HFFC6
276,RUNX2 Regulates Genes Involved in Cell Migration,0.1391368410714233,0.4154439247538966,1/8,14.942246655144316,ITGBL1,0.002506265664160401,1,HFFC6
277,RUNX3 Regulates WNT Signaling,0.1391368410714233,0.4154439247538966,1/8,14.942246655144316,TCF7L1,0.002506265664160401,1,HFFC6
278,Release of Hh-Np From the Secreting Cell,0.1391368410714233,0.4154439247538966,1/8,14.942246655144316,SCUBE2,0.002506265664160401,1,HFFC6
279,Role of ABL in ROBO-SLIT Signaling,0.1391368410714233,0.4154439247538966,1/8,14.942246655144316,ROBO1,0.002506265664160401,1,HFFC6
280,Signaling by Overexpressed Wild-Type EGFR in Cancer,0.1391368410714233,0.4154439247538966,1/8,14.942246655144316,EGFR,0.002506265664160401,1,HFFC6
281,Synthesis of UDP-N-acetyl-glucosamine,0.1391368410714233,0.4154439247538966,1/8,14.942246655144316,PGM3,0.002506265664160401,1,HFFC6
282,Transport of Fatty Acids,0.1391368410714233,0.4154439247538966,1/8,14.942246655144316,SLC27A1,0.002506265664160401,1,HFFC6
283,RHOB GTPase Cycle,0.1407232233239051,0.4177838582619056,3/70,4.667460844173446,STARD13;ARHGEF28;ARHGAP5,0.007518796992481203,3,HFFC6
284,Signaling by VEGF,0.141292497192007,0.4177838582619056,4/108,4.0042887565780925,AXL;ITGB3;PRKCA;PRKACB,0.010025062656641603,4,HFFC6
285,Toll Like Receptor 4 (TLR4) Cascade,0.1414037674117219,0.4177838582619056,5/148,3.64145208080955,MAP2K3;IKBIP;APP;PPP2CB;NLRC5,0.012531328320802004,5,HFFC6
286,Degradation of Beta-Catenin by the Destruction Complex,0.1493972920573743,0.4311507417185947,3/72,4.393480427690286,PPP2CB;TCF7L1;TLE1,0.007518796992481203,3,HFFC6
287,Interleukin-17 Signaling,0.1493972920573743,0.4311507417185947,3/72,4.393480427690286,MAP2K3;PPP2CB;IL17RC,0.007518796992481203,3,HFFC6
288,Gap Junction Assembly,0.1499327815918548,0.4311507417185947,2/37,5.7577934910431345,GJC1;TUBB6,0.005012531328320802,2,HFFC6
289,Plasma Lipoprotein Clearance,0.1499327815918548,0.4311507417185947,2/37,5.7577934910431345,CUBN;LIPA,0.005012531328320802,2,HFFC6
290,Sphingolipid De Novo Biosynthesis,0.1499327815918548,0.4311507417185947,2/37,5.7577934910431345,PRKD1;CERS1,0.005012531328320802,2,HFFC6
291,"PI5P, PP2A and IER3 Regulate PI3K AKT Signaling",0.1515396924621639,0.4311507417185947,4/111,3.7521925143222465,PPP2CB;PIP5K1C;EGFR;FGFR1,0.010025062656641603,4,HFFC6
292,Axonal Growth Inhibition (RHOA Activation),0.1551122195058613,0.4311507417185947,1/9,12.353318144692642,RTN4,0.002506265664160401,1,HFFC6
293,CHL1 Interactions,0.1551122195058613,0.4311507417185947,1/9,12.353318144692642,ITGA2,0.002506265664160401,1,HFFC6
294,CREB3 Factors Activate Genes,0.1551122195058613,0.4311507417185947,1/9,12.353318144692642,CREB3L1,0.002506265664160401,1,HFFC6
295,Ca2+ Activated K+ Channels,0.1551122195058613,0.4311507417185947,1/9,12.353318144692642,KCNMA1,0.002506265664160401,1,HFFC6
296,Calcineurin Activates NFAT,0.1551122195058613,0.4311507417185947,1/9,12.353318144692642,PPP3CA,0.002506265664160401,1,HFFC6
297,Downregulation of ERBB4 Signaling,0.1551122195058613,0.4311507417185947,1/9,12.353318144692642,NEDD4,0.002506265664160401,1,HFFC6
298,EGFR Interacts With Phospholipase C-gamma,0.1551122195058613,0.4311507417185947,1/9,12.353318144692642,EGFR,0.002506265664160401,1,HFFC6
299,Formyl Peptide Receptors Bind Formyl Peptides and Many Other Ligands,0.1551122195058613,0.4311507417185947,1/9,12.353318144692642,APP,0.002506265664160401,1,HFFC6
300,Hydrolysis of LPC,0.1551122195058613,0.4311507417185947,1/9,12.353318144692642,PLA2G15,0.002506265664160401,1,HFFC6
301,NR1H2 & NR1H3 Regulate Gene Expression Linked to Lipogenesis,0.1551122195058613,0.4311507417185947,1/9,12.353318144692642,NRIP1,0.002506265664160401,1,HFFC6
302,RHO GTPases Activate Rhotekin and Rhophilins,0.1551122195058613,0.4311507417185947,1/9,12.353318144692642,TAX1BP3,0.002506265664160401,1,HFFC6
303,Regulation of PTEN Localization,0.1551122195058613,0.4311507417185947,1/9,12.353318144692642,NEDD4,0.002506265664160401,1,HFFC6
304,RHOC GTPase Cycle,0.1582383385441177,0.4383980199009164,3/74,4.140174942046659,STARD13;ARHGEF28;ARHGAP5,0.007518796992481203,3,HFFC6
305,Glycosphingolipid Catabolism,0.1629666020041518,0.4470999308230788,2/39,5.2067680684230115,ARSA;ARSK,0.005012531328320802,2,HFFC6
306,O-glycosylation of TSR Domain-Containing Proteins,0.1629666020041518,0.4470999308230788,2/39,5.2067680684230115,POFUT2;THSD4,0.005012531328320802,2,HFFC6
307,Platelet Aggregation (Plug Formation),0.1629666020041518,0.4470999308230788,2/39,5.2067680684230115,APBB1IP;ITGB3,0.005012531328320802,2,HFFC6
308,p75NTR Regulates Axonogenesis,0.1707919212306881,0.4541123732130285,1/10,10.41279532531019,RTN4,0.002506265664160401,1,HFFC6
309,Adenylate Cyclase Activating Pathway,0.1707919212306881,0.4541123732130285,1/10,10.41279532531019,ADCY7,0.002506265664160401,1,HFFC6
310,Formation of the Posterior Neural Plate,0.1707919212306881,0.4541123732130285,1/10,10.41279532531019,ZNF521,0.002506265664160401,1,HFFC6
311,HuR (ELAVL1) Binds and Stabilizes mRNA,0.1707919212306881,0.4541123732130285,1/10,10.41279532531019,PRKCA,0.002506265664160401,1,HFFC6
312,MASTL Facilitates Mitotic Progression,0.1707919212306881,0.4541123732130285,1/10,10.41279532531019,PPP2CB,0.002506265664160401,1,HFFC6
313,RUNX3 Regulates p14-ARF,0.1707919212306881,0.4541123732130285,1/10,10.41279532531019,TGFB1,0.002506265664160401,1,HFFC6
314,Regulation of CDH11 Gene Transcription,0.1707919212306881,0.4541123732130285,1/10,10.41279532531019,CDH11,0.002506265664160401,1,HFFC6
315,Regulation of Commissural Axon Pathfinding by SLIT and ROBO,0.1707919212306881,0.4541123732130285,1/10,10.41279532531019,ROBO1,0.002506265664160401,1,HFFC6
316,Uptake of Dietary Cobalamins Into Enterocytes,0.1707919212306881,0.4541123732130285,1/10,10.41279532531019,CUBN,0.002506265664160401,1,HFFC6
317,G Alpha (S) Signalling Events,0.1708967274340154,0.4541123732130285,5/158,3.072267593660351,GNB3;GNG12;PRKACB;GNG11;ADCY7,0.012531328320802004,5,HFFC6
318,Anti-inflammatory Response Favouring Leishmania Parasite Infection,0.1739700623330357,0.4593896958481723,5/159,3.021368530998982,GNB3;GNG12;PRKACB;GNG11;ADCY7,0.012531328320802004,5,HFFC6
319,Leishmania Parasite Growth and Survival,0.1739700623330357,0.4593896958481723,5/159,3.021368530998982,GNB3;GNG12;PRKACB;GNG11;ADCY7,0.012531328320802004,5,HFFC6
320,Negative Regulation of the PI3K AKT Network,0.1764844187854665,0.4645773640925832,4/118,3.2362168559146123,PPP2CB;PIP5K1C;EGFR;FGFR1,0.010025062656641603,4,HFFC6
321,Deactivation of the Beta-Catenin Transactivating Complex,0.1828679755058252,0.4682240665884821,2/42,4.509692602267915,TCF7L1;TLE1,0.005012531328320802,2,HFFC6
322,EPHB-mediated Forward Signaling,0.1828679755058252,0.4682240665884821,2/42,4.509692602267915,ARHGEF28;EPHB2,0.005012531328320802,2,HFFC6
323,RHOF GTPase Cycle,0.1828679755058252,0.4682240665884821,2/42,4.509692602267915,ACTN1;ARHGAP5,0.005012531328320802,2,HFFC6
324,RND1 GTPase Cycle,0.1828679755058252,0.4682240665884821,2/42,4.509692602267915,DLG5;ARHGAP5,0.005012531328320802,2,HFFC6
325,Amyloid Fiber Formation,0.1856565274920256,0.4682240665884821,3/80,3.485612387091676,CST3;APP;HSPG2,0.007518796992481203,3,HFFC6
326,G Alpha (12 13) Signalling Events,0.1856565274920256,0.4682240665884821,3/80,3.485612387091676,GNB3;GNG12;GNG11,0.007518796992481203,3,HFFC6
327,Post NMDA Receptor Activation Events,0.1856565274920256,0.4682240665884821,3/80,3.485612387091676,TUBB6;LRRC7;PRKACB,0.007518796992481203,3,HFFC6
328,Biotin Transport and Metabolism,0.1861814039925798,0.4682240665884821,1/11,8.913568089557383,BTD,0.002506265664160401,1,HFFC6
329,CLEC7A (Dectin-1) Induces NFAT Activation,0.1861814039925798,0.4682240665884821,1/11,8.913568089557383,PPP3CA,0.002506265664160401,1,HFFC6
330,Formation of Annular Gap Junctions,0.1861814039925798,0.4682240665884821,1/11,8.913568089557383,CLTCL1,0.002506265664160401,1,HFFC6
331,Formation of the Anterior Neural Plate,0.1861814039925798,0.4682240665884821,1/11,8.913568089557383,ZNF521,0.002506265664160401,1,HFFC6
332,Free Fatty Acids Regulate Insulin Secretion,0.1861814039925798,0.4682240665884821,1/11,8.913568089557383,GNA11,0.002506265664160401,1,HFFC6
333,Receptor Mediated Mitophagy,0.1861814039925798,0.4682240665884821,1/11,8.913568089557383,MAP1LC3B,0.002506265664160401,1,HFFC6
334,Regulation of CDH11 mRNA Translation by microRNAs,0.1861814039925798,0.4682240665884821,1/11,8.913568089557383,CDH11,0.002506265664160401,1,HFFC6
335,Signaling by Activated Point Mutants of FGFR1,0.1861814039925798,0.4682240665884821,1/11,8.913568089557383,FGFR1,0.002506265664160401,1,HFFC6
336,Oncogenic MAPK Signaling,0.1950591508303615,0.4890949034173752,3/82,3.297352605618721,APBB1IP;ITGB3;VCL,0.007518796992481203,3,HFFC6
337,Metabolism,0.1965547894033651,0.4913869735084128,46/2181,1.886703394221852,SLC27A1;FITM2;PYGL;CACNA1C;AK5;ADCY7;AGPAT3;PPP2CB;DSEL;GNA11;ARSK;NUDT19;PLCE1;BPNT2;PIP5K1C;PRKACB;XDH;CBR3;CSGALNACT1;ARSA;CUBN;HSD3B7;NQO2;SCD5;ACOT11;CSGALNACT2;PRKCA;CMBL;GNG12;HSPG2;GNG11;PDP1;PLA2G15;EXT2;TPST1;BTD;PLCB4;GSTA4;DDAH1;CRYL1;GNB3;CSPG4;PRKD1;ANGPTL4;CD44;CERS1,0.11528822055137844,46,HFFC6
338,Butyrophilin (BTN) Family Interactions,0.2012860251165248,0.4915800324377558,1/12,7.726833071299964,XDH,0.002506265664160401,1,HFFC6
339,CREB1 Phosphorylation Through the Activation of Adenylate Cyclase,0.2012860251165248,0.4915800324377558,1/12,7.726833071299964,PRKACB,0.002506265664160401,1,HFFC6
340,Gap Junction Degradation,0.2012860251165248,0.4915800324377558,1/12,7.726833071299964,CLTCL1,0.002506265664160401,1,HFFC6
341,Hyaluronan Uptake and Degradation,0.2012860251165248,0.4915800324377558,1/12,7.726833071299964,CD44,0.002506265664160401,1,HFFC6
342,P2Y Receptors,0.2012860251165248,0.4915800324377558,1/12,7.726833071299964,P2RY6,0.002506265664160401,1,HFFC6
343,PECAM1 Interactions,0.2012860251165248,0.4915800324377558,1/12,7.726833071299964,ITGB3,0.002506265664160401,1,HFFC6
344,Specification of Primordial Germ Cells,0.2012860251165248,0.4915800324377558,1/12,7.726833071299964,BMP4,0.002506265664160401,1,HFFC6
345,Vitamin D (Calciferol) Metabolism,0.2012860251165248,0.4915800324377558,1/12,7.726833071299964,CUBN,0.002506265664160401,1,HFFC6
346,Regulation of RUNX3 Expression and Activity,0.2030975484448416,0.4945747217172655,2/45,3.9353920849791777,TGFB1;SMURF2,0.005012531328320802,2,HFFC6
347,Early SARS-CoV-2 Infection Events,0.2098969920076422,0.5030684066824451,2/46,3.766308848019732,MAP1LC3B;HSPG2,0.005012531328320802,2,HFFC6
348,Kidney Development,0.2098969920076422,0.5030684066824451,2/46,3.766308848019732,RET;BMP4,0.005012531328320802,2,HFFC6
349,Peptide Hormone Metabolism,0.2141974249855462,0.5030684066824451,3/86,2.958118816357067,ANPEP;CTSZ;GNB3,0.007518796992481203,3,HFFC6
350,Cellular Responses to Stimuli,0.2145104461795586,0.5030684066824451,20/887,1.898163003924452,MAP2K3;KDM6B;WFS1;ITGB3;HMGA2;GNG12;ADCY7;GNG11;RAI1;MAP1LC3B;TUBB6;CREB3L1;GNA11;NRIP1;CAT;PIEZO1;GNB3;IGFBP7;PRKACB;VCL,0.05012531328320802,20,HFFC6
351,Immune System,0.2148524111907009,0.5030684066824451,45/2150,1.7671647055040094,IFITM3;APP;CTF1;CANT1;MVP;CTSZ;NLRC5;PYGL;IFIT3;TRIM8;CST3;MRC2;PPP3CA;PPP2CB;HERC3;TUBB6;ANPEP;SIRPA;STX3;PRKACB;XDH;SNAP29;PAG1;PRKG1;SOCS5;IKBIP;MAP2K3;ARSA;SIGLEC15;TGFB1;PIANP;SMURF2;IL1R1;LMO7;OSMR;IL17RC;CPPED1;RNF144B;ZEB1;CRISPLD2;LRRC7;NEDD4;CAT;CD44;VCL,0.11278195488721804,45,HFFC6
352,"WNT5A-dependent Internalization of FZD2, FZD5 and ROR2",0.2161110433440563,0.5030684066824451,1/13,6.768584792976873,ROR1,0.002506265664160401,1,HFFC6
353,eNOS Activation,0.2161110433440563,0.5030684066824451,1/13,6.768584792976873,DDAH1,0.002506265664160401,1,HFFC6
354,Activation of RAC1,0.2161110433440563,0.5030684066824451,1/13,6.768584792976873,ROBO1,0.002506265664160401,1,HFFC6
355,Advanced Glycosylation Endproduct Receptor Signaling,0.2161110433440563,0.5030684066824451,1/13,6.768584792976873,APP,0.002506265664160401,1,HFFC6
356,Dissolution of Fibrin Clot,0.2161110433440563,0.5030684066824451,1/13,6.768584792976873,PLAT,0.002506265664160401,1,HFFC6
357,ERBB2 Activates PTK6 Signaling,0.2161110433440563,0.5030684066824451,1/13,6.768584792976873,EGFR,0.002506265664160401,1,HFFC6
358,ERKs Are Inactivated,0.2161110433440563,0.5030684066824451,1/13,6.768584792976873,PPP2CB,0.002506265664160401,1,HFFC6
359,GRB2 Events in EGFR Signaling,0.2161110433440563,0.5030684066824451,1/13,6.768584792976873,EGFR,0.002506265664160401,1,HFFC6
360,Inhibition of Replication Initiation of Damaged DNA by RB1 E2F1,0.2161110433440563,0.5030684066824451,1/13,6.768584792976873,PPP2CB,0.002506265664160401,1,HFFC6
361,Synthesis of Bile Acids and Bile Salts via 24-Hydroxycholesterol,0.2161110433440563,0.5030684066824451,1/13,6.768584792976873,HSD3B7,0.002506265664160401,1,HFFC6
362,TFAP2 (AP-2) Family Regulates Transcription of Growth Factors and Their Receptors,0.2161110433440563,0.5030684066824451,1/13,6.768584792976873,EGFR,0.002506265664160401,1,HFFC6
363,Heme Signaling,0.2167190012848114,0.5030976815540266,2/47,3.606979326212399,RAI1;NRIP1,0.005012531328320802,2,HFFC6
364,Toll-like Receptor Cascades,0.2224028954903268,0.5036410062438792,5/174,2.3647242709762306,MAP2K3;IKBIP;APP;PPP2CB;NLRC5,0.012531328320802004,5,HFFC6
365,Inositol Phosphate Metabolism,0.2235604100384326,0.5036410062438792,2/48,3.4566720293930624,PLCB4;PLCE1,0.005012531328320802,2,HFFC6
366,NOTCH1 Intracellular Domain Regulates Transcription,0.2235604100384326,0.5036410062438792,2/48,3.4566720293930624,TLE1;HDAC7,0.005012531328320802,2,HFFC6
367,Selective Autophagy,0.2288032011195401,0.5036410062438792,3/89,2.7322896668899856,MAP1LC3B;TUBB6;NBR1,0.007518796992481203,3,HFFC6
368,Signaling by TGFBR3,0.2304181610723038,0.5036410062438792,2/49,3.3147235541917732,TGFB1;TGFBR2,0.005012531328320802,2,HFFC6
369,APC Truncation Mutants Have Impaired AXIN Binding,0.230661620611102,0.5036410062438792,1/14,5.981874682998638,PPP2CB,0.002506265664160401,1,HFFC6
370,AXIN Missense Mutants Destabilize the Destruction Complex,0.230661620611102,0.5036410062438792,1/14,5.981874682998638,PPP2CB,0.002506265664160401,1,HFFC6
371,Adenylate Cyclase Inhibitory Pathway,0.230661620611102,0.5036410062438792,1/14,5.981874682998638,ADCY7,0.002506265664160401,1,HFFC6
372,CS DS Degradation,0.230661620611102,0.5036410062438792,1/14,5.981874682998638,CSPG4,0.002506265664160401,1,HFFC6
373,Defects in Cobalamin (B12) Metabolism,0.230661620611102,0.5036410062438792,1/14,5.981874682998638,CUBN,0.002506265664160401,1,HFFC6
374,FGFR1c Ligand Binding and Activation,0.230661620611102,0.5036410062438792,1/14,5.981874682998638,FGFR1,0.002506265664160401,1,HFFC6
375,Formation of Axial Mesoderm,0.230661620611102,0.5036410062438792,1/14,5.981874682998638,TEAD2,0.002506265664160401,1,HFFC6
376,Glycogen Breakdown (Glycogenolysis),0.230661620611102,0.5036410062438792,1/14,5.981874682998638,PYGL,0.002506265664160401,1,HFFC6
377,Physiological Factors,0.230661620611102,0.5036410062438792,1/14,5.981874682998638,CORIN,0.002506265664160401,1,HFFC6
378,SARS-CoV-2 Modulates Autophagy,0.230661620611102,0.5036410062438792,1/14,5.981874682998638,MAP1LC3B,0.002506265664160401,1,HFFC6
379,SEMA3A-Plexin Repulsion Signaling by Inhibiting Integrin Adhesion,0.230661620611102,0.5036410062438792,1/14,5.981874682998638,PIP5K1C,0.002506265664160401,1,HFFC6
380,SHC1 Events in EGFR Signaling,0.230661620611102,0.5036410062438792,1/14,5.981874682998638,EGFR,0.002506265664160401,1,HFFC6
381,Signaling by AMER1 Mutants,0.230661620611102,0.5036410062438792,1/14,5.981874682998638,PPP2CB,0.002506265664160401,1,HFFC6
382,Signaling by APC Mutants,0.230661620611102,0.5036410062438792,1/14,5.981874682998638,PPP2CB,0.002506265664160401,1,HFFC6
383,Signaling by AXIN Mutants,0.230661620611102,0.5036410062438792,1/14,5.981874682998638,PPP2CB,0.002506265664160401,1,HFFC6
384,Synthesis of Bile Acids and Bile Salts via 27-Hydroxycholesterol,0.230661620611102,0.5036410062438792,1/14,5.981874682998638,HSD3B7,0.002506265664160401,1,HFFC6
385,Truncations of AMER1 Destabilize the Destruction Complex,0.230661620611102,0.5036410062438792,1/14,5.981874682998638,PPP2CB,0.002506265664160401,1,HFFC6
386,Uptake and Function of Anthrax Toxins,0.230661620611102,0.5036410062438792,1/14,5.981874682998638,MAP2K3,0.002506265664160401,1,HFFC6
387,Biological Oxidations,0.2314355253023981,0.5040283991766144,6/222,2.162102860196241,TPST1;NQO2;GSTA4;BPNT2;CMBL;CBR3,0.015037593984962405,6,HFFC6
388,Signaling by ERBB2,0.2372893033351311,0.5072957993713929,2/50,3.18053102486219,PRKCA;EGFR,0.005012531328320802,2,HFFC6
389,Post-translational Protein Modification,0.2374696665834458,0.5072957993713929,31/1457,1.6733205321256668,APP;LMAN2L;DCUN1D3;CTSZ;CHD3;THSD4;HDAC7;CST3;POFUT2;TUBB6;CDH2;ARSK;NRIP1;PGM3;IGFBP7;SOCS5;ARSA;TGFB1;PMM1;SMURF2;WFS1;NSMCE1;LMO7;TGFBR2;BMP4;TPST1;B3GNT9;RTN4RL1;CD109;RECK;FBN1,0.07769423558897243,31,HFFC6
390,Cell-cell Junction Organization,0.2435886863378899,0.5072957993713929,3/92,2.527708625139665,CDH2;CDH11;ANGPTL4,0.007518796992481203,3,HFFC6
391,Asymmetric Localization of PCP Proteins,0.2441709890934472,0.5072957993713929,2/51,3.053545505529333,SMURF2;PRICKLE1,0.005012531328320802,2,HFFC6
392,EPH-ephrin Mediated Repulsion of Cells,0.2441709890934472,0.5072957993713929,2/51,3.053545505529333,CLTCL1;EPHB2,0.005012531328320802,2,HFFC6
393,Transcriptional Activity of SMAD2 SMAD3 SMAD4 Heterotrimer,0.2441709890934472,0.5072957993713929,2/51,3.053545505529333,SKI;SMURF2,0.005012531328320802,2,HFFC6
394,WNT5A-dependent Internalization of FZD4,0.244942823838495,0.5072957993713929,1/15,5.326837475893033,PRKCA,0.002506265664160401,1,HFFC6
395,Anchoring Fibril Formation,0.244942823838495,0.5072957993713929,1/15,5.326837475893033,COL4A2,0.002506265664160401,1,HFFC6
396,CTNNB1 S33 Mutants Aren'T Phosphorylated,0.244942823838495,0.5072957993713929,1/15,5.326837475893033,PPP2CB,0.002506265664160401,1,HFFC6
397,CTNNB1 S37 Mutants Aren'T Phosphorylated,0.244942823838495,0.5072957993713929,1/15,5.326837475893033,PPP2CB,0.002506265664160401,1,HFFC6
398,CTNNB1 S45 Mutants Aren'T Phosphorylated,0.244942823838495,0.5072957993713929,1/15,5.326837475893033,PPP2CB,0.002506265664160401,1,HFFC6
399,CTNNB1 T41 Mutants Aren'T Phosphorylated,0.244942823838495,0.5072957993713929,1/15,5.326837475893033,PPP2CB,0.002506265664160401,1,HFFC6
400,Constitutive Signaling by EGFRvIII,0.244942823838495,0.5072957993713929,1/15,5.326837475893033,EGFR,0.002506265664160401,1,HFFC6
401,Depolymerization of the Nuclear Lamina,0.244942823838495,0.5072957993713929,1/15,5.326837475893033,PRKCA,0.002506265664160401,1,HFFC6
402,ERBB2 Regulates Cell Motility,0.244942823838495,0.5072957993713929,1/15,5.326837475893033,EGFR,0.002506265664160401,1,HFFC6
403,Phase 2 - Plateau Phase,0.244942823838495,0.5072957993713929,1/15,5.326837475893033,CACNA1C,0.002506265664160401,1,HFFC6
404,Regulation of Pyruvate Dehydrogenase (PDH) Complex,0.244942823838495,0.5072957993713929,1/15,5.326837475893033,PDP1,0.002506265664160401,1,HFFC6
405,Signaling by CTNNB1 Phospho-Site Mutants,0.244942823838495,0.5072957993713929,1/15,5.326837475893033,PPP2CB,0.002506265664160401,1,HFFC6
406,Signaling by EGFRvIII in Cancer,0.244942823838495,0.5072957993713929,1/15,5.326837475893033,EGFR,0.002506265664160401,1,HFFC6
407,Signaling by GSK3beta Mutants,0.244942823838495,0.5072957993713929,1/15,5.326837475893033,PPP2CB,0.002506265664160401,1,HFFC6
408,Post-translational Modification Synthesis of GPI-anchored Proteins,0.2485516331363405,0.5124610878600923,3/93,2.463798302591501,RTN4RL1;CD109;RECK,0.007518796992481203,3,HFFC6
409,COPI-independent Golgi-to-ER Retrograde Traffic,0.251060471126623,0.5124610878600923,2/52,2.933266242954126,TUBB6;AGPAT3,0.005012531328320802,2,HFFC6
410,Signaling by FGFR1,0.251060471126623,0.5124610878600923,2/52,2.933266242954126,PPP2CB;FGFR1,0.005012531328320802,2,HFFC6
411,GPCR Ligand Binding,0.2515923019268827,0.5124610878600923,11/467,1.7728716763086283,APP;GABBR2;HRH1;P2RY6;PLPPR2;BDKRB2;GNB3;LPAR3;GNG12;GNG11;NTSR1,0.02756892230576441,11,HFFC6
412,Class B 2 (Secretin Family Receptors),0.2535298945662449,0.5124610878600923,3/94,2.4018884680146635,GNB3;GNG12;GNG11,0.007518796992481203,3,HFFC6
413,Intraflagellar Transport,0.2579550999702065,0.5124610878600923,2/53,2.819235621038276,TUBB6;KIF17,0.005012531328320802,2,HFFC6
414,RHOD GTPase Cycle,0.2579550999702065,0.5124610878600923,2/53,2.819235621038276,ACTN1;ARHGAP5,0.005012531328320802,2,HFFC6
415,Signaling by EGFR,0.2579550999702065,0.5124610878600923,2/53,2.819235621038276,EGFR;PAG1,0.005012531328320802,2,HFFC6
416,Defects of Contact Activation System (CAS) and Kallikrein Kinin System (KKS),0.2589596266464608,0.5124610878600923,1/16,4.77480074617274,TPST1,0.002506265664160401,1,HFFC6
417,Elevation of Cytosolic Ca2+ Levels,0.2589596266464608,0.5124610878600923,1/16,4.77480074617274,P2RX6,0.002506265664160401,1,HFFC6
418,GRB2 Events in ERBB2 Signaling,0.2589596266464608,0.5124610878600923,1/16,4.77480074617274,EGFR,0.002506265664160401,1,HFFC6
419,Nucleotide-like (Purinergic) Receptors,0.2589596266464608,0.5124610878600923,1/16,4.77480074617274,P2RY6,0.002506265664160401,1,HFFC6
420,PI3K Events in ERBB2 Signaling,0.2589596266464608,0.5124610878600923,1/16,4.77480074617274,EGFR,0.002506265664160401,1,HFFC6
421,Phospholipase C-mediated Cascade FGFR1,0.2589596266464608,0.5124610878600923,1/16,4.77480074617274,FGFR1,0.002506265664160401,1,HFFC6
422,Platelet Adhesion to Exposed Collagen,0.2589596266464608,0.5124610878600923,1/16,4.77480074617274,ITGA2,0.002506265664160401,1,HFFC6
423,Regulation of KIT Signaling,0.2589596266464608,0.5124610878600923,1/16,4.77480074617274,PRKCA,0.002506265664160401,1,HFFC6
424,Signal Regulatory Protein Family Interactions,0.2589596266464608,0.5124610878600923,1/16,4.77480074617274,SIRPA,0.002506265664160401,1,HFFC6
425,Signaling by ERBB2 ECD Mutants,0.2589596266464608,0.5124610878600923,1/16,4.77480074617274,EGFR,0.002506265664160401,1,HFFC6
426,Spry Regulation of FGF Signaling,0.2589596266464608,0.5124610878600923,1/16,4.77480074617274,PPP2CB,0.002506265664160401,1,HFFC6
427,Interleukin-1 Family Signaling,0.2621873595984891,0.5176362590203816,4/140,2.0912966441807788,IKBIP;APP;IL1R1;NLRC5,0.010025062656641603,4,HFFC6
428,Interferon Signaling,0.2646538130968543,0.5212878136756222,7/280,1.8125220634636283,IFITM3;TRIM8;PPP2CB;TUBB6;NEDD4;IFIT3;CD44,0.017543859649122806,7,HFFC6
429,PIP3 Activates AKT Signaling,0.2675026156004899,0.5213705652515174,7/281,1.7912692986419088,PPP2CB;NEDD4;PIP5K1C;CHD3;EGFR;FGFR1;HDAC7,0.017543859649122806,7,HFFC6
430,RHOJ GTPase Cycle,0.2717496730800945,0.5213705652515174,2/55,2.608279445991719,RHOJ;ARHGAP5,0.005012531328320802,2,HFFC6
431,Beta-catenin Phosphorylation Cascade,0.2727169110546398,0.5213705652515174,1/17,4.304659178155743,PPP2CB,0.002506265664160401,1,HFFC6
432,Formation of Senescence-Associated Heterochromatin Foci (SAHF),0.2727169110546398,0.5213705652515174,1/17,4.304659178155743,HMGA2,0.002506265664160401,1,HFFC6
433,Germ Layer Formation at Gastrulation,0.2727169110546398,0.5213705652515174,1/17,4.304659178155743,BMP4,0.002506265664160401,1,HFFC6
434,Hyaluronan Metabolism,0.2727169110546398,0.5213705652515174,1/17,4.304659178155743,CD44,0.002506265664160401,1,HFFC6
435,Metabolism of Nitric Oxide NOS3 Activation and Regulation,0.2727169110546398,0.5213705652515174,1/17,4.304659178155743,DDAH1,0.002506265664160401,1,HFFC6
436,Platelet Sensitization by LDL,0.2727169110546398,0.5213705652515174,1/17,4.304659178155743,PPP2CB,0.002506265664160401,1,HFFC6
437,Purine Catabolism,0.2727169110546398,0.5213705652515174,1/17,4.304659178155743,XDH,0.002506265664160401,1,HFFC6
438,Regulation of MITF-M-dependent Genes Involved in Cell Cycle and Proliferation,0.2727169110546398,0.5213705652515174,1/17,4.304659178155743,TCF7L1,0.002506265664160401,1,HFFC6
439,The NLRP3 Inflammasome,0.2727169110546398,0.5213705652515174,1/17,4.304659178155743,APP,0.002506265664160401,1,HFFC6
440,Trafficking of GluR2-containing AMPA Receptors,0.2727169110546398,0.5213705652515174,1/17,4.304659178155743,PRKCA,0.002506265664160401,1,HFFC6
441,Translation of Replicase and Assembly of the Replication Transcription Complex 9694676,0.2727169110546398,0.5213705652515174,1/17,4.304659178155743,MAP1LC3B,0.002506265664160401,1,HFFC6
442,Golgi Associated Vesicle Biogenesis,0.2786447835565716,0.5315007722467338,2/56,2.5106170109163823,DNAJC6;PICALM,0.005012531328320802,2,HFFC6
443,ESR-mediated Signaling,0.2850172436455901,0.5410636500308003,5/192,1.7828020227070251,NRIP1;GNB3;GNG12;GNG11;EGFR,0.012531328320802004,5,HFFC6
444,FGFR1 Ligand Binding and Activation,0.286219469306234,0.5410636500308003,1/18,3.900562980397035,FGFR1,0.002506265664160401,1,HFFC6
445,Mitochondrial Unfolded Protein Response (UPRmt),0.286219469306234,0.5410636500308003,1/18,3.900562980397035,CAT,0.002506265664160401,1,HFFC6
446,Translation of Replicase and Assembly of the Replication Transcription Complex 9679504,0.286219469306234,0.5410636500308003,1/18,3.900562980397035,MAP1LC3B,0.002506265664160401,1,HFFC6
447,Diseases of Glycosylation,0.2868706657684897,0.541084179853513,4/146,1.8677423204076191,EXT2;CSPG4;HSPG2;THSD4,0.010025062656641603,4,HFFC6
448,Metabolism of Proteins,0.2881266203719591,0.5422427488069164,42/2067,1.3809695615156874,APP;LMAN2L;DCUN1D3;CTSZ;CHD3;ZDHHC2;THSD4;HDAC7;CST3;POFUT2;TUBB6;CDH2;ANPEP;GNA11;ARSK;NRIP1;PGM3;IGFBP7;LMCD1;SOCS5;ARSA;TGFB1;PMM1;MRPS24;SMURF2;WFS1;NSMCE1;LMO7;GNG12;HSPG2;GNG11;TGFBR2;BMP4;TPST1;B3GNT9;RTN4RL1;CD109;MSRB3;GNB3;KIFC3;RECK;FBN1,0.10526315789473684,42,HFFC6
449,Glycosphingolipid Metabolism,0.2924192278116862,0.5477355939167188,2/58,2.329298380976052,ARSA;ARSK,0.005012531328320802,2,HFFC6
450,Signaling by ERBB4,0.2924192278116862,0.5477355939167188,2/58,2.329298380976052,NEDD4;EGFR,0.005012531328320802,2,HFFC6
451,Formation of Paraxial Mesoderm,0.2992942456411393,0.5477355939167188,2/59,2.2450675970741045,BMP4;FGFR1,0.005012531328320802,2,HFFC6
452,RHOA GTPase Cycle,0.2993379844062528,0.5477355939167188,4/149,1.766513151194316,STARD13;ARHGEF28;TEX2;ARHGAP5,0.010025062656641603,4,HFFC6
453,Constitutive Signaling by Ligand-Responsive EGFR Cancer Variants,0.2994720051947031,0.5477355939167188,1/19,3.5503988130122597,EGFR,0.002506265664160401,1,HFFC6
454,Diseases of Hemostasis,0.2994720051947031,0.5477355939167188,1/19,3.5503988130122597,TPST1,0.002506265664160401,1,HFFC6
455,Ephrin Signaling,0.2994720051947031,0.5477355939167188,1/19,3.5503988130122597,EPHB2,0.002506265664160401,1,HFFC6
456,LDL Clearance,0.2994720051947031,0.5477355939167188,1/19,3.5503988130122597,LIPA,0.002506265664160401,1,HFFC6
457,Microtubule-dependent Trafficking of Connexons From Golgi to the Plasma Membrane,0.2994720051947031,0.5477355939167188,1/19,3.5503988130122597,TUBB6,0.002506265664160401,1,HFFC6
458,Plasma Lipoprotein Assembly,0.2994720051947031,0.5477355939167188,1/19,3.5503988130122597,PRKACB,0.002506265664160401,1,HFFC6
459,Scavenging by Class A Receptors,0.2994720051947031,0.5477355939167188,1/19,3.5503988130122597,COL4A2,0.002506265664160401,1,HFFC6
460,Signaling by Ligand-Responsive EGFR Variants in Cancer,0.2994720051947031,0.5477355939167188,1/19,3.5503988130122597,EGFR,0.002506265664160401,1,HFFC6
461,VEGFR2 Mediated Cell Proliferation,0.2994720051947031,0.5477355939167188,1/19,3.5503988130122597,PRKCA,0.002506265664160401,1,HFFC6
462,Leishmania Infection,0.3034819190866784,0.552677201785007,6/245,1.5902755054187856,APP;GNB3;GNG12;PRKACB;GNG11;ADCY7,0.015037593984962405,6,HFFC6
463,Parasitic Infection Pathways,0.3034819190866784,0.552677201785007,6/245,1.5902755054187856,APP;GNB3;GNG12;PRKACB;GNG11;ADCY7,0.015037593984962405,6,HFFC6
464,Formation of the Beta-Catenin TCF Transactivating Complex,0.306158385423536,0.5563523348019095,2/60,2.1647759290773188,TCF7L1;TLE1,0.005012531328320802,2,HFFC6
465,Phase I - Functionalization of Compounds,0.3089908507486599,0.5602945684176344,3/105,1.832909239661916,NQO2;CMBL;CBR3,0.007518796992481203,3,HFFC6
466,Ras Activation Upon Ca2+ Influx Through NMDA Receptor,0.3124791360451185,0.5639513590756919,1/20,3.244764819188342,LRRC7,0.002506265664160401,1,HFFC6
467,Transport of Connexons to the Plasma Membrane,0.3124791360451185,0.5639513590756919,1/20,3.244764819188342,TUBB6,0.002506265664160401,1,HFFC6
468,Regulation of PTEN Gene Transcription,0.3130096892384609,0.5639513590756919,2/61,2.0881878251446513,CHD3;HDAC7,0.005012531328320802,2,HFFC6
469,Transcriptional Regulation by RUNX2,0.3140695879395053,0.5646570251252808,3/106,1.7898260321803203,ITGBL1;SMAD6;ZNF521,0.007518796992481203,3,HFFC6
470,RHO GTPases Activate PKNs,0.3198462749716724,0.5738218733568221,2/62,2.0150851411318684,MYL9;MYL12B,0.005012531328320802,2,HFFC6
471,CD209 (DC-SIGN) Signaling,0.3252453941318146,0.5749630921367853,1/21,2.976262824702848,PRKACB,0.002506265664160401,1,HFFC6
472,CTLA4 Inhibitory Signaling,0.3252453941318146,0.5749630921367853,1/21,2.976262824702848,PPP2CB,0.002506265664160401,1,HFFC6
473,Negative Regulation of NMDA Receptor-Mediated Neuronal Transmission,0.3252453941318146,0.5749630921367853,1/21,2.976262824702848,LRRC7,0.002506265664160401,1,HFFC6
474,PI-3K Cascade FGFR1,0.3252453941318146,0.5749630921367853,1/21,2.976262824702848,FGFR1,0.002506265664160401,1,HFFC6
475,SHC-mediated Cascade FGFR1,0.3252453941318146,0.5749630921367853,1/21,2.976262824702848,FGFR1,0.002506265664160401,1,HFFC6
476,"Synthesis, Secretion, and Inactivation of Glucagon-like Peptide-1 (GLP-1)",0.3252453941318146,0.5749630921367853,1/21,2.976262824702848,GNB3,0.002506265664160401,1,HFFC6
477,"Unblocking of NMDA Receptors, Glutamate Binding and Activation",0.3252453941318146,0.5749630921367853,1/21,2.976262824702848,LRRC7,0.002506265664160401,1,HFFC6
478,MAP Kinase Activation,0.3266663344575546,0.5750688596179868,2/63,1.945265604110418,MAP2K3;PPP2CB,0.005012531328320802,2,HFFC6
479,Peroxisomal Protein Import,0.3266663344575546,0.5750688596179868,2/63,1.945265604110418,CAT;NUDT19,0.005012531328320802,2,HFFC6
480,Diseases of Signal Transduction by Growth Factor Receptors and Second Messengers,0.3279557550745025,0.5761384886443963,10/451,1.3437259614051016,APBB1IP;PPP2CB;TGFB1;ITGB3;LMO7;EGFR;VCL;FGFR1;TGFBR2;HDAC7,0.02506265664160401,10,HFFC6
481,Synthesis of Substrates in N-glycan Biosythesis,0.3334681312710587,0.5777734165325827,2/64,1.878541435277004,PMM1;PGM3,0.005012531328320802,2,HFFC6
482,Metabolism of Lipids,0.3339125484366409,0.5777734165325827,16/758,1.258369833790832,ARSA;CUBN;HSD3B7;SLC27A1;SCD5;ACOT11;FITM2;AGPAT3;PLA2G15;ARSK;NUDT19;PRKD1;PIP5K1C;ANGPTL4;PRKACB;CERS1,0.040100250626566414,16,HFFC6
483,Adipogenesis,0.3343945922733842,0.5777734165325827,3/110,1.6292960793781135,TGFB1;CHD3;ANGPTL4,0.007518796992481203,3,HFFC6
484,Factors Involved in Megakaryocyte Development and Platelet Production,0.3370579313461193,0.5777734165325827,4/158,1.4989257556408295,DOCK5;TUBB6;MAFF;PRKACB,0.010025062656641603,4,HFFC6
485,"Cobalamin (Cbl, Vitamin B12) Transport and Metabolism",0.3377752281267406,0.5777734165325827,1/22,2.73899940256,CUBN,0.002506265664160401,1,HFFC6
486,Deregulated CDK5 Triggers Multiple Neurodegenerative Pathways in Alzheimer's Disease Models,0.3377752281267406,0.5777734165325827,1/22,2.73899940256,APP,0.002506265664160401,1,HFFC6
487,E2F Mediated Regulation of DNA Replication,0.3377752281267406,0.5777734165325827,1/22,2.73899940256,PPP2CB,0.002506265664160401,1,HFFC6
488,ERK MAPK Targets,0.3377752281267406,0.5777734165325827,1/22,2.73899940256,PPP2CB,0.002506265664160401,1,HFFC6
489,Insertion of Tail-Anchored Proteins Into the Endoplasmic Reticulum Membrane,0.3377752281267406,0.5777734165325827,1/22,2.73899940256,APP,0.002506265664160401,1,HFFC6
490,NPAS4 Regulates Expression of Target Genes,0.3377752281267406,0.5777734165325827,1/22,2.73899940256,RET,0.002506265664160401,1,HFFC6
491,Neurodegenerative Diseases,0.3377752281267406,0.5777734165325827,1/22,2.73899940256,APP,0.002506265664160401,1,HFFC6
492,Post-chaperonin Tubulin Folding Pathway,0.3377752281267406,0.5777734165325827,1/22,2.73899940256,TUBB6,0.002506265664160401,1,HFFC6
493,Signaling by ERBB2 TMD JMD Mutants,0.3377752281267406,0.5777734165325827,1/22,2.73899940256,EGFR,0.002506265664160401,1,HFFC6
494,Phase II - Conjugation of Compounds,0.3394738942515182,0.5795059406919857,3/111,1.5919137228771507,TPST1;GSTA4;BPNT2,0.007518796992481203,3,HFFC6
495,Interleukin-4 and Interleukin-13 Signaling,0.3445506892987993,0.5869865573739625,3/112,1.555557025054015,TGFB1;ZEB1;SOCS5,0.007518796992481203,3,HFFC6
496,Activated TAK1 Mediates P38 MAPK Activation,0.3500730048446219,0.5880948093314226,1/23,2.528227652348822,MAP2K3,0.002506265664160401,1,HFFC6
497,Azathioprine ADME,0.3500730048446219,0.5880948093314226,1/23,2.528227652348822,XDH,0.002506265664160401,1,HFFC6
498,FRS-mediated FGFR1 Signaling,0.3500730048446219,0.5880948093314226,1/23,2.528227652348822,FGFR1,0.002506265664160401,1,HFFC6
499,Long-term Potentiation,0.3500730048446219,0.5880948093314226,1/23,2.528227652348822,LRRC7,0.002506265664160401,1,HFFC6
500,Nephrin Family Interactions,0.3500730048446219,0.5880948093314226,1/23,2.528227652348822,ACTN1,0.002506265664160401,1,HFFC6
501,RHOBTB2 GTPase Cycle,0.3500730048446219,0.5880948093314226,1/23,2.528227652348822,ACTN1,0.002506265664160401,1,HFFC6
502,Synthesis of Bile Acids and Bile Salts via 7Alpha-Hydroxycholesterol,0.3500730048446219,0.5880948093314226,1/23,2.528227652348822,HSD3B7,0.002506265664160401,1,HFFC6
503,O-linked Glycosylation,0.354693436062796,0.5946745108592513,3/114,1.485783987489065,POFUT2;B3GNT9;THSD4,0.007518796992481203,3,HFFC6
504,Estrogen-dependent Nuclear Events Downstream of ESR-membrane Signaling,0.3621430107568825,0.597677429862433,1/24,2.340085736548144,EGFR,0.002506265664160401,1,HFFC6
505,Glutamate Neurotransmitter Release Cycle,0.3621430107568825,0.597677429862433,1/24,2.340085736548144,SLC1A2,0.002506265664160401,1,HFFC6
506,HS-GAG Degradation,0.3621430107568825,0.597677429862433,1/24,2.340085736548144,HSPG2,0.002506265664160401,1,HFFC6
507,"Incretin Synthesis, Secretion, and Inactivation",0.3621430107568825,0.597677429862433,1/24,2.340085736548144,GNB3,0.002506265664160401,1,HFFC6
508,Other Interleukin Signaling,0.3621430107568825,0.597677429862433,1/24,2.340085736548144,STX3,0.002506265664160401,1,HFFC6
509,RHO GTPases Activate NADPH Oxidases,0.3621430107568825,0.597677429862433,1/24,2.340085736548144,PRKCA,0.002506265664160401,1,HFFC6
510,RUNX2 Regulates Osteoblast Differentiation,0.3621430107568825,0.597677429862433,1/24,2.340085736548144,ZNF521,0.002506265664160401,1,HFFC6
511,Triglyceride Catabolism,0.3621430107568825,0.597677429862433,1/24,2.340085736548144,PRKACB,0.002506265664160401,1,HFFC6
512,Diseases of Metabolism,0.3656861411196125,0.6008005474299126,6/264,1.2415951386744055,CUBN;EXT2;BTD;CSPG4;HSPG2;THSD4,0.015037593984962405,6,HFFC6
513,COPII-mediated Vesicle Transport,0.3671471742505701,0.6008005474299126,2/69,1.5856471398989649,LMAN2L;CTSZ,0.005012531328320802,2,HFFC6
514,Transport of Small Molecules,0.3676735382914863,0.6008005474299126,15/724,1.1250173844823173,CUBN;SLC27A1;SLC20A2;ATP8B1;SLC1A2;GNG12;ADCY7;LIPA;GNG11;LMF1;BEST1;GNB3;ANGPTL4;PRKACB;TRPM4,0.03759398496240601,15,HFFC6
515,Circadian Clock,0.373806700807456,0.6008005474299126,2/70,1.5342217386990982,RAI1;NRIP1,0.005012531328320802,2,HFFC6
516,Basigin Interactions,0.373989453193058,0.6008005474299126,1/25,2.1714031762716544,ITGA3,0.002506265664160401,1,HFFC6
517,Cyclin A B1 B2 Associated Events During G2 M Transition,0.373989453193058,0.6008005474299126,1/25,2.1714031762716544,PPP2CB,0.002506265664160401,1,HFFC6
518,Defective Intrinsic Pathway for Apoptosis,0.373989453193058,0.6008005474299126,1/25,2.1714031762716544,APP,0.002506265664160401,1,HFFC6
519,Formation of Tubulin Folding Intermediates by CCT TriC,0.373989453193058,0.6008005474299126,1/25,2.1714031762716544,TUBB6,0.002506265664160401,1,HFFC6
520,Glycogen Metabolism,0.373989453193058,0.6008005474299126,1/25,2.1714031762716544,PYGL,0.002506265664160401,1,HFFC6
521,Inflammasomes,0.373989453193058,0.6008005474299126,1/25,2.1714031762716544,APP,0.002506265664160401,1,HFFC6
522,NOTCH3 Activation and Transmission of Signal to the Nucleus,0.373989453193058,0.6008005474299126,1/25,2.1714031762716544,EGFR,0.002506265664160401,1,HFFC6
523,Signaling by EGFR in Cancer,0.373989453193058,0.6008005474299126,1/25,2.1714031762716544,EGFR,0.002506265664160401,1,HFFC6
524,Signaling by ERBB2 KD Mutants,0.373989453193058,0.6008005474299126,1/25,2.1714031762716544,EGFR,0.002506265664160401,1,HFFC6
525,TRAF6 Mediated NF-kB Activation,0.373989453193058,0.6008005474299126,1/25,2.1714031762716544,APP,0.002506265664160401,1,HFFC6
526,Cellular Senescence,0.3749516254511055,0.6012032704102167,4/167,1.2768314465948372,MAP2K3;KDM6B;HMGA2;IGFBP7,0.010025062656641603,4,HFFC6
527,Innate Immune System,0.3833451919110339,0.6134975135697418,23/1149,1.0413318890727623,IKBIP;MAP2K3;APP;ARSA;SIGLEC15;CANT1;MVP;CTSZ;NLRC5;PYGL;CPPED1;CST3;PPP3CA;PPP2CB;CRISPLD2;LRRC7;ANPEP;CAT;SIRPA;PRKACB;SNAP29;CD44;VCL,0.05764411027568922,23,HFFC6
528,Attachment and Entry 9694614,0.3856164620947478,0.6136457824294952,1/26,2.019555387908216,HSPG2,0.002506265664160401,1,HFFC6
529,HDMs Demethylate Histones,0.3856164620947478,0.6136457824294952,1/26,2.019555387908216,KDM6B,0.002506265664160401,1,HFFC6
530,Signaling by ERBB2 in Cancer,0.3856164620947478,0.6136457824294952,1/26,2.019555387908216,EGFR,0.002506265664160401,1,HFFC6
531,SUMO E3 Ligases SUMOylate Target Proteins,0.3875584447483057,0.6155768530306737,4/170,1.2113033807876552,NRIP1;NSMCE1;CHD3;HDAC7,0.010025062656641603,4,HFFC6
532,Hedgehog 'On' State,0.3936089799719996,0.624014236540975,2/73,1.392100948562602,SMURF2;KIF7,0.005012531328320802,2,HFFC6
533,Cell Recruitment (Pro-Inflammatory Response),0.3970280912531306,0.625911822964357,1/27,1.8823530964054864,APP,0.002506265664160401,1,HFFC6
534,Prefoldin Mediated Transfer of Substrate to CCT TriC,0.3970280912531306,0.625911822964357,1/27,1.8823530964054864,TUBB6,0.002506265664160401,1,HFFC6
535,Purinergic Signaling in Leishmaniasis Infection,0.3970280912531306,0.625911822964357,1/27,1.8823530964054864,APP,0.002506265664160401,1,HFFC6
536,Glycolysis,0.4001470515730278,0.6273177339131883,2/74,1.3484424454591348,PPP2CB;PRKACB,0.005012531328320802,2,HFFC6
537,RHOG GTPase Cycle,0.4001470515730278,0.6273177339131883,2/74,1.3484424454591348,DOCK5;ARHGAP5,0.005012531328320802,2,HFFC6
538,Signaling by NOTCH1,0.4001470515730278,0.6273177339131883,2/74,1.3484424454591348,TLE1;HDAC7,0.005012531328320802,2,HFFC6
539,Activation of AMPK Downstream of NMDARs,0.4082283197829762,0.6329411563607613,1/28,1.7579573044607557,TUBB6,0.002506265664160401,1,HFFC6
540,CREB1 Phosphorylation Through NMDA Receptor-Mediated Activation of RAS Signaling,0.4082283197829762,0.6329411563607613,1/28,1.7579573044607557,LRRC7,0.002506265664160401,1,HFFC6
541,Notch-HLH Transcription Pathway,0.4082283197829762,0.6329411563607613,1/28,1.7579573044607557,HDAC7,0.002506265664160401,1,HFFC6
542,Peroxisomal Lipid Metabolism,0.4082283197829762,0.6329411563607613,1/28,1.7579573044607557,NUDT19,0.002506265664160401,1,HFFC6
543,Platelet Calcium Homeostasis,0.4082283197829762,0.6329411563607613,1/28,1.7579573044607557,P2RX6,0.002506265664160401,1,HFFC6
544,TRP Channels,0.4082283197829762,0.6329411563607613,1/28,1.7579573044607557,TRPM4,0.002506265664160401,1,HFFC6
545,Fatty Acid Metabolism,0.4126611790922481,0.6374747647768733,4/176,1.0913087585541568,SLC27A1;ACOT11;SCD5;NUDT19,0.010025062656641603,4,HFFC6
546,SUMOylation,0.4126611790922481,0.6374747647768733,4/176,1.0913087585541568,NRIP1;NSMCE1;CHD3;HDAC7,0.010025062656641603,4,HFFC6
547,Downregulation of ERBB2 Signaling,0.4192210534877394,0.6399398667954568,1/29,1.644813230856308,EGFR,0.002506265664160401,1,HFFC6
548,EGR2 and SOX10-mediated Initiation of Schwann Cell Myelination,0.4192210534877394,0.6399398667954568,1/29,1.644813230856308,SCD5,0.002506265664160401,1,HFFC6
549,Myogenesis,0.4192210534877394,0.6399398667954568,1/29,1.644813230856308,CDH2,0.002506265664160401,1,HFFC6
550,Negative Regulation of FGFR3 Signaling,0.4192210534877394,0.6399398667954568,1/29,1.644813230856308,PPP2CB,0.002506265664160401,1,HFFC6
551,PIWI-interacting RNA (piRNA) Biogenesis,0.4192210534877394,0.6399398667954568,1/29,1.644813230856308,MYBL1,0.002506265664160401,1,HFFC6
552,Phosphorylation of CD3 and TCR Zeta Chains,0.4192210534877394,0.6399398667954568,1/29,1.644813230856308,PAG1,0.002506265664160401,1,HFFC6
553,SUMOylation of DNA Damage Response and Repair Proteins,0.4195582085262521,0.6399398667954568,2/77,1.227366610667751,NSMCE1;HDAC7,0.005012531328320802,2,HFFC6
554,Class A 1 (Rhodopsin-like Receptors),0.4226008887568274,0.6434193711703048,7/333,0.9807808191583708,APP;HRH1;P2RY6;PLPPR2;BDKRB2;LPAR3;NTSR1,0.017543859649122806,7,HFFC6
555,Interferon Alpha Beta Signaling,0.4259576711392358,0.6463652941083028,2/78,1.1900463117834292,IFITM3;IFIT3,0.005012531328320802,2,HFFC6
556,Interconversion of Nucleotide Di- and Triphosphates,0.4300101262090725,0.6463652941083028,1/30,1.541598491749148,AK5,0.002506265664160401,1,HFFC6
557,Regulation of TP53 Activity Through Acetylation,0.4300101262090725,0.6463652941083028,1/30,1.541598491749148,CHD3,0.002506265664160401,1,HFFC6
558,Biosynthesis of the N-glycan Precursor (Dolichol LLO) and Transfer to a Nascent Protein,0.4323201718844138,0.6463652941083028,2/79,1.154125839450841,PMM1;PGM3,0.005012531328320802,2,HFFC6
559,Cardiac Conduction,0.4346315828109274,0.6463652941083028,3/130,1.043103973250451,CACNA1C;SCN1B;CORIN,0.007518796992481203,3,HFFC6
560,Cell Surface Interactions at the Vascular Wall,0.4347635405231617,0.6463652941083028,5/233,0.9682749004431468,TGFB1;ITGA3;ITGB3;SIRPA;CD44,0.012531328320802004,5,HFFC6
561,PKR-mediated Signaling,0.4386448785272805,0.6463652941083028,2/80,1.1195398011679252,PPP2CB;TUBB6,0.005012531328320802,2,HFFC6
562,Disassembly of the Destruction Complex and Recruitment of AXIN to the Membrane,0.4405993010726419,0.6463652941083028,1/31,1.4471820924923635,PPP2CB,0.002506265664160401,1,HFFC6
563,Downstream Signaling of Activated FGFR1,0.4405993010726419,0.6463652941083028,1/31,1.4471820924923635,FGFR1,0.002506265664160401,1,HFFC6
564,EGFR Downregulation,0.4405993010726419,0.6463652941083028,1/31,1.4471820924923635,EGFR,0.002506265664160401,1,HFFC6
565,FGFR1 Mutant Receptor Activation,0.4405993010726419,0.6463652941083028,1/31,1.4471820924923635,FGFR1,0.002506265664160401,1,HFFC6
566,"FOXO-mediated Transcription of Oxidative Stress, Metabolic and Neuronal Genes",0.4405993010726419,0.6463652941083028,1/31,1.4471820924923635,CAT,0.002506265664160401,1,HFFC6
567,"Glutamate Binding, Activation of AMPA Receptors and Synaptic Plasticity",0.4405993010726419,0.6463652941083028,1/31,1.4471820924923635,PRKCA,0.002506265664160401,1,HFFC6
568,Interaction Between L1 and Ankyrins,0.4405993010726419,0.6463652941083028,1/31,1.4471820924923635,SCN1B,0.002506265664160401,1,HFFC6
569,MAPK Targets Nuclear Events Mediated by MAP Kinases,0.4405993010726419,0.6463652941083028,1/31,1.4471820924923635,PPP2CB,0.002506265664160401,1,HFFC6
570,Negative Regulation of FGFR4 Signaling,0.4405993010726419,0.6463652941083028,1/31,1.4471820924923635,PPP2CB,0.002506265664160401,1,HFFC6
571,RHO GTPases Activate IQGAPs,0.4405993010726419,0.6463652941083028,1/31,1.4471820924923635,TUBB6,0.002506265664160401,1,HFFC6
572,Sealing of the Nuclear Envelope (NE) by ESCRT-III,0.4405993010726419,0.6463652941083028,1/31,1.4471820924923635,TUBB6,0.002506265664160401,1,HFFC6
573,Trafficking of AMPA Receptors,0.4405993010726419,0.6463652941083028,1/31,1.4471820924923635,PRKCA,0.002506265664160401,1,HFFC6
574,Transcriptional Regulation of Brown and Beige Adipocyte Differentiation,0.4405993010726419,0.6463652941083028,1/31,1.4471820924923635,CHD3,0.002506265664160401,1,HFFC6
575,Transcriptional Regulation of Brown and Beige Adipocyte Differentiation by EBF2,0.4405993010726419,0.6463652941083028,1/31,1.4471820924923635,CHD3,0.002506265664160401,1,HFFC6
576,Cooperation of Prefoldin and TriC CCT in Actin and Tubulin Folding,0.4509922720491606,0.6584546420164085,1/32,1.360591704916007,TUBB6,0.002506265664160401,1,HFFC6
577,PINK1-PRKN Mediated Mitophagy,0.4509922720491606,0.6584546420164085,1/32,1.360591704916007,MAP1LC3B,0.002506265664160401,1,HFFC6
578,UCH Proteinases,0.4511777961272195,0.6584546420164085,2/82,1.054127893955807,TGFB1;TGFBR2,0.005012531328320802,2,HFFC6
579,RHO GTPase Effectors,0.4546561298888323,0.6623869478552816,6/291,0.8794353144194877,PPP2CB;TUBB6;PRKCA;TAX1BP3;MYL9;MYL12B,0.015037593984962405,6,HFFC6
580,Constitutive Signaling by Aberrant PI3K in Cancer,0.4573845543689117,0.6652150575589164,2/83,1.0231889336797588,EGFR;FGFR1,0.005012531328320802,2,HFFC6
581,"Inactivation, Recovery and Regulation of the Phototransduction Cascade",0.461192664792752,0.6673078797086909,1/33,1.2809873589701195,PRKCA,0.002506265664160401,1,HFFC6
582,Regulation of Pyruvate Metabolism,0.461192664792752,0.6673078797086909,1/33,1.2809873589701195,PDP1,0.002506265664160401,1,HFFC6
583,Synthesis of Bile Acids and Bile Salts,0.461192664792752,0.6673078797086909,1/33,1.2809873589701195,HSD3B7,0.002506265664160401,1,HFFC6
584,Transcriptional Regulation of White Adipocyte Differentiation,0.4635506105565491,0.6695731041372376,2/84,0.9933577743623054,TGFB1;ANGPTL4,0.005012531328320802,2,HFFC6
585,TCF Dependent Signaling in Response to WNT,0.4661731903271665,0.6722121942430984,4/189,0.8742689797463123,PPP2CB;TCF7L1;TLE1;SMURF2,0.010025062656641603,4,HFFC6
586,Glucose Metabolism,0.4696753365335212,0.6737181258094973,2/85,0.9645853628088612,PPP2CB;PRKACB,0.005012531328320802,2,HFFC6
587,Negative Regulation of FGFR2 Signaling,0.4712040382880625,0.6737181258094973,1/34,1.2076401345063612,PPP2CB,0.002506265664160401,1,HFFC6
588,RAF Activation,0.4712040382880625,0.6737181258094973,1/34,1.2076401345063612,PPP2CB,0.002506265664160401,1,HFFC6
589,Signaling by WNT in Cancer,0.4712040382880625,0.6737181258094973,1/34,1.2076401345063612,PPP2CB,0.002506265664160401,1,HFFC6
590,The Phototransduction Cascade,0.4712040382880625,0.6737181258094973,1/34,1.2076401345063612,PRKCA,0.002506265664160401,1,HFFC6
591,DDX58 IFIH1-mediated Induction of Interferon-Alpha Beta,0.4757581413207999,0.6790804550947229,2/86,0.9368252956207372,APP;NLRC5,0.005012531328320802,2,HFFC6
592,Negative Regulators of DDX58 IFIH1 Signaling,0.4810298858372653,0.6819970696853846,1/35,1.1399147918242116,NLRC5,0.002506265664160401,1,HFFC6
593,Nucleotide Catabolism,0.4810298858372653,0.6819970696853846,1/35,1.1399147918242116,XDH,0.002506265664160401,1,HFFC6
594,RHOBTB GTPase Cycle,0.4810298858372653,0.6819970696853846,1/35,1.1399147918242116,ACTN1,0.002506265664160401,1,HFFC6
595,Transcriptional Regulation by NPAS4,0.4810298858372653,0.6819970696853846,1/35,1.1399147918242116,RET,0.002506265664160401,1,HFFC6
596,Detoxification of Reactive Oxygen Species,0.4906736364242906,0.692185680765485,1/36,1.0772555207694785,CAT,0.002506265664160401,1,HFFC6
597,Regulation of TP53 Degradation,0.4906736364242906,0.692185680765485,1/36,1.0772555207694785,PPP2CB,0.002506265664160401,1,HFFC6
598,Transcriptional Regulation by the AP-2 (TFAP2) Family of Transcription Factors,0.4906736364242906,0.692185680765485,1/36,1.0772555207694785,EGFR,0.002506265664160401,1,HFFC6
599,Macroautophagy,0.4967895419435151,0.697388059591462,3/143,0.7939219397486682,TUBB6;MAP1LC3B;NBR1,0.007518796992481203,3,HFFC6
600,Cross-presentation of Soluble Exogenous Antigens (Endosomes),0.5001386557543502,0.697388059591462,1/37,1.0191741814976747,MRC2,0.002506265664160401,1,HFFC6
601,Fatty acyl-CoA Biosynthesis,0.5001386557543502,0.697388059591462,1/37,1.0191741814976747,SCD5,0.002506265664160401,1,HFFC6
602,Glutathione Conjugation,0.5001386557543502,0.697388059591462,1/37,1.0191741814976747,GSTA4,0.002506265664160401,1,HFFC6
603,RHOV GTPase Cycle,0.5001386557543502,0.697388059591462,1/37,1.0191741814976747,DLG5,0.002506265664160401,1,HFFC6
604,RUNX1 Interacts With Co-Factors Whose Precise Effect on RUNX1 Targets Is Not Known,0.5001386557543502,0.697388059591462,1/37,1.0191741814976747,PCGF5,0.002506265664160401,1,HFFC6
605,Regulation of TP53 Expression and Degradation,0.5001386557543502,0.697388059591462,1/37,1.0191741814976747,PPP2CB,0.002506265664160401,1,HFFC6
606,Signaling by FGFR,0.5055251230784129,0.7022298029555165,2/91,0.8117510658275862,PPP2CB;FGFR1,0.005012531328320802,2,HFFC6
607,PTEN Regulation,0.5060522592422593,0.7022298029555165,3/145,0.7619925683485688,NEDD4;CHD3;HDAC7,0.007518796992481203,3,HFFC6
608,Defective B3GALTL Causes PpS,0.5094282475878481,0.7022298029555165,1/38,0.9652405456484195,THSD4,0.002506265664160401,1,HFFC6
609,Maturation of Spike Protein 9694548,0.5094282475878481,0.7022298029555165,1/38,0.9652405456484195,ZDHHC2,0.002506265664160401,1,HFFC6
610,Mitochondrial Fatty Acid Beta-Oxidation,0.5094282475878481,0.7022298029555165,1/38,0.9652405456484195,ACOT11,0.002506265664160401,1,HFFC6
611,Signaling by FGFR1 in Disease,0.5094282475878481,0.7022298029555165,1/38,0.9652405456484195,FGFR1,0.002506265664160401,1,HFFC6
612,Triglyceride Metabolism,0.5094282475878481,0.7022298029555165,1/38,0.9652405456484195,PRKACB,0.002506265664160401,1,HFFC6
613,Signaling by ALK Fusions and Activated Point Mutants,0.5171216257108446,0.7078692701054013,2/93,0.7674359051472693,LMO7;VCL,0.005012531328320802,2,HFFC6
614,Signaling by ALK in Cancer,0.5171216257108446,0.7078692701054013,2/93,0.7674359051472693,LMO7;VCL,0.005012531328320802,2,HFFC6
615,Association of TriC CCT With Target Proteins During Biosynthesis,0.5185456546689271,0.7078692701054013,1/39,0.9150741570943332,KIFC3,0.002506265664160401,1,HFFC6
616,Chromatin Modifications During the Maternal to Zygotic Transition (MZT),0.5185456546689271,0.7078692701054013,1/39,0.9150741570943332,KDM6B,0.002506265664160401,1,HFFC6
617,Mitophagy,0.5185456546689271,0.7078692701054013,1/39,0.9150741570943332,MAP1LC3B,0.002506265664160401,1,HFFC6
618,Synthesis of PA,0.5185456546689271,0.7078692701054013,1/39,0.9150741570943332,AGPAT3,0.002506265664160401,1,HFFC6
619,Oxidative Stress Induced Senescence,0.5228518777324954,0.7114490123735244,2/94,0.7463712623961971,KDM6B;MAP2K3,0.005012531328320802,2,HFFC6
620,RAC3 GTPase Cycle,0.5228518777324954,0.7114490123735244,2/94,0.7463712623961971,ARHGAP5;FERMT2,0.005012531328320802,2,HFFC6
621,Intra-Golgi and Retrograde Golgi-to-ER Traffic,0.5255974529587888,0.7131719691361134,4/204,0.6810416747273317,TUBB6;NAA38;SNAP29;AGPAT3,0.010025062656641603,4,HFFC6
622,Class C 3 (Metabotropic Glutamate Pheromone Receptors),0.5274940600119181,0.7131719691361134,1/40,0.8683375079866081,GABBR2,0.002506265664160401,1,HFFC6
623,RHOU GTPase Cycle,0.5274940600119181,0.7131719691361134,1/40,0.8683375079866081,DLG5,0.002506265664160401,1,HFFC6
624,Signaling by FGFR3,0.5274940600119181,0.7131719691361134,1/40,0.8683375079866081,PPP2CB,0.002506265664160401,1,HFFC6
625,Unfolded Protein Response (UPR),0.5285363807313964,0.7134396832556389,2/95,0.72599621868893,WFS1;CREB3L1,0.005012531328320802,2,HFFC6
626,Signaling by FGFR4,0.5362765879887651,0.7227332007185111,1/41,0.8247302921479496,PPP2CB,0.002506265664160401,1,HFFC6
627,Degradation of AXIN,0.5448963052373061,0.7325743508280022,1/42,0.7839845442579604,SMURF2,0.002506265664160401,1,HFFC6
628,Metabolism of Nucleotides,0.5453127416222643,0.7325743508280022,2/98,0.6687403668400579,AK5;XDH,0.005012531328320802,2,HFFC6
629,Interferon Gamma Signaling,0.5508117209590355,0.7340439680266572,2/99,0.6508617397056985,TRIM8;CD44,0.005012531328320802,2,HFFC6
630,Visual Phototransduction,0.5508117209590355,0.7340439680266572,2/99,0.6508617397056985,PRKCA;HSPG2,0.005012531328320802,2,HFFC6
631,ER to Golgi Anterograde Transport,0.5509832474225591,0.7340439680266572,3/155,0.6226374541065897,TUBB6;LMAN2L;CTSZ,0.007518796992481203,3,HFFC6
632,Aggrephagy,0.5533562220508647,0.7340439680266572,1/43,0.7458605095285007,TUBB6,0.002506265664160401,1,HFFC6
633,Amine Ligand-Binding Receptors,0.5533562220508647,0.7340439680266572,1/43,0.7458605095285007,HRH1,0.002506265664160401,1,HFFC6
634,Negative Regulation of MAPK Pathway,0.5533562220508647,0.7340439680266572,1/43,0.7458605095285007,PPP2CB,0.002506265664160401,1,HFFC6
635,Signaling by SCF-KIT,0.5533562220508647,0.7340439680266572,1/43,0.7458605095285007,PRKCA,0.002506265664160401,1,HFFC6
636,"Transport of Vitamins, Nucleosides, and Related Molecules",0.5533562220508647,0.7340439680266572,1/43,0.7458605095285007,SLC27A1,0.002506265664160401,1,HFFC6
637,Bile Acid and Bile Salt Metabolism,0.5616592930191783,0.7377213285334713,1/44,0.7101431227485063,HSD3B7,0.002506265664160401,1,HFFC6
638,Intra-Golgi Traffic,0.5616592930191783,0.7377213285334713,1/44,0.7101431227485063,SNAP29,0.002506265664160401,1,HFFC6
639,PI3K Cascade,0.5616592930191783,0.7377213285334713,1/44,0.7101431227485063,FGFR1,0.002506265664160401,1,HFFC6
640,Retinoid Metabolism and Transport,0.5616592930191783,0.7377213285334713,1/44,0.7101431227485063,HSPG2,0.002506265664160401,1,HFFC6
641,SUMOylation of Transcription Cofactors,0.5616592930191783,0.7377213285334713,1/44,0.7101431227485063,NRIP1,0.002506265664160401,1,HFFC6
642,Uptake and Actions of Bacterial Toxins,0.5616592930191783,0.7377213285334713,1/44,0.7101431227485063,MAP2K3,0.002506265664160401,1,HFFC6
643,Signaling by Nuclear Receptors,0.5638412737506049,0.7377213285334713,5/270,0.5719781969488688,NRIP1;GNB3;GNG12;GNG11;EGFR,0.012531328320802004,5,HFFC6
644,Antiviral Mechanism by IFN-stimulated Genes,0.5639857730563579,0.7377213285334713,3/158,0.586602614756888,PPP2CB;TUBB6;NEDD4,0.007518796992481203,3,HFFC6
645,Autophagy,0.5639857730563579,0.7377213285334713,3/158,0.586602614756888,TUBB6;MAP1LC3B;NBR1,0.007518796992481203,3,HFFC6
646,Carboxyterminal Post-Translational Modifications of Tubulin,0.5698084183484591,0.7406202238512547,1/45,0.6766389924358914,TUBB6,0.002506265664160401,1,HFFC6
647,DAP12 Interactions,0.5698084183484591,0.7406202238512547,1/45,0.6766389924358914,SIGLEC15,0.002506265664160401,1,HFFC6
648,ERCC6 (CSB) and EHMT2 (G9a) Positively Regulate rRNA Expression,0.5698084183484591,0.7406202238512547,1/45,0.6766389924358914,CHD3,0.002506265664160401,1,HFFC6
649,TBC RABGAPs,0.5698084183484591,0.7406202238512547,1/45,0.6766389924358914,MAP1LC3B,0.002506265664160401,1,HFFC6
650,Epigenetic Regulation of Adipogenesis Genes by MLL3 and MLL4 Complexes,0.5723372854140466,0.7406202238512547,2/103,0.5847834597671959,SCD5;ANGPTL4,0.005012531328320802,2,HFFC6
651,Epigenetic Regulation of Gene Expression by MLL3 and MLL4 Complexes,0.5723372854140466,0.7406202238512547,2/103,0.5847834597671959,SCD5;ANGPTL4,0.005012531328320802,2,HFFC6
652,MLL4 and MLL3 Complexes Regulate Expression of PPARG Targets in Adipogenesis and Hepatic Steatosis,0.5723372854140466,0.7406202238512547,2/103,0.5847834597671959,SCD5;ANGPTL4,0.005012531328320802,2,HFFC6
653,Interleukin-10 Signaling,0.5778064447672938,0.7465541985143169,1/46,0.6451738104815858,IL1R1,0.002506265664160401,1,HFFC6
654,Cyclin D Associated Events in G1,0.5856561663823879,0.7509551754068555,1/47,0.6155901188966614,PPP2CB,0.002506265664160401,1,HFFC6
655,Degradation of GLI1 by the Proteasome,0.5856561663823879,0.7509551754068555,1/47,0.6155901188966614,PRKACB,0.002506265664160401,1,HFFC6
656,Degradation of GLI2 by the Proteasome,0.5856561663823879,0.7509551754068555,1/47,0.6155901188966614,PRKACB,0.002506265664160401,1,HFFC6
657,G1 Phase,0.5856561663823879,0.7509551754068555,1/47,0.6155901188966614,PPP2CB,0.002506265664160401,1,HFFC6
658,GLI3 Is Processed to GLI3R by the Proteasome,0.5856561663823879,0.7509551754068555,1/47,0.6155901188966614,PRKACB,0.002506265664160401,1,HFFC6
659,Protein Localization,0.589292212643525,0.7528370502565755,3/164,0.5212997650266229,APP;CAT;NUDT19,0.007518796992481203,3,HFFC6
660,Stimuli-sensing Channels,0.5931050288746512,0.7528370502565755,2/107,0.5264690124814075,BEST1;TRPM4,0.005012531328320802,2,HFFC6
661,Transport of Inorganic Cations Anions and Amino Acids Oligopeptides,0.5931050288746512,0.7528370502565755,2/107,0.5264690124814075,SLC20A2;SLC1A2,0.005012531328320802,2,HFFC6
662,IRS-mediated Signalling,0.5933603260010406,0.7528370502565755,1/48,0.5877453771213604,FGFR1,0.002506265664160401,1,HFFC6
663,Metabolism of Fat-Soluble Vitamins,0.5933603260010406,0.7528370502565755,1/48,0.5877453771213604,HSPG2,0.002506265664160401,1,HFFC6
664,RNA Polymerase I Transcription Initiation,0.5933603260010406,0.7528370502565755,1/48,0.5877453771213604,CHD3,0.002506265664160401,1,HFFC6
665,Recycling Pathway of L1,0.5933603260010406,0.7528370502565755,1/48,0.5877453771213604,TUBB6,0.002506265664160401,1,HFFC6
666,XBP1(S) Activates Chaperone Genes,0.6009216156310883,0.7578787540421934,1/49,0.561510286525073,WFS1,0.002506265664160401,1,HFFC6
667,Pyruvate Metabolism,0.6009216156310883,0.7578787540421934,1/49,0.561510286525073,PDP1,0.002506265664160401,1,HFFC6
668,Retrograde Transport at the Trans-Golgi-Network,0.6009216156310883,0.7578787540421934,1/49,0.561510286525073,NAA38,0.002506265664160401,1,HFFC6
669,Signaling by NOTCH3,0.6009216156310883,0.7578787540421934,1/49,0.561510286525073,EGFR,0.002506265664160401,1,HFFC6
670,PI3K AKT Signaling in Cancer,0.6081815448454542,0.7649547062653396,2/110,0.4871744934543409,EGFR;FGFR1,0.005012531328320802,2,HFFC6
671,Regulation of TNFR1 Signaling,0.6083426776453351,0.7649547062653396,1/50,0.5367673309131087,CLIP3,0.002506265664160401,1,HFFC6
672,Mitotic Prophase,0.6131119567298906,0.7698062458198478,2/111,0.4748432281449985,PPP2CB;PRKCA,0.005012531328320802,2,HFFC6
673,IRE1alpha Activates Chaperones,0.6156261057707677,0.7706726805574795,1/51,0.5134095029399722,WFS1,0.002506265664160401,1,HFFC6
674,Neurotransmitter Release Cycle,0.6156261057707677,0.7706726805574795,1/51,0.5134095029399722,SLC1A2,0.002506265664160401,1,HFFC6
675,Hedgehog Ligand Biogenesis,0.6227744458438431,0.7773181783427584,1/52,0.4913391897895464,SCUBE2,0.002506265664160401,1,HFFC6
676,IRS-related Events Triggered by IGF1R,0.6227744458438431,0.7773181783427584,1/52,0.4913391897895464,FGFR1,0.002506265664160401,1,HFFC6
677,IGF1R Signaling Cascade,0.6297901968040451,0.7826069357344384,1/53,0.4704671948750256,FGFR1,0.002506265664160401,1,HFFC6
678,Nuclear Envelope Breakdown,0.6297901968040451,0.7826069357344384,1/53,0.4704671948750256,PRKCA,0.002506265664160401,1,HFFC6
679,Synthesis of PIPs at the Plasma Membrane,0.6297901968040451,0.7826069357344384,1/53,0.4704671948750256,PIP5K1C,0.002506265664160401,1,HFFC6
680,Insulin Receptor Signalling Cascade,0.6366758112590747,0.7870028268812844,1/54,0.4507118778060449,FGFR1,0.002506265664160401,1,HFFC6
681,NR1H2 and NR1H3-mediated Signaling,0.6366758112590747,0.7870028268812844,1/54,0.4507118778060449,NRIP1,0.002506265664160401,1,HFFC6
682,Signaling by Type 1 Insulin-like Growth Factor 1 Receptor (IGF1R),0.6366758112590747,0.7870028268812844,1/54,0.4507118778060449,FGFR1,0.002506265664160401,1,HFFC6
683,EML4 and NUDC in Mitotic Spindle Formation,0.6370531758423651,0.7870028268812844,2/116,0.4183595029121438,PPP2CB;TUBB6,0.005012531328320802,2,HFFC6
684,PPARA Activates Gene Expression,0.6416998633187921,0.7891167980885829,2/117,0.408016275955932,SLC27A1;ANGPTL4,0.005012531328320802,2,HFFC6
685,Ion Transport by P-type ATPases,0.6434336969029985,0.7891167980885829,1/55,0.4319983945518982,ATP8B1,0.002506265664160401,1,HFFC6
686,Sensory Processing of Sound by Outer Hair Cells of the Cochlea,0.6434336969029985,0.7891167980885829,1/55,0.4319983945518982,KCNMA1,0.002506265664160401,1,HFFC6
687,Signaling by Non-Receptor Tyrosine Kinases,0.6434336969029985,0.7891167980885829,1/55,0.4319983945518982,EGFR,0.002506265664160401,1,HFFC6
688,Signaling by PTK6,0.6434336969029985,0.7891167980885829,1/55,0.4319983945518982,EGFR,0.002506265664160401,1,HFFC6
689,Antigen Processing Ubiquitination & Proteasome Degradation,0.6449567528264385,0.7898383422294791,5/296,0.3981515413609995,RNF144B;HERC3;SMURF2;NEDD4;LMO7,0.012531328320802004,5,HFFC6
690,HSP90 Chaperone Cycle for Steroid Hormone Receptors (SHR) in the Presence of Ligand,0.6500662167348695,0.7936081608774642,1/56,0.4142580275473455,TUBB6,0.002506265664160401,1,HFFC6
691,Regulation of PTEN Stability and Activity,0.6500662167348695,0.7936081608774642,1/56,0.4142580275473455,NEDD4,0.002506265664160401,1,HFFC6
692,Regulation of Lipid Metabolism by PPARalpha,0.6508526100450682,0.7936081608774642,2/119,0.3881990590525576,SLC27A1;ANGPTL4,0.005012531328320802,2,HFFC6
693,FCGR3A-mediated IL10 Synthesis,0.6598188196304535,0.799863091723106,2/121,0.3694774816552835,PRKACB;ADCY7,0.005012531328320802,2,HFFC6
694,Constitutive Signaling by NOTCH1 HD+PEST Domain Mutants,0.6629643940937479,0.799863091723106,1/58,0.3814489018391425,HDAC7,0.002506265664160401,1,HFFC6
695,Constitutive Signaling by NOTCH1 PEST Domain Mutants,0.6629643940937479,0.799863091723106,1/58,0.3814489018391425,HDAC7,0.002506265664160401,1,HFFC6
696,SUMOylation of Chromatin Organization Proteins,0.6629643940937479,0.799863091723106,1/58,0.3814489018391425,CHD3,0.002506265664160401,1,HFFC6
697,Signaling by NOTCH1 HD+PEST Domain Mutants in Cancer,0.6629643940937479,0.799863091723106,1/58,0.3814489018391425,HDAC7,0.002506265664160401,1,HFFC6
698,Signaling by NOTCH1 PEST Domain Mutants in Cancer,0.6629643940937479,0.799863091723106,1/58,0.3814489018391425,HDAC7,0.002506265664160401,1,HFFC6
699,Signaling by NOTCH1 in Cancer,0.6629643940937479,0.799863091723106,1/58,0.3814489018391425,HDAC7,0.002506265664160401,1,HFFC6
700,Binding and Uptake of Ligands by Scavenger Receptors,0.664232375465124,0.799863091723106,2/122,0.3605051964219446,COL4A2;SSC5D,0.005012531328320802,2,HFFC6
701,Ion Channel Transport,0.666582385336649,0.799863091723106,3/184,0.3552701281921385,ATP8B1;BEST1;TRPM4,0.007518796992481203,3,HFFC6
702,RAC1 GTPase Cycle,0.666582385336649,0.799863091723106,3/184,0.3552701281921385,DOCK5;ARHGAP5;FERMT2,0.007518796992481203,3,HFFC6
703,Rab Regulation of Trafficking,0.6685997998394978,0.799863091723106,2/123,0.3517806823008668,MAP1LC3B;RIN3,0.005012531328320802,2,HFFC6
704,Arachidonate Metabolism,0.669234563134007,0.799863091723106,1/59,0.3662683127212642,SLC27A1,0.002506265664160401,1,HFFC6
705,RHOQ GTPase Cycle,0.669234563134007,0.799863091723106,1/59,0.3662683127212642,ARHGAP5,0.002506265664160401,1,HFFC6
706,TNF Signaling,0.669234563134007,0.799863091723106,1/59,0.3662683127212642,CLIP3,0.002506265664160401,1,HFFC6
707,Asparagine N-linked Glycosylation,0.6735197693050592,0.8015494241751359,5/306,0.3467112684586446,TUBB6;LMAN2L;PMM1;CTSZ;PGM3,0.012531328320802004,5,HFFC6
708,Transport to the Golgi and Subsequent Modification,0.6736987190317251,0.8015494241751359,3/186,0.3421521208698247,TUBB6;LMAN2L;CTSZ,0.007518796992481203,3,HFFC6
709,DNA Damage Telomere Stress Induced Senescence,0.67538839054757,0.8015494241751359,1/60,0.3518362912846705,HMGA2,0.002506265664160401,1,HFFC6
710,HDACs Deacetylate Histones,0.67538839054757,0.8015494241751359,1/60,0.3518362912846705,CHD3,0.002506265664160401,1,HFFC6
711,Recruitment and ATM-med Phosphorylation of Repair and Signaling Proteins at DNA Double Strand Breaks,0.67538839054757,0.8015494241751359,1/60,0.3518362912846705,APBB1,0.002506265664160401,1,HFFC6
712,Resolution of Sister Chromatid Cohesion,0.6814272057242069,0.8041992806451626,2/126,0.3270151180951864,PPP2CB;TUBB6,0.005012531328320802,2,HFFC6
713,DNA Double Strand Break Response,0.6814280295170845,0.8041992806451626,1/61,0.3381070463369097,APBB1,0.002506265664160401,1,HFFC6
714,Nuclear Events (Kinase and Transcription Factor Activation),0.6814280295170845,0.8041992806451626,1/61,0.3381070463369097,PPP2CB,0.002506265664160401,1,HFFC6
715,"Nucleotide-binding Domain, Leucine Rich Repeat Containing Receptor (NLR) Signaling Pathways",0.6814280295170845,0.8041992806451626,1/61,0.3381070463369097,APP,0.002506265664160401,1,HFFC6
716,Metabolism of Water-Soluble Vitamins and Cofactors,0.6856120686522378,0.8080086443670027,2/127,0.3192045222708078,CUBN;BTD,0.005012531328320802,2,HFFC6
717,Kinesins,0.6873555931173745,0.8089352035991385,1/62,0.3250381939679063,TUBB6,0.002506265664160401,1,HFFC6
718,Glycerophospholipid Biosynthesis,0.689751823860918,0.8106262742176297,2/128,0.3116045508025977,PLA2G15;AGPAT3,0.005012531328320802,2,HFFC6
719,Signaling by FGFR in Disease,0.6931731556781341,0.8117021703792203,1/63,0.3125904565646759,FGFR1,0.002506265664160401,1,HFFC6
720,Translation of Structural Proteins 9694635,0.6931731556781341,0.8117021703792203,1/63,0.3125904565646759,ZDHHC2,0.002506265664160401,1,HFFC6
721,Class I MHC Mediated Antigen Processing & Presentation,0.693549073389109,0.8117021703792203,6/373,0.3157152850934315,MRC2;RNF144B;HERC3;SMURF2;NEDD4;LMO7,0.015037593984962405,6,HFFC6
722,C-type Lectin Receptors (CLRs),0.7019027619800032,0.8199600471346101,2/131,0.2900034791221188,PPP3CA;PRKACB,0.005012531328320802,2,HFFC6
723,O-linked Glycosylation of Mucins,0.7044863836919846,0.8199600471346101,1/65,0.2894151595935475,B3GNT9,0.002506265664160401,1,HFFC6
724,RUNX1 Regulates Genes Involved in Megakaryocyte Differentiation and Platelet Function,0.7044863836919846,0.8199600471346101,1/65,0.2894151595935475,MYL9,0.002506265664160401,1,HFFC6
725,The Role of GTSE1 in G2 M Progression After G2 Checkpoint,0.7044863836919846,0.8199600471346101,1/65,0.2894151595935475,TUBB6,0.002506265664160401,1,HFFC6
726,Respiratory Syncytial Virus Infection Pathway,0.7097822177821242,0.8240909031553655,2/133,0.2765409996241323,HSPG2;EGFR,0.005012531328320802,2,HFFC6
727,Regulation of Endogenous Retroelements by Piwi-interacting RNAs (piRNAs),0.7099860088723148,0.8240909031553655,1/66,0.2786222840986024,CHD3,0.002506265664160401,1,HFFC6
728,Metabolism of Vitamins and Cofactors,0.7140512972938795,0.8265388304292166,3/198,0.2736363050601304,CUBN;BTD;HSPG2,0.007518796992481203,3,HFFC6
729,Peptide Ligand-Binding Receptors,0.7140512972938795,0.8265388304292166,3/198,0.2736363050601304,APP;BDKRB2;NTSR1,0.007518796992481203,3,HFFC6
730,FOXO-mediated Transcription,0.7153835540188102,0.8269481575183237,1/67,0.2683194755926782,CAT,0.002506265664160401,1,HFFC6
731,Epigenetic Regulation by WDR5-containing Histone Modifying Complexes,0.7174871265833598,0.8271168103177886,2/135,0.2637764057785708,SCD5;ANGPTL4,0.005012531328320802,2,HFFC6
732,Golgi-to-ER Retrograde Transport,0.7174871265833598,0.8271168103177886,2/135,0.2637764057785708,TUBB6;AGPAT3,0.005012531328320802,2,HFFC6
733,Adaptive Immune System,0.7198507646855005,0.8285379154890986,14/854,0.2883360288463432,PIANP;SMURF2;LMO7;MRC2;RNF144B;PPP3CA;PPP2CB;HERC3;TUBB6;NEDD4;PRKACB;XDH;PAG1;PRKG1,0.03508771929824561,14,HFFC6
734,Downstream Signaling Events of B Cell Receptor (BCR),0.7206809087390385,0.8285379154890986,1/68,0.2584794428472361,PPP3CA,0.002506265664160401,1,HFFC6
735,Sensory Processing of Sound by Inner Hair Cells of the Cochlea,0.7258799279319835,0.833381167258867,1/69,0.2490767330941099,KCNMA1,0.002506265664160401,1,HFFC6
736,RHO GTPases Activate Formins,0.7323819683732461,0.8397052418933418,2/139,0.240177380576141,PPP2CB;TUBB6,0.005012531328320802,2,HFFC6
737,Diseases Associated With O-glycosylation of Proteins,0.7359902083178749,0.841558492596217,1/71,0.2314898000932876,THSD4,0.002506265664160401,1,HFFC6
738,Translocation of SLC2A4 (GLUT4) to the Plasma Membrane,0.7359902083178749,0.841558492596217,1/71,0.2314898000932876,TUBB6,0.002506265664160401,1,HFFC6
739,Signaling by NOTCH,0.7475639689512862,0.8536372348159957,3/209,0.2236243514334206,TLE1;EGFR;HDAC7,0.007518796992481203,3,HFFC6
740,Signaling by ROBO Receptors,0.7504494137885054,0.8557756473026815,3/210,0.2195859592453003,PRKCA;PRKACB;ROBO1,0.007518796992481203,3,HFFC6
741,Phospholipid Metabolism,0.7533084317323719,0.8564654923913766,3/211,0.2156246549246657,PLA2G15;PIP5K1C;AGPAT3,0.007518796992481203,3,HFFC6
742,Nuclear Envelope (NE) Reassembly,0.7551086293864799,0.8564654923913766,1/75,0.2006163448966471,TUBB6,0.002506265664160401,1,HFFC6
743,Positive Epigenetic Regulation of rRNA Expression,0.7551086293864799,0.8564654923913766,1/75,0.2006163448966471,CHD3,0.002506265664160401,1,HFFC6
744,Signaling by FGFR2,0.7551086293864799,0.8564654923913766,1/75,0.2006163448966471,PPP2CB,0.002506265664160401,1,HFFC6
745,ISG15 Antiviral Mechanism,0.7596684358368121,0.8581815886124414,1/76,0.1936890356453009,NEDD4,0.002506265664160401,1,HFFC6
746,Regulation of Endogenous Retroelements by KRAB-ZFP Proteins,0.7596684358368121,0.8581815886124414,1/76,0.1936890356453009,CHD3,0.002506265664160401,1,HFFC6
747,Regulation of mRNA Stability by Proteins That Bind AU-rich Elements,0.7596684358368121,0.8581815886124414,1/76,0.1936890356453009,PRKCA,0.002506265664160401,1,HFFC6
748,Sensory Processing of Sound,0.7641435638856126,0.8620845280151437,1/77,0.187046554508583,KCNMA1,0.002506265664160401,1,HFFC6
749,Costimulation by the CD28 Family,0.7685355819823825,0.8647304484355701,1/78,0.1806747658706974,PPP2CB,0.002506265664160401,1,HFFC6
750,Diseases of Programmed Cell Death,0.7685355819823825,0.8647304484355701,1/78,0.1806747658706974,APP,0.002506265664160401,1,HFFC6
751,RNA Polymerase I Promoter Clearance,0.7728460294438043,0.868424062340445,1/79,0.1745603758910978,CHD3,0.002506265664160401,1,HFFC6
752,Late SARS-CoV-2 Infection Events,0.7770764172226651,0.8708615020598832,1/80,0.1686908732383345,ZDHHC2,0.002506265664160401,1,HFFC6
753,MAPK6 MAPK4 Signaling,0.7770764172226651,0.8708615020598832,1/80,0.1686908732383345,PRKACB,0.002506265664160401,1,HFFC6
754,RNA Polymerase I Transcription,0.7812282283279149,0.8731982181707515,1/81,0.1630544749165215,CHD3,0.002506265664160401,1,HFFC6
755,Senescence-Associated Secretory Phenotype (SASP),0.7812282283279149,0.8731982181707515,1/81,0.1630544749165215,IGFBP7,0.002506265664160401,1,HFFC6
756,Signaling by Insulin Receptor,0.7853029184560181,0.8744367073259238,1/82,0.1576400762424147,FGFR1,0.002506265664160401,1,HFFC6
757,CDC42 GTPase Cycle,0.7854407820832855,0.8744367073259238,2/155,0.1666278019500607,STARD13;ARHGAP5,0.005012531328320802,2,HFFC6
758,Metabolism of Steroids,0.7854407820832855,0.8744367073259238,2/155,0.1666278019500607,CUBN;HSD3B7,0.005012531328320802,2,HFFC6
759,Death Receptor Signaling,0.7913806979266136,0.8798903812473533,2/157,0.159330408340058,CLIP3;RTN4,0.005012531328320802,2,HFFC6
760,PI Metabolism,0.7932266242534945,0.8807838337637357,1/84,0.1474359790771642,PIP5K1C,0.002506265664160401,1,HFFC6
761,Regulation of TP53 Activity,0.8000189931640777,0.8871601695848369,2/160,0.1490297356267083,PPP2CB;CHD3,0.005012531328320802,2,HFFC6
762,CLEC7A (Dectin-1) Signaling,0.804568646091644,0.8910360497345206,1/87,0.1335514011031658,PPP3CA,0.002506265664160401,1,HFFC6
763,Potential Therapeutics for SARS,0.8110435389597561,0.8969750713016134,2/164,0.1364061272856924,IL1R1;CHD3,0.005012531328320802,2,HFFC6
764,Neddylation,0.8120543544919931,0.8969750713016134,3/234,0.1425194404080235,DCUN1D3;LMO7;SOCS5,0.007518796992481203,3,HFFC6
765,RAB GEFs Exchange GTP for GDP on RABs,0.8152901091053696,0.8993735537781166,1/90,0.1211748605208267,RIN3,0.002506265664160401,1,HFFC6
766,Mitochondrial Translation Elongation,0.8187319355969837,0.8996469253308859,1/91,0.1173505038804207,MRPS24,0.002506265664160401,1,HFFC6
767,Mitochondrial Translation Initiation,0.8187319355969837,0.8996469253308859,1/91,0.1173505038804207,MRPS24,0.002506265664160401,1,HFFC6
768,Mitochondrial Translation Termination,0.8187319355969837,0.8996469253308859,1/91,0.1173505038804207,MRPS24,0.002506265664160401,1,HFFC6
769,Generic Transcription Pathway,0.8261525668634752,0.9046940595759156,19/1230,0.1567789094934079,RET;TCF7L1;TGFB1;SMURF2;PCGF5;CHD3;SMAD6;EGFR;HDAC7;SKI;PPP2CB;CAT;ITGBL1;MYL9;ZNF521;TEAD2;ZNF486;TEAD3;ZNF442,0.047619047619047616,19,HFFC6
770,Amplification of Signal From Unattached Kinetochores via a MAD2 Inhibitory Signal,0.828678345694389,0.9046940595759156,1/94,0.1066918823807237,PPP2CB,0.002506265664160401,1,HFFC6
771,Amplification of Signal From the Kinetochores,0.828678345694389,0.9046940595759156,1/94,0.1066918823807237,PPP2CB,0.002506265664160401,1,HFFC6
772,MITF-M-dependent Gene Expression,0.828678345694389,0.9046940595759156,1/94,0.1066918823807237,TCF7L1,0.002506265664160401,1,HFFC6
773,Recruitment of NuMA to Mitotic Centrosomes,0.828678345694389,0.9046940595759156,1/94,0.1066918823807237,TUBB6,0.002506265664160401,1,HFFC6
774,Antigen processing-Cross Presentation,0.835004979057798,0.909644344252198,1/96,0.1002083592207675,MRC2,0.002506265664160401,1,HFFC6
775,SARS-CoV-2 Infection,0.8353656936564564,0.909644344252198,4/313,0.1225855259217905,MAP1LC3B;ZDHHC2;HSPG2;IL17RC,0.010025062656641603,4,HFFC6
776,Mitochondrial Protein Degradation,0.8380803674309791,0.9102543836493282,1/97,0.09713778455666,APP,0.002506265664160401,1,HFFC6
777,Mitochondrial Translation,0.8380803674309791,0.9102543836493282,1/97,0.09713778455666,MRPS24,0.002506265664160401,1,HFFC6
778,P75 NTR Receptor-Mediated Signalling,0.8410985836792526,0.9120604618925956,1/98,0.0941750448898248,RTN4,0.002506265664160401,1,HFFC6
779,Separation of Sister Chromatids,0.843221573724224,0.9120604618925956,2/177,0.1027457495313085,PPP2CB;TUBB6,0.005012531328320802,2,HFFC6
780,SLC-mediated Transmembrane Transport,0.843644963255942,0.9120604618925956,3/249,0.1092114969239412,SLC27A1;SLC20A2;SLC1A2,0.007518796992481203,3,HFFC6
781,SLC Transporter Disorders,0.8440606878106623,0.9120604618925956,1/99,0.091315710314285,SLC20A2,0.002506265664160401,1,HFFC6
782,COPI-dependent Golgi-to-ER Retrograde Traffic,0.8498207021320794,0.9159419557418458,1/101,0.0858905954039436,TUBB6,0.002506265664160401,1,HFFC6
783,COPI-mediated Anterograde Transport,0.8498207021320794,0.9159419557418458,1/101,0.0858905954039436,TUBB6,0.002506265664160401,1,HFFC6
784,Gene Expression (Transcription),0.8540157983930908,0.9192908912639004,25/1615,0.1293604794785472,RET;NFIX;CHD3;EGFR;HDAC7;PPP2CB;MYBL1;ZNF521;TEAD2;ZNF486;TEAD3;ZNF442;TCF7L1;TGFB1;SMURF2;PCGF5;SCD5;SMAD6;SKI;NFIA;NFIC;CAT;ITGBL1;ANGPTL4;MYL9,0.06265664160401002,25,HFFC6
785,G2 M Transition,0.8584153651364363,0.9228511240970594,2/184,0.0884159387329599,PPP2CB;TUBB6,0.005012531328320802,2,HFFC6
786,Mitotic G2-G2 M Phases,0.8625030042948523,0.9260673934296698,2/186,0.0847248497068498,PPP2CB;TUBB6,0.005012531328320802,2,HFFC6
787,Cellular Responses to Stress,0.8681196087940191,0.9302640325127964,11/787,0.1049874772150432,MAP2K3;KDM6B;RAI1;MAP1LC3B;TUBB6;WFS1;CREB3L1;NRIP1;CAT;HMGA2;IGFBP7,0.02756892230576441,11,HFFC6
788,Drug ADME,0.8708152067664164,0.9302640325127964,1/109,0.0675738695603863,XDH,0.002506265664160401,1,HFFC6
789,Maternal to Zygotic Transition (MZT),0.8708152067664164,0.9302640325127964,1/109,0.0675738695603863,KDM6B,0.002506265664160401,1,HFFC6
790,RSV-host Interactions,0.8708152067664164,0.9302640325127964,1/109,0.0675738695603863,HSPG2,0.002506265664160401,1,HFFC6
791,FCERI Mediated Ca+2 Mobilization,0.8732246831418529,0.931660173301598,1/110,0.0656131366013787,PPP3CA,0.002506265664160401,1,HFFC6
792,Mitotic Spindle Checkpoint,0.875589337587252,0.931829962545627,1/111,0.0637163899711821,PPP2CB,0.002506265664160401,1,HFFC6
793,Regulation of Endogenous Retroelements,0.875589337587252,0.931829962545627,1/111,0.0637163899711821,CHD3,0.002506265664160401,1,HFFC6
794,Deubiquitination,0.8769853394472666,0.9321416501043276,3/268,0.0781936687946209,TGFB1;SMURF2;TGFBR2,0.007518796992481203,3,HFFC6
795,TCR Signaling,0.8801874914715057,0.9343698873032944,1/113,0.060105359365733,PAG1,0.002506265664160401,1,HFFC6
796,Signaling by NTRK1 (TRKA),0.8846161379753775,0.9378928940893276,1/115,0.05672279981484,PPP2CB,0.002506265664160401,1,HFFC6
797,Cilium Assembly,0.8882204395101472,0.940534174669266,2/200,0.0630494616269347,TUBB6;KIF17,0.005012531328320802,2,HFFC6
798,Cellular Response to Chemical Stress,0.8915083283940002,0.9410038543269268,2/202,0.0604671021433109,MAP1LC3B;CAT,0.005012531328320802,2,HFFC6
799,Transcriptional Regulation by RUNX1,0.8915083283940002,0.9410038543269268,2/202,0.0604671021433109,PCGF5;MYL9,0.005012531328320802,2,HFFC6
800,KEAP1-NFE2L2 Pathway,0.8929896104762624,0.9410038543269268,1/119,0.0505785952573787,MAP1LC3B,0.002506265664160401,1,HFFC6
801,Mitotic Prometaphase,0.8931184510889886,0.9410038543269268,2/203,0.0592178573292623,PPP2CB;TUBB6,0.005012531328320802,2,HFFC6
802,HCMV Early Events,0.8962723952593139,0.9415149805429014,2/205,0.0567999983038685,TUBB6;EGFR,0.005012531328320802,2,HFFC6
803,Estrogen-dependent Gene Expression,0.8969462240674977,0.9415149805429014,1/121,0.0477879851663591,NRIP1,0.002506265664160401,1,HFFC6
804,G1 S Transition,0.8969462240674977,0.9415149805429014,1/121,0.0477879851663591,PPP2CB,0.002506265664160401,1,HFFC6
805,SARS-CoV Infections,0.9030264140268612,0.9467212405120318,6/498,0.0652201968933266,MAP1LC3B;IL1R1;CHD3;IL17RC;HSPG2;ZDHHC2,0.015037593984962405,6,HFFC6
806,MHC Class II Antigen Presentation,0.9062110638389178,0.9488827124459548,1/126,0.0415310955412766,TUBB6,0.002506265664160401,1,HFFC6
807,Reproduction,0.9079618429264282,0.9492530140800522,1/127,0.0403919280564042,BMP4,0.002506265664160401,1,HFFC6
808,Epigenetic Regulation of Gene Expression,0.908811465551198,0.9492530140800522,3/291,0.0523477210930153,SCD5;ANGPTL4;CHD3,0.007518796992481203,3,HFFC6
809,SARS-CoV-2-host Interactions,0.9147526545290988,0.9542790037988746,2/218,0.0434038151143912,MAP1LC3B;IL17RC,0.005012531328320802,2,HFFC6
810,Mitotic Anaphase,0.9185556886263933,0.9548163487641954,2/221,0.0408096126434477,PPP2CB;TUBB6,0.005012531328320802,2,HFFC6
811,Gene Silencing by RNA,0.9193377157147126,0.9548163487641954,1/134,0.0333193978815994,MYBL1,0.002506265664160401,1,HFFC6
812,Signaling by NTRKs,0.9193377157147126,0.9548163487641954,1/134,0.0333193978815994,PPP2CB,0.002506265664160401,1,HFFC6
813,Mitotic Metaphase and Anaphase,0.919787583306574,0.9548163487641954,2/222,0.0399811644465223,PPP2CB;TUBB6,0.005012531328320802,2,HFFC6
814,MITF-M-regulated Melanocyte Development,0.9223223411263364,0.9562728567506188,1/136,0.0315574514367772,TCF7L1,0.002506265664160401,1,HFFC6
815,RNA Polymerase II Transcription,0.9242047602838264,0.9569049058809632,19/1360,0.0580221454644163,RET;TCF7L1;TGFB1;SMURF2;PCGF5;CHD3;SMAD6;EGFR;HDAC7;SKI;PPP2CB;CAT;ITGBL1;MYL9;ZNF521;TEAD2;ZNF486;TEAD3;ZNF442,0.047619047619047616,19,HFFC6
816,SARS-CoV-2 Activates Modulates Innate and Adaptive Immune Responses,0.9251968143251444,0.9569049058809632,1/138,0.0298970102765415,IL17RC,0.002506265664160401,1,HFFC6
817,Mitotic G1 Phase and G1 S Transition,0.926594016835562,0.9571784159242664,1/139,0.0291028050001587,PPP2CB,0.002506265664160401,1,HFFC6
818,Bacterial Infection Pathways,0.9319273257145052,0.9615123201816326,1/143,0.026148499295198,MAP2K3,0.002506265664160401,1,HFFC6
819,Chromatin Modifying Enzymes,0.9372627891985577,0.9646614578231196,2/238,0.028857265911566,KDM6B;CHD3,0.005012531328320802,2,HFFC6
820,Chromatin Organization,0.9372627891985577,0.9646614578231196,2/238,0.028857265911566,KDM6B;CHD3,0.005012531328320802,2,HFFC6
821,Disease,0.941466935807465,0.9677522944181376,31/2131,0.0459043155838132,APP;SLC20A2;ITGB3;CHD3;ADCY7;ZDHHC2;EGFR;THSD4;HDAC7;PPP2CB;MAP1LC3B;TUBB6;PRKACB;MAP2K3;CUBN;TGFB1;IL1R1;LMO7;GNG12;IL17RC;HSPG2;GNG11;TGFBR2;APBB1IP;EXT2;TPST1;BTD;GNB3;CSPG4;VCL;FGFR1,0.07769423558897243,31,HFFC6
822,DNA Double-Strand Break Repair,0.9425563766936416,0.9677522944181376,1/152,0.0206248366548202,APBB1,0.002506265664160401,1,HFFC6
823,SARS-CoV-1 Infection,0.9477283983259602,0.9718816706133936,1/157,0.0181124936305632,MAP1LC3B,0.002506265664160401,1,HFFC6
824,Signaling by the B Cell Receptor (BCR),0.9524358709344516,0.9743834613820284,1/162,0.0159262101107467,PPP3CA,0.002506265664160401,1,HFFC6
825,Disorders of Transmembrane Transporters,0.9541982384046712,0.9743834613820284,1/164,0.0151324933626361,SLC20A2,0.002506265664160401,1,HFFC6
826,Regulation of Expression of SLITs and ROBOs,0.9541982384046712,0.9743834613820284,1/164,0.0151324933626361,ROBO1,0.002506265664160401,1,HFFC6
827,HCMV Infection,0.9547804805021533,0.9743834613820284,2/259,0.018905161732649,TUBB6;EGFR,0.005012531328320802,2,HFFC6
828,Influenza Infection,0.958324423907562,0.9768204320891314,1/169,0.0133274385765193,TGFB1,0.002506265664160401,1,HFFC6
829,M Phase,0.9702127003585655,0.9877466648228772,3/372,0.0128672121548718,PPP2CB;TUBB6;PRKCA,0.007518796992481203,3,HFFC6
830,Ub-specific Processing Proteases,0.9719735507144428,0.9883134100551018,1/190,0.0079023992222257,SMURF2,0.002506265664160401,1,HFFC6
831,Infectious Disease,0.9748900755062284,0.9883134100551018,16/1311,0.0162268778794159,MAP2K3;APP;TGFB1;IL1R1;CHD3;GNG12;ADCY7;IL17RC;HSPG2;GNG11;ZDHHC2;EGFR;MAP1LC3B;TUBB6;GNB3;PRKACB,0.040100250626566414,16,HFFC6
832,Organelle Biogenesis and Maintenance,0.9752994404861812,0.9883134100551018,2/297,0.0088844349479311,TUBB6;KIF17,0.005012531328320802,2,HFFC6
833,Fc Epsilon Receptor (FCERI) Signaling,0.9754477916993548,0.9883134100551018,1/197,0.0066613065194964,PPP3CA,0.002506265664160401,1,HFFC6
834,Sensory Perception,0.9802883951465752,0.9920283759267736,6/640,0.0098049708679555,KCNMA1;GNB3;PRKCA;HSPG2;SCN1B;TRPM4,0.015037593984962405,6,HFFC6
835,Immunoregulatory Interactions Between a Lymphoid and a non-Lymphoid Cell,0.9849882544863784,0.9955921950251072,1/223,0.0035736764887833,PIANP,0.002506265664160401,1,HFFC6
836,Transcriptional Regulation by TP53,0.9914740688658644,0.9995915528117908,2/362,0.0024840487754044,PPP2CB;CHD3,0.005012531328320802,2,HFFC6
837,Aerobic Respiration and Respiratory Electron Transport,0.992553964014308,0.9995915528117908,1/260,0.0015106894227339,PDP1,0.002506265664160401,1,HFFC6
838,Cell Cycle Checkpoints,0.9926938572769683,0.9995915528117908,1/261,0.0014764258436892,PPP2CB,0.002506265664160401,1,HFFC6
839,"Cell Cycle, Mitotic",0.9965820871160568,0.9995915528117908,3/516,0.0010400574553754,PPP2CB;TUBB6;PRKCA,0.007518796992481203,3,HFFC6
840,Translation,0.9966451004344932,0.9995915528117908,1/302,0.0005832137416508554,MRPS24,0.002506265664160401,1,HFFC6
841,Viral Infection Pathways,0.997132116434976,0.9995915528117908,9/1029,0.0013026922116016,MAP1LC3B;TUBB6;TGFB1;IL1R1;CHD3;IL17RC;HSPG2;ZDHHC2;EGFR,0.022556390977443608,9,HFFC6
842,DNA Repair,0.9972256556453724,0.9995915528117908,1/312,0.000466405381325374,APBB1,0.002506265664160401,1,HFFC6
843,Cell Cycle,0.9995924494359266,0.9999884506171977,3/649,9.765079376857457e-05,PPP2CB;TUBB6;PRKCA,0.007518796992481203,3,HFFC6
844,Metabolism of RNA,0.9999884506171977,0.9999884506171977,2/761,1.5563061652945748e-06,PRKCA;CD44,0.005012531328320802,2,HFFC6
